"8/29/21 0:00","450.213333333333"
"8/29/21 0:05","456.373333333333"
"8/29/21 0:10","451.573333333333"
"8/29/21 0:15","450.32"
"8/29/21 0:20","451.573333333333"
"8/29/21 0:25","452.933333333333"
"8/29/21 0:30","456.48"
"8/29/21 0:35","450.32"
"8/29/21 0:40","449.173333333333"
"8/29/21 0:45","445.413333333333"
"8/29/21 0:50","461.386666666667"
"8/29/21 0:55","449.173333333333"
"8/29/21 1:00","451.68"
"8/29/21 1:05","455.226666666667"
"8/29/21 1:10","449.173333333333"
"8/29/21 1:15","449.173333333333"
"8/29/21 1:20","456.373333333333"
"8/29/21 1:25","447.92"
"8/29/21 1:30","458.986666666667"
"8/29/21 1:35","449.173333333333"
"8/29/21 1:40","452.826666666667"
"8/29/21 1:45","103866.533333333"
"8/29/21 1:50","31450.0266666667"
"8/29/21 1:55","43810.1333333333"
"8/29/21 2:00","30666.24"
"8/29/21 2:05","30241.4666666667"
"8/29/21 2:10","29765.9733333333"
"8/29/21 2:15","31105.8933333333"
"8/29/21 2:20","32465.1466666667"
"8/29/21 2:25","30780.96"
"8/29/21 2:30","30179.84"
"8/29/21 2:35","31978.4533333333"
"8/29/21 2:40","30982.7733333333"
"8/29/21 2:45","458.773333333333"
"8/29/21 2:50","451.68"
"8/29/21 2:55","451.573333333333"
"8/29/21 3:00","454.08"
"8/29/21 3:05","451.573333333333"
"8/29/21 3:10","452.826666666667"
"8/29/21 3:15","456.586666666667"
"8/29/21 3:20","451.573333333333"
"8/29/21 3:25","452.826666666667"
"8/29/21 3:30","451.68"
"8/29/21 3:35","446.773333333333"
"8/29/21 3:40","450.32"
"8/29/21 3:45","456.373333333333"
"8/29/21 3:50","451.68"
"8/29/21 3:55","455.333333333333"
"8/29/21 4:00","451.573333333333"
"8/29/21 4:05","452.826666666667"
"8/29/21 4:10","456.373333333333"
"8/29/21 4:15","450.426666666667"
"8/29/21 4:20","456.48"
"8/29/21 4:25","457.626666666667"
"8/29/21 4:30","449.173333333333"
"8/29/21 4:35","456.586666666667"
"8/29/21 4:40","451.68"
"8/29/21 4:45","454.08"
"8/29/21 4:50","451.573333333333"
"8/29/21 4:55","452.826666666667"
"8/29/21 5:00","449.28"
"8/29/21 5:05","452.72"
"8/29/21 5:10","451.68"
"8/29/21 5:15","454.186666666667"
"8/29/21 5:20","450.426666666667"
"8/29/21 5:25","454.186666666667"
"8/29/21 5:30","450.32"
"8/29/21 5:35","456.48"
"8/29/21 5:40","452.72"
"8/29/21 5:45","451.68"
"8/29/21 5:50","453.866666666667"
"8/29/21 5:55","456.373333333333"
"8/29/21 6:00","452.826666666667"
"8/29/21 6:05","451.573333333333"
"8/29/21 6:10","454.08"
"8/29/21 6:15","451.68"
"8/29/21 6:20","452.826666666667"
"8/29/21 6:25","446.666666666667"
"8/29/21 6:30","454.186666666667"
"8/29/21 6:35","447.92"
"8/29/21 6:40","456.48"
"8/29/21 6:45","456.48"
"8/29/21 6:50","450.213333333333"
"8/29/21 6:55","449.173333333333"
"8/29/21 7:00","451.573333333333"
"8/29/21 7:05","444.373333333333"
"8/29/21 7:10","455.226666666667"
"8/29/21 7:15","449.066666666667"
"8/29/21 7:20","451.573333333333"
"8/29/21 7:25","458.88"
"8/29/21 7:30","456.373333333333"
"8/29/21 7:35","456.586666666667"
"8/29/21 7:40","445.413333333333"
"8/29/21 7:45","456.48"
"8/29/21 7:50","453.973333333333"
"8/29/21 7:55","456.48"
"8/29/21 8:00","450.32"
"8/29/21 8:05","453.973333333333"
"8/29/21 8:10","454.08"
"8/29/21 8:15","451.573333333333"
"8/29/21 8:20","454.08"
"8/29/21 8:25","451.68"
"8/29/21 8:30","454.08"
"8/29/21 8:35","452.826666666667"
"8/29/21 8:40","453.973333333333"
"8/29/21 8:45","449.173333333333"
"8/29/21 8:50","456.48"
"8/29/21 8:55","453.973333333333"
"8/29/21 9:00","105344.373333333"
"8/29/21 9:05","27464.1866666667"
"8/29/21 9:10","43274.24"
"8/29/21 9:15","36059.36"
"8/29/21 9:20","34365.36"
"8/29/21 9:25","34068.72"
"8/29/21 9:30","30622.3733333333"
"8/29/21 9:35","13994.9866666667"
"8/29/21 9:40","451.573333333333"
"8/29/21 9:45","449.173333333333"
"8/29/21 9:50","460.133333333333"
"8/29/21 9:55","453.973333333333"
"8/29/21 10:00","56939.8666666667"
"8/29/21 10:05","17447.36"
"8/29/21 10:10","27255.1733333333"
"8/29/21 10:15","78160.4533333333"
"8/29/21 10:20","32251.2266666667"
"8/29/21 10:25","34287.2"
"8/29/21 10:30","30788.2133333333"
"8/29/21 10:35","29102.72"
"8/29/21 10:40","31144.8"
"8/29/21 10:45","32804.72"
"8/29/21 10:50","33910.3466666667"
"8/29/21 10:55","30656.0266666667"
"8/29/21 11:00","30456.9066666667"
"8/29/21 11:05","30250.9066666667"
"8/29/21 11:10","13054.4533333333"
"8/29/21 11:15","455.226666666667"
"8/29/21 11:20","453.973333333333"
"8/29/21 11:25","458.88"
"8/29/21 11:30","449.28"
"8/29/21 11:35","452.72"
"8/29/21 11:40","454.186666666667"
"8/29/21 11:45","454.08"
"8/29/21 11:50","451.573333333333"
"8/29/21 11:55","455.12"
"8/29/21 12:00","456.48"
"8/29/21 12:05","455.226666666667"
"8/29/21 12:10","456.48"
"8/29/21 12:15","458.88"
"8/29/21 12:20","450.32"
"8/29/21 12:25","451.68"
"8/29/21 12:30","450.32"
"8/29/21 12:35","454.08"
"8/29/21 12:40","451.573333333333"
"8/29/21 12:45","452.72"
"8/29/21 12:50","456.48"
"8/29/21 12:55","451.573333333333"
"8/29/21 13:00","452.72"
"8/29/21 13:05","461.493333333333"
"8/29/21 13:10","456.586666666667"
"8/29/21 13:15","452.826666666667"
"8/29/21 13:20","117062.64"
"8/29/21 13:25","63406.7466666667"
"8/29/21 13:30","51900.2133333333"
"8/29/21 13:35","56501.4666666667"
"8/29/21 13:40","50901.2266666667"
"8/29/21 13:45","23663.6533333333"
"8/29/21 13:50","454.08"
"8/29/21 13:55","451.68"
"8/29/21 14:00","451.573333333333"
"8/29/21 14:05","455.226666666667"
"8/29/21 14:10","449.173333333333"
"8/29/21 14:11",
"8/29/21 14:12","445.2"
"8/29/21 14:13","464.0"
"8/29/21 14:14","457.2"
"8/29/21 14:15","445.733333333333"
"8/29/21 14:16","445.2"
"8/29/21 14:17","445.733333333333"
"8/29/21 14:18","452.0"
"8/29/21 14:19","457.733333333333"
"8/29/21 14:20","457.733333333333"
"8/29/21 14:21","457.733333333333"
"8/29/21 14:22","445.733333333333"
"8/29/21 14:23","451.466666666667"
"8/29/21 14:24","457.733333333333"
"8/29/21 14:25","470.266666666667"
"8/29/21 14:26","445.2"
"8/29/21 14:27","469.733333333333"
"8/29/21 14:28","433.2"
"8/29/21 14:29","464.0"
"8/29/21 14:30","457.733333333333"
"8/29/21 14:31","445.733333333333"
"8/29/21 14:32","445.2"
"8/29/21 14:33","457.733333333333"
"8/29/21 14:34","457.733333333333"
"8/29/21 14:35","457.733333333333"
"8/29/21 14:36","445.2"
"8/29/21 14:37","464.0"
"8/29/21 14:38","457.733333333333"
"8/29/21 14:39","445.2"
"8/29/21 14:40","469.733333333333"
"8/29/21 14:41","445.2"
"8/29/21 14:42","457.733333333333"
"8/29/21 14:43","469.733333333333"
"8/29/21 14:44","457.733333333333"
"8/29/21 14:45","439.466666666667"
"8/29/21 14:46","445.733333333333"
"8/29/21 14:47","445.2"
"8/29/21 14:48","457.733333333333"
"8/29/21 14:49","457.733333333333"
"8/29/21 14:50","469.733333333333"
"8/29/21 14:51","445.2"
"8/29/21 14:52","464.0"
"8/29/21 14:53","445.733333333333"
"8/29/21 14:54","457.733333333333"
"8/29/21 14:55","457.733333333333"
"8/29/21 14:56","445.733333333333"
"8/29/21 14:57","469.733333333333"
"8/29/21 14:58","451.466666666667"
"8/29/21 14:59","445.733333333333"
"8/29/21 15:00","445.733333333333"
"8/29/21 15:01","457.733333333333"
"8/29/21 15:02","457.733333333333"
"8/29/21 15:03","469.733333333333"
"8/29/21 15:04","445.733333333333"
"8/29/21 15:05","463.466666666667"
"8/29/21 15:06","457.733333333333"
"8/29/21 15:07","457.733333333333"
"8/29/21 15:08","433.2"
"8/29/21 15:09","464.0"
"8/29/21 15:10","469.733333333333"
"8/29/21 15:11","433.2"
"8/29/21 15:12","457.733333333333"
"8/29/21 15:13","445.2"
"8/29/21 15:14","445.733333333333"
"8/29/21 15:15","445.733333333333"
"8/29/21 15:16","476.0"
"8/29/21 15:17","457.733333333333"
"8/29/21 15:18","445.2"
"8/29/21 15:19","457.733333333333"
"8/29/21 15:20","457.733333333333"
"8/29/21 15:21","433.2"
"8/29/21 15:22","470.266666666667"
"8/29/21 15:23","464.0"
"8/29/21 15:24","457.733333333333"
"8/29/21 15:25","457.733333333333"
"8/29/21 15:26","445.2"
"8/29/21 15:27","457.733333333333"
"8/29/21 15:28","457.733333333333"
"8/29/21 15:29","451.466666666667"
"8/29/21 15:30","457.733333333333"
"8/29/21 15:31","433.2"
"8/29/21 15:32","452.0"
"8/29/21 15:33","457.733333333333"
"8/29/21 15:34","433.2"
"8/29/21 15:35","457.733333333333"
"8/29/21 15:36","457.733333333333"
"8/29/21 15:37","445.2"
"8/29/21 15:38","457.733333333333"
"8/29/21 15:39","433.2"
"8/29/21 15:40","464.0"
"8/29/21 15:41","457.733333333333"
"8/29/21 15:42","445.2"
"8/29/21 15:43","457.733333333333"
"8/29/21 15:44","445.2"
"8/29/21 15:45","457.733333333333"
"8/29/21 15:46","445.2"
"8/29/21 15:47","451.466666666667"
"8/29/21 15:48","469.733333333333"
"8/29/21 15:49","459.301587301587"
"8/29/21 15:50","443.368421052632"
"8/29/21 15:51","457.2"
"8/29/21 15:52","458.266666666667"
"8/29/21 15:53","469.733333333333"
"8/29/21 15:54","433.2"
"8/29/21 15:55","464.0"
"8/29/21 15:56","445.2"
"8/29/21 15:57","457.733333333333"
"8/29/21 15:58","457.733333333333"
"8/29/21 15:59","433.2"
"8/29/21 16:00","457.733333333333"
"8/29/21 16:01","445.2"
"8/29/21 16:02","457.733333333333"
"8/29/21 16:03","451.466666666667"
"8/29/21 16:04","445.733333333333"
"8/29/21 16:05","457.733333333333"
"8/29/21 16:06","457.733333333333"
"8/29/21 16:07","445.2"
"8/29/21 16:08","457.733333333333"
"8/29/21 16:09","452.0"
"8/29/21 16:10","457.733333333333"
"8/29/21 16:11","469.733333333333"
"8/29/21 16:12","433.2"
"8/29/21 16:13","457.733333333333"
"8/29/21 16:14","464.0"
"8/29/21 16:15","457.733333333333"
"8/29/21 16:16","433.2"
"8/29/21 16:17","445.2"
"8/29/21 16:18","457.733333333333"
"8/29/21 16:19","457.733333333333"
"8/29/21 16:20","469.733333333333"
"8/29/21 16:21","451.466666666667"
"8/29/21 16:22","457.733333333333"
"8/29/21 16:23","445.733333333333"
"8/29/21 16:24","445.2"
"8/29/21 16:25","457.733333333333"
"8/29/21 16:26","457.733333333333"
"8/29/21 16:27","445.733333333333"
"8/29/21 16:28","464.0"
"8/29/21 16:29","457.733333333333"
"8/29/21 16:30","445.2"
"8/29/21 16:31","445.733333333333"
"8/29/21 16:32","457.733333333333"
"8/29/21 16:33","457.733333333333"
"8/29/21 16:34","457.733333333333"
"8/29/21 16:35","433.2"
"8/29/21 16:36","445.733333333333"
"8/29/21 16:37","463.466666666667"
"8/29/21 16:38","445.733333333333"
"8/29/21 16:39","469.733333333333"
"8/29/21 16:40","457.733333333333"
"8/29/21 16:41","439.466666666667"
"8/29/21 16:42","445.733333333333"
"8/29/21 16:43","445.733333333333"
"8/29/21 16:44","445.2"
"8/29/21 16:45","457.733333333333"
"8/29/21 16:46","457.733333333333"
"8/29/21 16:47","445.733333333333"
"8/29/21 16:48","457.733333333333"
"8/29/21 16:49","445.2"
"8/29/21 16:50","452.0"
"8/29/21 16:51","433.2"
"8/29/21 16:52","457.733333333333"
"8/29/21 16:53","457.733333333333"
"8/29/21 16:54","457.733333333333"
"8/29/21 16:55","457.2"
"8/29/21 16:56","457.733333333333"
"8/29/21 16:57","464.0"
"8/29/21 16:58","457.733333333333"
"8/29/21 16:59","445.2"
"8/29/21 17:00","470.266666666667"
"8/29/21 17:01","445.733333333333"
"8/29/21 17:02","457.733333333333"
"8/29/21 17:03","464.0"
"8/29/21 17:04","445.2"
"8/29/21 17:05","470.266666666667"
"8/29/21 17:06","445.2"
"8/29/21 17:07","445.2"
"8/29/21 17:08","457.733333333333"
"8/29/21 17:09","457.733333333333"
"8/29/21 17:10","464.0"
"8/29/21 17:11","457.733333333333"
"8/29/21 17:12","457.733333333333"
"8/29/21 17:13","445.733333333333"
"8/29/21 17:14","457.733333333333"
"8/29/21 17:15","445.2"
"8/29/21 17:16","464.533333333333"
"8/29/21 17:17","457.2"
"8/29/21 17:18","445.733333333333"
"8/29/21 17:19","457.2"
"8/29/21 17:20","457.733333333333"
"8/29/21 17:21","445.733333333333"
"8/29/21 17:22","464.0"
"8/29/21 17:23","445.733333333333"
"8/29/21 17:24","457.2"
"8/29/21 17:25","458.266666666667"
"8/29/21 17:26","432.666666666667"
"8/29/21 17:27","476.0"
"8/29/21 17:28","457.733333333333"
"8/29/21 17:29","445.2"
"8/29/21 17:30","457.733333333333"
"8/29/21 17:31","445.733333333333"
"8/29/21 17:32","457.733333333333"
"8/29/21 17:33","445.2"
"8/29/21 17:34","457.733333333333"
"8/29/21 17:35","451.466666666667"
"8/29/21 17:36","457.733333333333"
"8/29/21 17:37","445.2"
"8/29/21 17:38","445.2"
"8/29/21 17:39","21798.1333333333"
"8/29/21 17:40","123651.466666667"
"8/29/21 17:41","267233.466666667"
"8/29/21 17:42","40263.3333333333"
"8/29/21 17:43","76193.7333333333"
"8/29/21 17:44","48751.6"
"8/29/21 17:45","31350.2666666667"
"8/29/21 17:46","37857.3333333333"
"8/29/21 17:47","32482.5333333333"
"8/29/21 17:48","31941.6"
"8/29/21 17:49","32826.2666666667"
"8/29/21 17:50","27249.3333333333"
"8/29/21 17:51","39233.2"
"8/29/21 17:52","39980.8"
"8/29/21 17:53","38762.8"
"8/29/21 17:54","38279.2"
"8/29/21 17:55","28799.6"
"8/29/21 17:56","36660.6666666667"
"8/29/21 17:57","33878.1333333333"
"8/29/21 17:58","32354.8"
"8/29/21 17:59","30534.0"
"8/29/21 18:00","28527.0666666667"
"8/29/21 18:01","42465.4666666667"
"8/29/21 18:02","39843.7333333333"
"8/29/21 18:03","29998.1333333333"
"8/29/21 18:04","35898.2666666667"
"8/29/21 18:05","57316.9333333333"
"8/29/21 18:06","89617.8666666667"
"8/29/21 18:07","109284.666666667"
"8/29/21 18:08","119992.133333333"
"8/29/21 18:09","792016.933333333"
"8/29/21 18:10","109482.533333333"
"8/29/21 18:11","109780.933333333"
"8/29/21 18:12","129261.6"
"8/29/21 18:13","115816.0"
"8/29/21 18:14","40425.0666666667"
"8/29/21 18:15","569.733333333333"
"8/29/21 18:16","57528.6666666667"
"8/29/21 18:17","483.466666666667"
"8/29/21 18:18","457.733333333333"
"8/29/21 18:19","457.733333333333"
"8/29/21 18:20","457.733333333333"
"8/29/21 18:21","445.733333333333"
"8/29/21 18:22","445.2"
"8/29/21 18:23","445.2"
"8/29/21 18:24","457.733333333333"
"8/29/21 18:25","457.733333333333"
"8/29/21 18:26","445.2"
"8/29/21 18:27","457.733333333333"
"8/29/21 18:28","464.0"
"8/29/21 18:29","445.2"
"8/29/21 18:30","445.733333333333"
"8/29/21 18:31","469.733333333333"
"8/29/21 18:32","457.733333333333"
"8/29/21 18:33","433.2"
"8/29/21 18:34","457.733333333333"
"8/29/21 18:35","464.0"
"8/29/21 18:36","445.2"
"8/29/21 18:37","457.733333333333"
"8/29/21 18:38","457.733333333333"
"8/29/21 18:39","457.2"
"8/29/21 18:40","457.733333333333"
"8/29/21 18:41","451.466666666667"
"8/29/21 18:42","457.733333333333"
"8/29/21 18:43","457.733333333333"
"8/29/21 18:44","457.733333333333"
"8/29/21 18:45","445.2"
"8/29/21 18:46","445.733333333333"
"8/29/21 18:47","457.733333333333"
"8/29/21 18:48","464.0"
"8/29/21 18:49","445.2"
"8/29/21 18:50","457.733333333333"
"8/29/21 18:51","457.733333333333"
"8/29/21 18:52","457.733333333333"
"8/29/21 18:53","445.2"
"8/29/21 18:54","476.0"
"8/29/21 18:55","433.2"
"8/29/21 18:56","445.733333333333"
"8/29/21 18:57","469.733333333333"
"8/29/21 18:58","445.733333333333"
"8/29/21 18:59","476.0"
"8/29/21 19:00","445.2"
"8/29/21 19:01","457.733333333333"
"8/29/21 19:02","445.733333333333"
"8/29/21 19:03","445.2"
"8/29/21 19:04","445.733333333333"
"8/29/21 19:05","457.2"
"8/29/21 19:06","445.733333333333"
"8/29/21 19:07","451.466666666667"
"8/29/21 19:08","457.733333333333"
"8/29/21 19:09","433.2"
"8/29/21 19:10","114389.066666667"
"8/29/21 19:11","2374.26666666667"
"8/29/21 19:12","569.733333333333"
"8/29/21 19:13","1315.73333333333"
"8/29/21 19:14","2163.2"
"8/29/21 19:15","279224.8"
"8/29/21 19:16","70306.9333333333"
"8/29/21 19:17","147878.0"
"8/29/21 19:18","32489.0666666667"
"8/29/21 19:19","31267.8666666667"
"8/29/21 19:20","59857.3333333333"
"8/29/21 19:21","122234.133333333"
"8/29/21 19:22","104467.6"
"8/29/21 19:23","152215.6"
"8/29/21 19:24","162713.733333333"
"8/29/21 19:25","133211.6"
"8/29/21 19:26","128467.466666667"
"8/29/21 19:27","120199.6"
"8/29/21 19:28","104427.466666667"
"8/29/21 19:29","107461.866666667"
"8/29/21 19:30","122950.8"
"8/29/21 19:31","101731.866666667"
"8/29/21 19:32","131216.0"
"8/29/21 19:33","134899.866666667"
"8/29/21 19:34","100436.8"
"8/29/21 19:35","110774.933333333"
"8/29/21 19:36","118582.133333333"
"8/29/21 19:37","139624.4"
"8/29/21 19:38","545713.466666667"
"8/29/21 19:39","124580.933333333"
"8/29/21 19:40","108490.933333333"
"8/29/21 19:41","157652.666666667"
"8/29/21 19:42","163092.8"
"8/29/21 19:43","171272.933333333"
"8/29/21 19:44","122322.133333333"
"8/29/21 19:45","127200.666666667"
"8/29/21 19:46","100980.666666667"
"8/29/21 19:47","159051.6"
"8/29/21 19:48","156257.6"
"8/29/21 19:49","109745.2"
"8/29/21 19:50","123810.0"
"8/29/21 19:51","123573.333333333"
"8/29/21 19:52","180730.266666667"
"8/29/21 19:53","171653.466666667"
"8/29/21 19:54","147024.266666667"
"8/29/21 19:55","133404.266666667"
"8/29/21 19:56","111410.0"
"8/29/21 19:57","117929.866666667"
"8/29/21 19:58","115359.6"
"8/29/21 19:59","128236.8"
"8/29/21 20:00","132300.533333333"
"8/29/21 20:01","124846.4"
"8/29/21 20:02","126617.866666667"
"8/29/21 20:03","121441.2"
"8/29/21 20:04","183530.0"
"8/29/21 20:05","127866.0"
"8/29/21 20:06","115386.0"
"8/29/21 20:07","104264.666666667"
"8/29/21 20:08","140224.533333333"
"8/29/21 20:09","120446.266666667"
"8/29/21 20:10","117862.133333333"
"8/29/21 20:11","133866.133333333"
"8/29/21 20:12","152571.333333333"
"8/29/21 20:13","118913.733333333"
"8/29/21 20:14","110506.933333333"
"8/29/21 20:15","120895.6"
"8/29/21 20:16","110087.866666667"
"8/29/21 20:17","132435.733333333"
"8/29/21 20:18","139716.4"
"8/29/21 20:19","129201.066666667"
"8/29/21 20:20","103302.0"
"8/29/21 20:21","114257.2"
"8/29/21 20:22","101983.066666667"
"8/29/21 20:23","98911.8666666667"
"8/29/21 20:24","119251.2"
"8/29/21 20:25","119278.8"
"8/29/21 20:26","110878.8"
"8/29/21 20:27","112859.066666667"
"8/29/21 20:28","100347.866666667"
"8/29/21 20:29","102612.533333333"
"8/29/21 20:30","116281.066666667"
"8/29/21 20:31","111315.466666667"
"8/29/21 20:32","104693.2"
"8/29/21 20:33","135255.6"
"8/29/21 20:34","104504.4"
"8/29/21 20:35","112661.6"
"8/29/21 20:36","162908.0"
"8/29/21 20:37","108757.6"
"8/29/21 20:38","158682.4"
"8/29/21 20:39","115879.466666667"
"8/29/21 20:40","108804.4"
"8/29/21 20:41","109863.333333333"
"8/29/21 20:42","146393.866666667"
"8/29/21 20:43","125019.333333333"
"8/29/21 20:44","118844.8"
"8/29/21 20:45","138142.133333333"
"8/29/21 20:46","109309.466666667"
"8/29/21 20:47","103169.333333333"
"8/29/21 20:48","115392.666666667"
"8/29/21 20:49","109834.266666667"
"8/29/21 20:50","120386.933333333"
"8/29/21 20:51","116311.2"
"8/29/21 20:52","97173.3333333333"
"8/29/21 20:53","105047.2"
"8/29/21 20:54","113866.533333333"
"8/29/21 20:55","112888.8"
"8/29/21 20:56","119293.733333333"
"8/29/21 20:57","120893.066666667"
"8/29/21 20:58","104871.866666667"
"8/29/21 20:59","86196.2666666667"
"8/29/21 21:00","35823.4666666667"
"8/29/21 21:01","71517.0666666667"
"8/29/21 21:02","68882.5333333333"
"8/29/21 21:03","123103.333333333"
"8/29/21 21:04","106608.533333333"
"8/29/21 21:05","114663.6"
"8/29/21 21:06","130711.866666667"
"8/29/21 21:07","116413.2"
"8/29/21 21:08","120603.733333333"
"8/29/21 21:09","124731.466666667"
"8/29/21 21:10","121171.6"
"8/29/21 21:11","147883.733333333"
"8/29/21 21:12","138506.533333333"
"8/29/21 21:13","137371.6"
"8/29/21 21:14","142022.0"
"8/29/21 21:15","149171.066666667"
"8/29/21 21:16","135490.8"
"8/29/21 21:17","132986.533333333"
"8/29/21 21:18","149285.2"
"8/29/21 21:19","27917.3333333333"
"8/29/21 21:20","94120.9333333333"
"8/29/21 21:21","99092.5333333333"
"8/29/21 21:22","109932.4"
"8/29/21 21:23","108239.733333333"
"8/29/21 21:24","130136.666666667"
"8/29/21 21:25","136142.133333333"
"8/29/21 21:26","125042.533333333"
"8/29/21 21:27","142467.6"
"8/29/21 21:28","132027.466666667"
"8/29/21 21:29","147803.333333333"
"8/29/21 21:30","158773.066666667"
"8/29/21 21:31","135681.6"
"8/29/21 21:32","59772.2666666667"
"8/29/21 21:33","53325.7333333333"
"8/29/21 21:34","62277.3333333333"
"8/29/21 21:35","592.133333333333"
"8/29/21 21:36","469.733333333333"
"8/29/21 21:37","457.733333333333"
"8/29/21 21:38","445.733333333333"
"8/29/21 21:39","445.2"
"8/29/21 21:40","252207.733333333"
"8/29/21 21:41","94658.0"
"8/29/21 21:42","557.2"
"8/29/21 21:43","461.733333333333"
"8/29/21 21:44","106283.733333333"
"8/29/21 21:45","256594.666666667"
"8/29/21 21:46","38459.7333333333"
"8/29/21 21:47","29504.9333333333"
"8/29/21 21:48","34839.3333333333"
"8/29/21 21:49","32878.9333333333"
"8/29/21 21:50","50926.8"
"8/29/21 21:51","131733.733333333"
"8/29/21 21:52","119810.133333333"
"8/29/21 21:53","119818.266666667"
"8/29/21 21:54","119337.733333333"
"8/29/21 21:55","107660.533333333"
"8/29/21 21:56","106293.2"
"8/29/21 21:57","124217.2"
"8/29/21 21:58","101177.6"
"8/29/21 21:59","107634.666666667"
"8/29/21 22:00","116187.733333333"
"8/29/21 22:01","119283.2"
"8/29/21 22:02","127324.133333333"
"8/29/21 22:03","129133.2"
"8/29/21 22:04","127681.866666667"
"8/29/21 22:05","114397.466666667"
"8/29/21 22:06","123257.333333333"
"8/29/21 22:07","110875.733333333"
"8/29/21 22:08","137986.266666667"
"8/29/21 22:09","128138.266666667"
"8/29/21 22:10","109703.733333333"
"8/29/21 22:11","113147.733333333"
"8/29/21 22:12","127530.666666667"
"8/29/21 22:13","123191.866666667"
"8/29/21 22:14","110053.2"
"8/29/21 22:15","124186.933333333"
"8/29/21 22:16","110876.533333333"
"8/29/21 22:17","109383.733333333"
"8/29/21 22:18","125868.133333333"
"8/29/21 22:19","114032.666666667"
"8/29/21 22:20","106373.333333333"
"8/29/21 22:21","121041.333333333"
"8/29/21 22:22","117794.8"
"8/29/21 22:23","114939.2"
"8/29/21 22:24","124040.533333333"
"8/29/21 22:25","149254.933333333"
"8/29/21 22:26","129306.933333333"
"8/29/21 22:27","129558.8"
"8/29/21 22:28","112814.8"
"8/29/21 22:29","109537.066666667"
"8/29/21 22:30","121140.533333333"
"8/29/21 22:31","126182.666666667"
"8/29/21 22:32","128986.4"
"8/29/21 22:33","123928.666666667"
"8/29/21 22:34","107739.333333333"
"8/29/21 22:35","115784.266666667"
"8/29/21 22:36","116462.266666667"
"8/29/21 22:37","104001.733333333"
"8/29/21 22:38","44828.1333333333"
"8/29/21 22:39","34358.8"
"8/29/21 22:40","68276.0"
"8/29/21 22:41","121198.133333333"
"8/29/21 22:42","123748.666666667"
"8/29/21 22:43","113381.866666667"
"8/29/21 22:44","106980.666666667"
"8/29/21 22:45","122244.4"
"8/29/21 22:46","109762.0"
"8/29/21 22:47","63381.7333333333"
"8/29/21 22:48","105712.533333333"
"8/29/21 22:49","120538.666666667"
"8/29/21 22:50","108238.533333333"
"8/29/21 22:51","9955.2"
"8/29/21 22:52","67038.0"
"8/29/21 22:53","67487.6"
"8/29/21 22:54","38540.0"
"8/29/21 22:55","84034.0"
"8/29/21 22:56","123331.066666667"
"8/29/21 22:57","136796.533333333"
"8/29/21 22:58","141226.666666667"
"8/29/21 22:59","134785.866666667"
"8/29/21 23:00","144524.666666667"
"8/29/21 23:01","134398.533333333"
"8/29/21 23:02","136597.2"
"8/29/21 23:03","143516.266666667"
"8/29/21 23:04","139148.8"
"8/29/21 23:05","133886.266666667"
"8/29/21 23:06","140115.466666667"
"8/29/21 23:07","130758.266666667"
"8/29/21 23:08","147800.8"
"8/29/21 23:09","143307.6"
"8/29/21 23:10","131019.2"
"8/29/21 23:11","130706.933333333"
"8/29/21 23:12","141052.533333333"
"8/29/21 23:13","133777.2"
"8/29/21 23:14","139202.666666667"
"8/29/21 23:15","150929.733333333"
"8/29/21 23:16","127468.933333333"
"8/29/21 23:17","136649.333333333"
"8/29/21 23:18","137522.266666667"
"8/29/21 23:19","133334.8"
"8/29/21 23:20","138590.4"
"8/29/21 23:21","147861.733333333"
"8/29/21 23:22","128386.0"
"8/29/21 23:23","139493.866666667"
"8/29/21 23:24","136977.466666667"
"8/29/21 23:25","136346.133333333"
"8/29/21 23:26","136829.066666667"
"8/29/21 23:27","142467.733333333"
"8/29/21 23:28","134440.933333333"
"8/29/21 23:29","146002.8"
"8/29/21 23:30","144457.6"
"8/29/21 23:31","132229.066666667"
"8/29/21 23:32","150746.8"
"8/29/21 23:33","144593.2"
"8/29/21 23:34","144726.133333333"
"8/29/21 23:35","139066.133333333"
"8/29/21 23:36","188920.133333333"
"8/29/21 23:37","130267.733333333"
"8/29/21 23:38","135329.333333333"
"8/29/21 23:39","136411.6"
"8/29/21 23:40","127877.466666667"
"8/29/21 23:41","132434.0"
"8/29/21 23:42","139968.266666667"
"8/29/21 23:43","125557.333333333"
"8/29/21 23:44","130514.533333333"
"8/29/21 23:45","145384.8"
"8/29/21 23:46","128348.666666667"
"8/29/21 23:47","128642.533333333"
"8/29/21 23:48","128868.0"
"8/29/21 23:49","128475.466666667"
"8/29/21 23:50","127626.933333333"
"8/29/21 23:51","138426.666666667"
"8/29/21 23:52","122245.6"
"8/29/21 23:53","126062.4"
"8/29/21 23:54","150638.8"
"8/29/21 23:55","134692.8"
"8/29/21 23:56","132174.533333333"
"8/29/21 23:57","150505.866666667"
"8/29/21 23:58","138532.933333333"
"8/29/21 23:59","143614.0"
"8/30/21 0:00","147824.666666667"
"8/30/21 0:01","135692.0"
"8/30/21 0:02","110712.133333333"
"8/30/21 0:03","120694.266666667"
"8/30/21 0:04","111946.133333333"
"8/30/21 0:05","125058.266666667"
"8/30/21 0:06","123150.133333333"
"8/30/21 0:07","122300.533333333"
"8/30/21 0:08","116853.333333333"
"8/30/21 0:09","121870.8"
"8/30/21 0:10","109929.066666667"
"8/30/21 0:11","117121.066666667"
"8/30/21 0:12","117133.733333333"
"8/30/21 0:13","100882.933333333"
"8/30/21 0:14","108626.533333333"
"8/30/21 0:15","117636.533333333"
"8/30/21 0:16","98597.6"
"8/30/21 0:17","106279.2"
"8/30/21 0:18","124353.2"
"8/30/21 0:19","101866.8"
"8/30/21 0:20","107318.0"
"8/30/21 0:21","115165.866666667"
"8/30/21 0:22","100287.066666667"
"8/30/21 0:23","108398.533333333"
"8/30/21 0:24","120100.666666667"
"8/30/21 0:25","111194.8"
"8/30/21 0:26","103411.6"
"8/30/21 0:27","122203.733333333"
"8/30/21 0:28","113644.4"
"8/30/21 0:29","101949.333333333"
"8/30/21 0:30","119209.333333333"
"8/30/21 0:31","100845.866666667"
"8/30/21 0:32","106021.466666667"
"8/30/21 0:33","149845.333333333"
"8/30/21 0:34","131548.8"
"8/30/21 0:35","133713.866666667"
"8/30/21 0:36","140574.0"
"8/30/21 0:37","126595.466666667"
"8/30/21 0:38","129293.333333333"
"8/30/21 0:39","148615.066666667"
"8/30/21 0:40","138934.4"
"8/30/21 0:41","135950.4"
"8/30/21 0:42","137626.0"
"8/30/21 0:43","125483.2"
"8/30/21 0:44","124274.266666667"
"8/30/21 0:45","150473.066666667"
"8/30/21 0:46","119318.0"
"8/30/21 0:47","100498.666666667"
"8/30/21 0:48","112807.733333333"
"8/30/21 0:49","103323.066666667"
"8/30/21 0:50","94763.7333333333"
"8/30/21 0:51","110672.933333333"
"8/30/21 0:52","104177.2"
"8/30/21 0:53","99949.4666666667"
"8/30/21 0:54","112658.4"
"8/30/21 0:55","116769.2"
"8/30/21 0:56","101319.866666667"
"8/30/21 0:57","63589.2"
"8/30/21 0:58","64696.9333333333"
"8/30/21 0:59","93201.4666666667"
"8/30/21 1:00","50535.0666666667"
"8/30/21 1:01","58625.3333333333"
"8/30/21 1:02","187644.266666667"
"8/30/21 1:03","37739.8666666667"
"8/30/21 1:04","31851.3333333333"
"8/30/21 1:05","60730.5333333333"
"8/30/21 1:06","65789.4666666667"
"8/30/21 1:07","134127.866666667"
"8/30/21 1:08","102895.066666667"
"8/30/21 1:09","24188.2666666667"
"8/30/21 1:10","22365.8666666667"
"8/30/21 1:11","13668.2666666667"
"8/30/21 1:12","19156.5333333333"
"8/30/21 1:13","13109.4666666667"
"8/30/21 1:14","10518.1333333333"
"8/30/21 1:15","4823.46666666667"
"8/30/21 1:16","135484.266666667"
"8/30/21 1:17","227825.733333333"
"8/30/21 1:18","59300.4"
"8/30/21 1:19","68555.2"
"8/30/21 1:20","93064.2666666667"
"8/30/21 1:21","64797.6"
"8/30/21 1:22","56083.6"
"8/30/21 1:23","54932.4"
"8/30/21 1:24","59833.8666666667"
"8/30/21 1:25","83642.9333333333"
"8/30/21 1:26","111355.866666667"
"8/30/21 1:27","111068.666666667"
"8/30/21 1:28","96336.4"
"8/30/21 1:29","98157.3333333333"
"8/30/21 1:30","111052.8"
"8/30/21 1:31","101290.0"
"8/30/21 1:32","95897.2"
"8/30/21 1:33","98748.1333333333"
"8/30/21 1:34","97102.5333333333"
"8/30/21 1:35","113599.066666667"
"8/30/21 1:36","102280.4"
"8/30/21 1:37","88077.4666666667"
"8/30/21 1:38","101773.866666667"
"8/30/21 1:39","102495.333333333"
"8/30/21 1:40","91441.2"
"8/30/21 1:41","91336.8"
"8/30/21 1:42","104164.133333333"
"8/30/21 1:43","101591.733333333"
"8/30/21 1:44","94950.6666666667"
"8/30/21 1:45","110046.4"
"8/30/21 1:46","97351.2"
"8/30/21 1:47","106284.266666667"
"8/30/21 1:48","130679.866666667"
"8/30/21 1:49","109910.266666667"
"8/30/21 1:50","128550.933333333"
"8/30/21 1:51","131923.333333333"
"8/30/21 1:52","118908.133333333"
"8/30/21 1:53","120322.8"
"8/30/21 1:54","121462.533333333"
"8/30/21 1:55","122242.4"
"8/30/21 1:56","129962.0"
"8/30/21 1:57","137123.466666667"
"8/30/21 1:58","140221.2"
"8/30/21 1:59","137809.066666667"
"8/30/21 2:00","123735.6"
"8/30/21 2:01","116489.466666667"
"8/30/21 2:02","122913.2"
"8/30/21 2:03","128171.733333333"
"8/30/21 2:04","123747.2"
"8/30/21 2:05","121499.466666667"
"8/30/21 2:06","124118.8"
"8/30/21 2:07","114914.4"
"8/30/21 2:08","131000.133333333"
"8/30/21 2:09","131445.2"
"8/30/21 2:10","117172.266666667"
"8/30/21 2:11","116283.733333333"
"8/30/21 2:12","133909.733333333"
"8/30/21 2:13","118270.266666667"
"8/30/21 2:14","116912.4"
"8/30/21 2:15","132479.733333333"
"8/30/21 2:16","116550.0"
"8/30/21 2:17","122740.266666667"
"8/30/21 2:18","125724.666666667"
"8/30/21 2:19","118611.733333333"
"8/30/21 2:20","124474.0"
"8/30/21 2:21","131403.333333333"
"8/30/21 2:22","116371.733333333"
"8/30/21 2:23","89452.1333333333"
"8/30/21 2:24","142565.2"
"8/30/21 2:25","108860.533333333"
"8/30/21 2:26","92651.6"
"8/30/21 2:27","102347.333333333"
"8/30/21 2:28","93729.8666666667"
"8/30/21 2:29","92143.8666666667"
"8/30/21 2:30","102736.933333333"
"8/30/21 2:31","94945.8666666667"
"8/30/21 2:32","91741.7333333333"
"8/30/21 2:33","103542.533333333"
"8/30/21 2:34","95730.9333333333"
"8/30/21 2:35","96995.8666666667"
"8/30/21 2:36","100676.266666667"
"8/30/21 2:37","90898.8"
"8/30/21 2:38","102662.4"
"8/30/21 2:39","109357.733333333"
"8/30/21 2:40","117716.133333333"
"8/30/21 2:41","119790.8"
"8/30/21 2:42","105819.6"
"8/30/21 2:43","90268.2666666667"
"8/30/21 2:44","93547.3333333333"
"8/30/21 2:45","126585.066666667"
"8/30/21 2:46","111640.933333333"
"8/30/21 2:47","117409.866666667"
"8/30/21 2:48","124565.466666667"
"8/30/21 2:49","124869.066666667"
"8/30/21 2:50","121279.866666667"
"8/30/21 2:51","128873.066666667"
"8/30/21 2:52","118601.2"
"8/30/21 2:53","127479.2"
"8/30/21 2:54","132010.933333333"
"8/30/21 2:55","138048.0"
"8/30/21 2:56","119490.533333333"
"8/30/21 2:57","126302.0"
"8/30/21 2:58","116543.733333333"
"8/30/21 2:59","124525.066666667"
"8/30/21 3:00","124588.4"
"8/30/21 3:01","111653.733333333"
"8/30/21 3:02","114580.666666667"
"8/30/21 3:03","125208.133333333"
"8/30/21 3:04","106927.2"
"8/30/21 3:05","106392.666666667"
"8/30/21 3:06","132156.4"
"8/30/21 3:07","121223.066666667"
"8/30/21 3:08","131236.0"
"8/30/21 3:09","125760.666666667"
"8/30/21 3:10","116038.4"
"8/30/21 3:11","120488.266666667"
"8/30/21 3:12","109530.933333333"
"8/30/21 3:13","99146.4"
"8/30/21 3:14","100569.733333333"
"8/30/21 3:15","116763.466666667"
"8/30/21 3:16","131429.866666667"
"8/30/21 3:17","112464.0"
"8/30/21 3:18","111016.533333333"
"8/30/21 3:19","94589.4666666667"
"8/30/21 3:20","88415.2"
"8/30/21 3:21","101306.0"
"8/30/21 3:22","85798.4"
"8/30/21 3:23","96296.5333333333"
"8/30/21 3:24","99196.9333333333"
"8/30/21 3:25","91945.8666666667"
"8/30/21 3:26","99347.3333333333"
"8/30/21 3:27","92406.8"
"8/30/21 3:28","102485.866666667"
"8/30/21 3:29","92952.2666666667"
"8/30/21 3:30","108879.2"
"8/30/21 3:31","91914.5333333333"
"8/30/21 3:32","92128.8"
"8/30/21 3:33","97171.7333333333"
"8/30/21 3:34","90909.3333333333"
"8/30/21 3:35","106671.733333333"
"8/30/21 3:36","99460.9333333333"
"8/30/21 3:37","84211.8666666667"
"8/30/21 3:38","94840.1333333333"
"8/30/21 3:39","106206.666666667"
"8/30/21 3:40","88120.8"
"8/30/21 3:41","94807.3333333333"
"8/30/21 3:42","101074.666666667"
"8/30/21 3:43","88472.5333333333"
"8/30/21 3:44","87949.4666666667"
"8/30/21 3:45","29306.8"
"8/30/21 3:46","60286.8"
"8/30/21 3:47","85890.4"
"8/30/21 3:48","51403.4666666667"
"8/30/21 3:49","45216.6666666667"
"8/30/21 3:50","68481.6"
"8/30/21 3:51","2470.8"
"8/30/21 3:52","52088.0"
"8/30/21 3:53","261768.4"
"8/30/21 3:54","77936.8"
"8/30/21 3:55","62175.0666666667"
"8/30/21 3:56","85485.3333333333"
"8/30/21 3:57","176527.466666667"
"8/30/21 3:58","76890.0"
"8/30/21 3:59","19641.8666666667"
"8/30/21 4:00","131192.533333333"
"8/30/21 4:01","155805.066666667"
"8/30/21 4:02","99942.5333333333"
"8/30/21 4:03","98228.9333333333"
"8/30/21 4:04","86714.0"
"8/30/21 4:05","63447.4666666667"
"8/30/21 4:06","31048.1333333333"
"8/30/21 4:07","62929.2"
"8/30/21 4:08","71192.0"
"8/30/21 4:09","32672.9333333333"
"8/30/21 4:10","46443.4666666667"
"8/30/21 4:11","85759.2"
"8/30/21 4:12","57456.2666666667"
"8/30/21 4:13","9501.33333333333"
"8/30/21 4:14","656.133333333333"
"8/30/21 4:15","1702.4"
"8/30/21 4:16","9381.06666666667"
"8/30/21 4:17","7267.73333333333"
"8/30/21 4:18","18657.0666666667"
"8/30/21 4:19","59339.4666666667"
"8/30/21 4:20","1546.53333333333"
"8/30/21 4:21","62084.5333333333"
"8/30/21 4:22","1241.2"
"8/30/21 4:23","35522.8"
"8/30/21 4:24","2083.33333333333"
"8/30/21 4:25","457.733333333333"
"8/30/21 4:26","457.2"
"8/30/21 4:27","5468.4"
"8/30/21 4:28","4277.46666666667"
"8/30/21 4:29","569.733333333333"
"8/30/21 4:30","509.2"
"8/30/21 4:31","457.733333333333"
"8/30/21 4:32","470.266666666667"
"8/30/21 4:33","433.2"
"8/30/21 4:34","457.733333333333"
"8/30/21 4:35","457.733333333333"
"8/30/21 4:36","457.733333333333"
"8/30/21 4:37","451.466666666667"
"8/30/21 4:38","457.733333333333"
"8/30/21 4:39","433.2"
"8/30/21 4:40","445.733333333333"
"8/30/21 4:41","457.733333333333"
"8/30/21 4:42","445.733333333333"
"8/30/21 4:43","451.466666666667"
"8/30/21 4:44","457.733333333333"
"8/30/21 4:45","457.2"
"8/30/21 4:46","445.733333333333"
"8/30/21 4:47","457.733333333333"
"8/30/21 4:48","445.2"
"8/30/21 4:49","445.2"
"8/30/21 4:50","464.0"
"8/30/21 4:51","445.733333333333"
"8/30/21 4:52","445.2"
"8/30/21 4:53","445.2"
"8/30/21 4:54","25862.6666666667"
"8/30/21 4:55","204819.333333333"
"8/30/21 4:56","73157.4666666667"
"8/30/21 4:57","25004.1333333333"
"8/30/21 4:58","35790.6666666667"
"8/30/21 4:59","71332.6666666667"
"8/30/21 5:00","82945.8666666667"
"8/30/21 5:01","34538.6666666667"
"8/30/21 5:02","37628.1333333333"
"8/30/21 5:03","35213.7333333333"
"8/30/21 5:04","31931.0666666667"
"8/30/21 5:05","51420.8"
"8/30/21 5:06","95144.1333333333"
"8/30/21 5:07","91297.0666666667"
"8/30/21 5:08","97578.2666666667"
"8/30/21 5:09","107895.466666667"
"8/30/21 5:10","89713.8666666667"
"8/30/21 5:11","87323.8666666667"
"8/30/21 5:12","96512.2666666667"
"8/30/21 5:13","84891.2"
"8/30/21 5:14","115213.2"
"8/30/21 5:15","104485.466666667"
"8/30/21 5:16","84742.5333333333"
"8/30/21 5:17","85494.1333333333"
"8/30/21 5:18","93734.2666666667"
"8/30/21 5:19","83296.5333333333"
"8/30/21 5:20","85632.6666666667"
"8/30/21 5:21","92056.6666666667"
"8/30/21 5:22","86935.8666666667"
"8/30/21 5:23","87752.5333333333"
"8/30/21 5:24","92487.2"
"8/30/21 5:25","89620.8"
"8/30/21 5:26","85794.6666666667"
"8/30/21 5:27","101006.933333333"
"8/30/21 5:28","85053.2"
"8/30/21 5:29","93648.8"
"8/30/21 5:30","106155.866666667"
"8/30/21 5:31","48639.8666666667"
"8/30/21 5:32","37577.3333333333"
"8/30/21 5:33","45625.4666666667"
"8/30/21 5:34","48361.3333333333"
"8/30/21 5:35","57926.1333333333"
"8/30/21 5:36","53399.2"
"8/30/21 5:37","48899.8666666667"
"8/30/21 5:38","51960.9333333333"
"8/30/21 5:39","94612.8"
"8/30/21 5:40","86233.3333333333"
"8/30/21 5:41","84708.0"
"8/30/21 5:42","106936.666666667"
"8/30/21 5:43","101070.533333333"
"8/30/21 5:44","91406.1333333333"
"8/30/21 5:45","100928.666666667"
"8/30/21 5:46","81491.2"
"8/30/21 5:47","100067.733333333"
"8/30/21 5:48","100153.333333333"
"8/30/21 5:49","86993.8666666667"
"8/30/21 5:50","88085.3333333333"
"8/30/21 5:51","99710.6666666667"
"8/30/21 5:52","92812.8"
"8/30/21 5:53","91292.5333333333"
"8/30/21 5:54","94706.5333333333"
"8/30/21 5:55","93849.6"
"8/30/21 5:56","86588.5333333333"
"8/30/21 5:57","100176.8"
"8/30/21 5:58","82094.4"
"8/30/21 5:59","85553.4666666667"
"8/30/21 6:00","100964.666666667"
"8/30/21 6:01","86167.4666666667"
"8/30/21 6:02","85679.8666666667"
"8/30/21 6:03","93697.8666666667"
"8/30/21 6:04","85900.9333333333"
"8/30/21 6:05","93090.0"
"8/30/21 6:06","88583.0666666667"
"8/30/21 6:07","84828.9333333333"
"8/30/21 6:08","99859.3333333333"
"8/30/21 6:09","98591.6"
"8/30/21 6:10","90997.3333333333"
"8/30/21 6:11","84992.5333333333"
"8/30/21 6:12","99241.3333333333"
"8/30/21 6:13","87853.6"
"8/30/21 6:14","92356.9333333333"
"8/30/21 6:15","92805.8666666667"
"8/30/21 6:16","98783.4666666667"
"8/30/21 6:17","99614.2666666667"
"8/30/21 6:18","103431.333333333"
"8/30/21 6:19","84089.6"
"8/30/21 6:20","86521.6"
"8/30/21 6:21","96035.8666666667"
"8/30/21 6:22","91672.0"
"8/30/21 6:23","89005.2"
"8/30/21 6:24","91640.0"
"8/30/21 6:25","95123.4666666667"
"8/30/21 6:26","88184.9333333333"
"8/30/21 6:27","99483.3333333333"
"8/30/21 6:28","104227.866666667"
"8/30/21 6:29","88749.2"
"8/30/21 6:30","95284.6666666667"
"8/30/21 6:31","85428.1333333333"
"8/30/21 6:32","87678.1333333333"
"8/30/21 6:33","96928.1333333333"
"8/30/21 6:34","86361.0666666667"
"8/30/21 6:35","90271.2"
"8/30/21 6:36","92752.9333333333"
"8/30/21 6:37","87286.0"
"8/30/21 6:38","90996.9333333333"
"8/30/21 6:39","100514.933333333"
"8/30/21 6:40","85130.6666666667"
"8/30/21 6:41","90028.0"
"8/30/21 6:42","95833.6"
"8/30/21 6:43","85894.1333333333"
"8/30/21 6:44","92082.9333333333"
"8/30/21 6:45","100621.333333333"
"8/30/21 6:46","86258.1333333333"
"8/30/21 6:47","96370.8"
"8/30/21 6:48","126201.066666667"
"8/30/21 6:49","112364.8"
"8/30/21 6:50","496008.4"
"8/30/21 6:51","109038.4"
"8/30/21 6:52","92354.5333333333"
"8/30/21 6:53","130558.0"
"8/30/21 6:54","88792.0"
"8/30/21 6:55","103180.266666667"
"8/30/21 6:56","91600.4"
"8/30/21 6:57","93947.0666666667"
"8/30/21 6:58","92765.6"
"8/30/21 6:59","93558.4"
"8/30/21 7:00","96446.9333333333"
"8/30/21 7:01","85753.3333333333"
"8/30/21 7:02","87019.2"
"8/30/21 7:03","97475.8666666667"
"8/30/21 7:04","88501.8666666667"
"8/30/21 7:05","96179.3333333333"
"8/30/21 7:06","95962.8"
"8/30/21 7:07","92725.4666666667"
"8/30/21 7:08","101393.2"
"8/30/21 7:09","96839.0666666667"
"8/30/21 7:10","94383.2"
"8/30/21 7:11","96216.6666666667"
"8/30/21 7:12","108185.066666667"
"8/30/21 7:13","97892.6666666667"
"8/30/21 7:14","90378.8"
"8/30/21 7:15","102720.666666667"
"8/30/21 7:16","93400.9333333333"
"8/30/21 7:17","91936.5333333333"
"8/30/21 7:18","102752.933333333"
"8/30/21 7:19","95296.4"
"8/30/21 7:20","98802.8"
"8/30/21 7:21","99007.0666666667"
"8/30/21 7:22","93270.5333333333"
"8/30/21 7:23","94525.3333333333"
"8/30/21 7:24","110748.533333333"
"8/30/21 7:25","104834.0"
"8/30/21 7:26","94600.5333333333"
"8/30/21 7:27","104304.933333333"
"8/30/21 7:28","91730.4"
"8/30/21 7:29","98754.5333333333"
"8/30/21 7:30","97615.8666666667"
"8/30/21 7:31","94831.2"
"8/30/21 7:32","95353.0666666667"
"8/30/21 7:33","101720.0"
"8/30/21 7:34","91829.7333333333"
"8/30/21 7:35","98704.6666666667"
"8/30/21 7:36","98388.8"
"8/30/21 7:37","92756.5333333333"
"8/30/21 7:38","94083.8666666667"
"8/30/21 7:39","96024.8"
"8/30/21 7:40","92773.3333333333"
"8/30/21 7:41","96086.5333333333"
"8/30/21 7:42","97813.8666666667"
"8/30/21 7:43","83889.7333333333"
"8/30/21 7:44","89905.8666666667"
"8/30/21 7:45","105274.4"
"8/30/21 7:46","97240.2666666667"
"8/30/21 7:47","100998.933333333"
"8/30/21 7:48","95696.9333333333"
"8/30/21 7:49","94943.7333333333"
"8/30/21 7:50","91230.0"
"8/30/21 7:51","100240.266666667"
"8/30/21 7:52","101089.6"
"8/30/21 7:53","97780.0"
"8/30/21 7:54","106765.466666667"
"8/30/21 7:55","100022.0"
"8/30/21 7:56","97989.8666666667"
"8/30/21 7:57","108189.066666667"
"8/30/21 7:58","106492.0"
"8/30/21 7:59","96399.6"
"8/30/21 8:00","98440.0"
"8/30/21 8:01","100018.666666667"
"8/30/21 8:02","93794.8"
"8/30/21 8:03","101050.933333333"
"8/30/21 8:04","90625.0666666667"
"8/30/21 8:05","97440.5333333333"
"8/30/21 8:06","103566.8"
"8/30/21 8:07","98589.0666666667"
"8/30/21 8:08","106369.6"
"8/30/21 8:09","99054.1333333333"
"8/30/21 8:10","89225.7333333333"
"8/30/21 8:11","92205.0666666667"
"8/30/21 8:12","98978.6666666667"
"8/30/21 8:13","93487.6"
"8/30/21 8:14","97077.2"
"8/30/21 8:15","109222.533333333"
"8/30/21 8:16","96998.5333333333"
"8/30/21 8:17","101230.8"
"8/30/21 8:18","104901.733333333"
"8/30/21 8:19","105678.666666667"
"8/30/21 8:20","95994.8"
"8/30/21 8:21","101251.2"
"8/30/21 8:22","101734.533333333"
"8/30/21 8:23","95862.2666666667"
"8/30/21 8:24","125381.6"
"8/30/21 8:25","121892.4"
"8/30/21 8:26","92066.9333333333"
"8/30/21 8:27","103728.0"
"8/30/21 8:28","100524.133333333"
"8/30/21 8:29","99929.7333333333"
"8/30/21 8:30","108665.333333333"
"8/30/21 8:31","91280.5333333333"
"8/30/21 8:32","101456.266666667"
"8/30/21 8:33","103123.2"
"8/30/21 8:34","95392.4"
"8/30/21 8:35","120922.666666667"
"8/30/21 8:36","111143.2"
"8/30/21 8:37","109120.266666667"
"8/30/21 8:38","141495.333333333"
"8/30/21 8:39","110057.066666667"
"8/30/21 8:40","100391.6"
"8/30/21 8:41","102666.0"
"8/30/21 8:42","140577.866666667"
"8/30/21 8:43","131408.133333333"
"8/30/21 8:44","111670.133333333"
"8/30/21 8:45","116975.733333333"
"8/30/21 8:46","98165.7333333333"
"8/30/21 8:47","95735.2"
"8/30/21 8:48","101377.866666667"
"8/30/21 8:49","103914.533333333"
"8/30/21 8:50","475673.866666667"
"8/30/21 8:51","129674.0"
"8/30/21 8:52","107525.066666667"
"8/30/21 8:53","105865.2"
"8/30/21 8:54","113941.733333333"
"8/30/21 8:55","107092.266666667"
"8/30/21 8:56","108279.066666667"
"8/30/21 8:57","109461.066666667"
"8/30/21 8:58","103546.0"
"8/30/21 8:59","101911.333333333"
"8/30/21 9:00","111019.2"
"8/30/21 9:01","111769.733333333"
"8/30/21 9:02","102587.866666667"
"8/30/21 9:03","108852.8"
"8/30/21 9:04","104054.933333333"
"8/30/21 9:05","106161.6"
"8/30/21 9:06","110955.466666667"
"8/30/21 9:07","104247.6"
"8/30/21 9:08","104219.733333333"
"8/30/21 9:09","109686.533333333"
"8/30/21 9:10","109514.0"
"8/30/21 9:11","101629.333333333"
"8/30/21 9:12","104656.533333333"
"8/30/21 9:13","100710.0"
"8/30/21 9:14","104025.2"
"8/30/21 9:15","114463.866666667"
"8/30/21 9:16","103599.2"
"8/30/21 9:17","109459.333333333"
"8/30/21 9:18","114267.866666667"
"8/30/21 9:19","103638.666666667"
"8/30/21 9:20","101884.133333333"
"8/30/21 9:21","109762.8"
"8/30/21 9:22","105201.733333333"
"8/30/21 9:23","106015.2"
"8/30/21 9:24","110278.266666667"
"8/30/21 9:25","102129.466666667"
"8/30/21 9:26","102561.333333333"
"8/30/21 9:27","116746.8"
"8/30/21 9:28","96070.9333333333"
"8/30/21 9:29","102565.466666667"
"8/30/21 9:30","109085.6"
"8/30/21 9:31","118396.0"
"8/30/21 9:32","103156.133333333"
"8/30/21 9:33","113831.733333333"
"8/30/21 9:34","117782.533333333"
"8/30/21 9:35","128329.333333333"
"8/30/21 9:36","137162.266666667"
"8/30/21 9:37","39238.8"
"8/30/21 9:38","36234.5333333333"
"8/30/21 9:39","46633.0666666667"
"8/30/21 9:40","19359.4666666667"
"8/30/21 9:41","26086.8"
"8/30/21 9:42","37196.9333333333"
"8/30/21 9:43","53574.0"
"8/30/21 9:44","50612.9333333333"
"8/30/21 9:45","56293.3333333333"
"8/30/21 9:46","101382.4"
"8/30/21 9:47","105404.933333333"
"8/30/21 9:48","113442.666666667"
"8/30/21 9:49","98012.1333333333"
"8/30/21 9:50","100604.0"
"8/30/21 9:51","117453.333333333"
"8/30/21 9:52","120330.8"
"8/30/21 9:53","97013.0666666667"
"8/30/21 9:54","104927.6"
"8/30/21 9:55","124190.533333333"
"8/30/21 9:56","100896.133333333"
"8/30/21 9:57","101222.4"
"8/30/21 9:58","98978.4"
"8/30/21 9:59","106022.133333333"
"8/30/21 10:00","97320.1333333333"
"8/30/21 10:01","24364.8"
"8/30/21 10:02","51745.7333333333"
"8/30/21 10:03","60471.6"
"8/30/21 10:04","39914.8"
"8/30/21 10:05","57572.4"
"8/30/21 10:06","119967.066666667"
"8/30/21 10:07","64067.7333333333"
"8/30/21 10:08","8042.93333333333"
"8/30/21 10:09","3076.0"
"8/30/21 10:10","1021.2"
"8/30/21 10:11","243015.333333333"
"8/30/21 10:12","45414.2666666667"
"8/30/21 10:13","17031.4666666667"
"8/30/21 10:14","256427.333333333"
"8/30/21 10:15","15551.8666666667"
"8/30/21 10:16","9726.93333333333"
"8/30/21 10:17","26161.3333333333"
"8/30/21 10:18","9896.26666666667"
"8/30/21 10:19","12392.9333333333"
"8/30/21 10:20","15015.3333333333"
"8/30/21 10:21","2949.2"
"8/30/21 10:22","182073.333333333"
"8/30/21 10:23","114432.933333333"
"8/30/21 10:24","24728.8"
"8/30/21 10:25","46297.4666666667"
"8/30/21 10:26","92536.0"
"8/30/21 10:27","30570.4"
"8/30/21 10:28","32055.4666666667"
"8/30/21 10:29","28493.7333333333"
"8/30/21 10:30","47385.3333333333"
"8/30/21 10:31","103532.8"
"8/30/21 10:32","110585.066666667"
"8/30/21 10:33","106125.733333333"
"8/30/21 10:34","99232.6666666667"
"8/30/21 10:35","105131.333333333"
"8/30/21 10:36","104084.266666667"
"8/30/21 10:37","97704.9333333333"
"8/30/21 10:38","97845.7333333333"
"8/30/21 10:39","107088.0"
"8/30/21 10:40","95476.2666666667"
"8/30/21 10:41","110889.466666667"
"8/30/21 10:42","129541.466666667"
"8/30/21 10:43","98330.8"
"8/30/21 10:44","100540.133333333"
"8/30/21 10:45","113992.4"
"8/30/21 10:46","94956.8"
"8/30/21 10:47","108702.133333333"
"8/30/21 10:48","97584.6666666667"
"8/30/21 10:49","78209.2"
"8/30/21 10:50","18959.8666666667"
"8/30/21 10:51","31873.0666666667"
"8/30/21 10:52","38232.5333333333"
"8/30/21 10:53","69077.3333333333"
"8/30/21 10:54","38699.7333333333"
"8/30/21 10:55","23931.2"
"8/30/21 10:56","9889.46666666667"
"8/30/21 10:57","18463.2"
"8/30/21 10:58","10633.3333333333"
"8/30/21 10:59","2726.0"
"8/30/21 11:00","159094.666666667"
"8/30/21 11:01","145744.4"
"8/30/21 11:02","39004.1333333333"
"8/30/21 11:03","50071.4666666667"
"8/30/21 11:04","68115.2"
"8/30/21 11:05","72910.6666666667"
"8/30/21 11:06","108572.666666667"
"8/30/21 11:07","98903.0666666667"
"8/30/21 11:08","116437.733333333"
"8/30/21 11:09","109924.0"
"8/30/21 11:10","103057.733333333"
"8/30/21 11:11","103178.4"
"8/30/21 11:12","118757.866666667"
"8/30/21 11:13","103816.0"
"8/30/21 11:14","112901.6"
"8/30/21 11:15","118612.133333333"
"8/30/21 11:16","108934.8"
"8/30/21 11:17","117726.933333333"
"8/30/21 11:18","107541.333333333"
"8/30/21 11:19","99530.8"
"8/30/21 11:20","111444.4"
"8/30/21 11:21","108904.8"
"8/30/21 11:22","92332.0"
"8/30/21 11:23","102856.933333333"
"8/30/21 11:24","108423.733333333"
"8/30/21 11:25","101909.466666667"
"8/30/21 11:26","102031.733333333"
"8/30/21 11:27","108495.2"
"8/30/21 11:28","102811.866666667"
"8/30/21 11:29","102552.0"
"8/30/21 11:30","105511.066666667"
"8/30/21 11:31","94185.2"
"8/30/21 11:32","104926.0"
"8/30/21 11:33","109804.933333333"
"8/30/21 11:34","98240.2666666667"
"8/30/21 11:35","106567.066666667"
"8/30/21 11:36","109355.6"
"8/30/21 11:37","100618.4"
"8/30/21 11:38","96677.6"
"8/30/21 11:39","108931.333333333"
"8/30/21 11:40","101299.866666667"
"8/30/21 11:41","113235.866666667"
"8/30/21 11:42","119223.733333333"
"8/30/21 11:43","98220.1333333333"
"8/30/21 11:44","110229.333333333"
"8/30/21 11:45","113506.533333333"
"8/30/21 11:46","105604.8"
"8/30/21 11:47","112232.266666667"
"8/30/21 11:48","113209.866666667"
"8/30/21 11:49","139802.0"
"8/30/21 11:50","104735.6"
"8/30/21 11:51","118438.933333333"
"8/30/21 11:52","122381.466666667"
"8/30/21 11:53","127972.0"
"8/30/21 11:54","120911.733333333"
"8/30/21 11:55","106532.0"
"8/30/21 11:56","109810.133333333"
"8/30/21 11:57","125700.666666667"
"8/30/21 11:58","120905.066666667"
"8/30/21 11:59","116524.533333333"
"8/30/21 12:00","157906.666666667"
"8/30/21 12:01","106907.333333333"
"8/30/21 12:02","109688.266666667"
"8/30/21 12:03","112177.733333333"
"8/30/21 12:04","101889.2"
"8/30/21 12:05","104840.0"
"8/30/21 12:06","117677.733333333"
"8/30/21 12:07","95927.3333333333"
"8/30/21 12:08","111062.933333333"
"8/30/21 12:09","107973.066666667"
"8/30/21 12:10","106297.466666667"
"8/30/21 12:11","457.733333333333"
"8/30/21 12:12","309478.133333333"
"8/30/21 12:13","59704.2666666667"
"8/30/21 12:14","37806.5333333333"
"8/30/21 12:15","57386.0"
"8/30/21 12:16","100919.466666667"
"8/30/21 12:17","102531.866666667"
"8/30/21 12:18","113309.466666667"
"8/30/21 12:19","100565.466666667"
"8/30/21 12:20","105648.4"
"8/30/21 12:21","131820.8"
"8/30/21 12:22","126912.533333333"
"8/30/21 12:23","125716.0"
"8/30/21 12:24","136068.4"
"8/30/21 12:25","136258.0"
"8/30/21 12:26","164201.733333333"
"8/30/21 12:27","149194.0"
"8/30/21 12:28","326833.2"
"8/30/21 12:29","718193.6"
"8/30/21 12:30","2153396.8"
"8/30/21 12:31","1653571.06666667"
"8/30/21 12:32","1040239.33333333"
"8/30/21 12:33","1391123.2"
"8/30/21 12:34","1610203.73333333"
"8/30/21 12:35","1612193.2"
"8/30/21 12:36","1692412.53333333"
"8/30/21 12:37","1803778.4"
"8/30/21 12:38","799114.133333333"
"8/30/21 12:39","915862.666666667"
"8/30/21 12:40","2371133.06666667"
"8/30/21 12:41","1812190.0"
"8/30/21 12:42","2142207.86666667"
"8/30/21 12:43","1718799.73333333"
"8/30/21 12:44","1249407.06666667"
"8/30/21 12:45","1894868.4"
"8/30/21 12:46","1970742.0"
"8/30/21 12:47","2098783.2"
"8/30/21 12:48","1455535.6"
"8/30/21 12:49","230581.733333333"
"8/30/21 12:50","419080.533333333"
"8/30/21 12:51","602284.0"
"8/30/21 12:52","1618555.06666667"
"8/30/21 12:53","1322192.66666667"
"8/30/21 12:54","1035291.86666667"
"8/30/21 12:55","509767.6"
"8/30/21 12:56","1601123.86666667"
"8/30/21 12:57","688685.866666667"
"8/30/21 12:58","789238.4"
"8/30/21 12:59","773935.6"
"8/30/21 13:00","166519.733333333"
"8/30/21 13:01","204339.6"
"8/30/21 13:02","215072.533333333"
"8/30/21 13:03","217075.466666667"
"8/30/21 13:04","253150.133333333"
"8/30/21 13:05","224433.066666667"
"8/30/21 13:06","187474.933333333"
"8/30/21 13:07","184035.6"
"8/30/21 13:08","159490.666666667"
"8/30/21 13:09","195841.6"
"8/30/21 13:10","193420.0"
"8/30/21 13:11","195679.066666667"
"8/30/21 13:12","199227.733333333"
"8/30/21 13:13","211835.066666667"
"8/30/21 13:14","191631.2"
"8/30/21 13:15","552403.866666667"
"8/30/21 13:16","1165597.06666667"
"8/30/21 13:17","1230161.6"
"8/30/21 13:18","1149483.33333333"
"8/30/21 13:19","1402949.06666667"
"8/30/21 13:20","1560241.33333333"
"8/30/21 13:21","867593.866666667"
"8/30/21 13:22","1526227.33333333"
"8/30/21 13:23","755247.6"
"8/30/21 13:24","322006.533333333"
"8/30/21 13:25","423804.0"
"8/30/21 13:26","183629.2"
"8/30/21 13:27","215215.733333333"
"8/30/21 13:28","239730.533333333"
"8/30/21 13:29","213522.533333333"
"8/30/21 13:30","260044.266666667"
"8/30/21 13:31","743734.533333333"
"8/30/21 13:32","434845.6"
"8/30/21 13:33","265764.133333333"
"8/30/21 13:34","359604.933333333"
"8/30/21 13:35","1060434.0"
"8/30/21 13:36","776721.466666667"
"8/30/21 13:37","401290.533333333"
"8/30/21 13:38","617900.133333333"
"8/30/21 13:39","283250.666666667"
"8/30/21 13:40","302292.8"
"8/30/21 13:41","942750.133333333"
"8/30/21 13:42","889707.333333333"
"8/30/21 13:43","648648.0"
"8/30/21 13:44","348229.333333333"
"8/30/21 13:45","505722.4"
"8/30/21 13:46","1302839.06666667"
"8/30/21 13:47","522450.933333333"
"8/30/21 13:48","321310.0"
"8/30/21 13:49","209249.466666667"
"8/30/21 13:50","215477.466666667"
"8/30/21 13:51","824704.4"
"8/30/21 13:52","1217618.93333333"
"8/30/21 13:53","236225.866666667"
"8/30/21 13:54","661080.0"
"8/30/21 13:55","1353946.13333333"
"8/30/21 13:56","278417.466666667"
"8/30/21 13:57","345494.4"
"8/30/21 13:58","827844.933333333"
"8/30/21 13:59","889168.266666667"
"8/30/21 14:00","247326.266666667"
"8/30/21 14:01","1387048.53333333"
"8/30/21 14:02","1181936.26666667"
"8/30/21 14:03","2149753.86666667"
"8/30/21 14:04","2251557.6"
"8/30/21 14:05","2040404.93333333"
"8/30/21 14:06","1889900.13333333"
"8/30/21 14:07","1784549.06666667"
"8/30/21 14:08","1210609.73333333"
"8/30/21 14:09","225355.733333333"
"8/30/21 14:10","193571.866666667"
"8/30/21 14:11","205586.133333333"
"8/30/21 14:12","212827.2"
"8/30/21 14:13","260803.6"
"8/30/21 14:14","333331.733333333"
"8/30/21 14:15","224877.733333333"
"8/30/21 14:16","380296.933333333"
"8/30/21 14:17","306508.133333333"
"8/30/21 14:18","259368.266666667"
"8/30/21 14:19","672039.066666667"
"8/30/21 14:20","865859.466666667"
"8/30/21 14:21","447439.466666667"
"8/30/21 14:22","167097.6"
"8/30/21 14:23","153911.066666667"
"8/30/21 14:24","220008.533333333"
"8/30/21 14:25","195046.266666667"
"8/30/21 14:26","177491.6"
"8/30/21 14:27","207352.533333333"
"8/30/21 14:28","252094.266666667"
"8/30/21 14:29","209622.133333333"
"8/30/21 14:30","243802.8"
"8/30/21 14:31","251706.133333333"
"8/30/21 14:32","183976.8"
"8/30/21 14:33","199218.933333333"
"8/30/21 14:34","212296.0"
"8/30/21 14:35","233394.666666667"
"8/30/21 14:36","240523.066666667"
"8/30/21 14:37","206326.133333333"
"8/30/21 14:38","204333.866666667"
"8/30/21 14:39","242738.133333333"
"8/30/21 14:40","237163.2"
"8/30/21 14:41","676991.333333333"
"8/30/21 14:42","1173347.6"
"8/30/21 14:43","279828.933333333"
"8/30/21 14:44","257123.6"
"8/30/21 14:45","300468.533333333"
"8/30/21 14:46","1013012.93333333"
"8/30/21 14:47","736278.533333333"
"8/30/21 14:48","199569.866666667"
"8/30/21 14:49","363146.266666667"
"8/30/21 14:50","326590.4"
"8/30/21 14:51","940827.6"
"8/30/21 14:52","752268.533333333"
"8/30/21 14:53","800051.333333333"
"8/30/21 14:54","1298105.86666667"
"8/30/21 14:55","1839998.13333333"
"8/30/21 14:56","944043.6"
"8/30/21 14:57","1048508.13333333"
"8/30/21 14:58","1595779.46666667"
"8/30/21 14:59","1623147.33333333"
"8/30/21 15:00","946053.6"
"8/30/21 15:01","1139521.33333333"
"8/30/21 15:02","883303.2"
"8/30/21 15:03","891753.6"
"8/30/21 15:04","1224031.6"
"8/30/21 15:05","939050.666666667"
"8/30/21 15:06","903828.533333333"
"8/30/21 15:07","1220851.86666667"
"8/30/21 15:08","1270944.26666667"
"8/30/21 15:09","1471408.93333333"
"8/30/21 15:10","957728.666666667"
"8/30/21 15:11","1027910.26666667"
"8/30/21 15:12","1066410.4"
"8/30/21 15:13","1011902.4"
"8/30/21 15:14","970724.0"
"8/30/21 15:15","947296.666666667"
"8/30/21 15:16","902639.733333333"
"8/30/21 15:17","894749.866666667"
"8/30/21 15:18","921848.133333333"
"8/30/21 15:19","901987.866666667"
"8/30/21 15:20","934911.066666667"
"8/30/21 15:21","917840.8"
"8/30/21 15:22","898581.733333333"
"8/30/21 15:23","915433.333333333"
"8/30/21 15:24","957773.866666667"
"8/30/21 15:25","1000351.6"
"8/30/21 15:26","988152.266666667"
"8/30/21 15:27","991486.666666667"
"8/30/21 15:28","1099336.0"
"8/30/21 15:29","1159918.4"
"8/30/21 15:30","1368393.6"
"8/30/21 15:31","1339115.2"
"8/30/21 15:32","817386.533333333"
"8/30/21 15:33","946254.4"
"8/30/21 15:34","841946.133333333"
"8/30/21 15:35","902981.6"
"8/30/21 15:36","942825.866666667"
"8/30/21 15:37","896298.666666667"
"8/30/21 15:38","905368.533333333"
"8/30/21 15:39","1004284.93333333"
"8/30/21 15:40","990241.866666667"
"8/30/21 15:41","1318029.2"
"8/30/21 15:42","1889362.66666667"
"8/30/21 15:43","899838.266666667"
"8/30/21 15:44","935998.133333333"
"8/30/21 15:45","1543722.26666667"
"8/30/21 15:46","2310240.0"
"8/30/21 15:47","1563745.86666667"
"8/30/21 15:48","940081.733333333"
"8/30/21 15:49","938018.0"
"8/30/21 15:50","903186.266666667"
"8/30/21 15:51","1553894.4"
"8/30/21 15:52","1471236.8"
"8/30/21 15:53","892685.066666667"
"8/30/21 15:54","1292409.2"
"8/30/21 15:55","1854128.53333333"
"8/30/21 15:56","886397.2"
"8/30/21 15:57","899341.066666667"
"8/30/21 15:58","892180.0"
"8/30/21 15:59","899986.4"
"8/30/21 16:00","917007.866666667"
"8/30/21 16:01","915436.266666667"
"8/30/21 16:02","873219.866666667"
"8/30/21 16:03","893687.333333333"
"8/30/21 16:04","949097.866666667"
"8/30/21 16:05","901500.533333333"
"8/30/21 16:06","900614.0"
"8/30/21 16:07","912607.2"
"8/30/21 16:08","878809.066666667"
"8/30/21 16:09","904488.4"
"8/30/21 16:10","896543.866666667"
"8/30/21 16:11","890362.533333333"
"8/30/21 16:12","603864.8"
"8/30/21 16:13","43679.3333333333"
"8/30/21 16:14","457.733333333333"
"8/30/21 16:15","6204.8"
"8/30/21 16:16","6700.4"
"8/30/21 16:17","145314.133333333"
"8/30/21 16:18","1125240.53333333"
"8/30/21 16:19","818580.8"
"8/30/21 16:20","809063.866666667"
"8/30/21 16:21","893499.2"
"8/30/21 16:22","809719.333333333"
"8/30/21 16:23","883496.4"
"8/30/21 16:24","1012197.73333333"
"8/30/21 16:25","1997756.66666667"
"8/30/21 16:26","1183389.46666667"
"8/30/21 16:27","1053921.86666667"
"8/30/21 16:28","913484.666666667"
"8/30/21 16:29","927608.4"
"8/30/21 16:30","967468.933333333"
"8/30/21 16:31","901981.866666667"
"8/30/21 16:32","893141.466666667"
"8/30/21 16:33","924825.6"
"8/30/21 16:34","982889.866666667"
"8/30/21 16:35","1432488.13333333"
"8/30/21 16:36","1015860.66666667"
"8/30/21 16:37","975610.133333333"
"8/30/21 16:38","1309619.2"
"8/30/21 16:39","1171157.6"
"8/30/21 16:40","1183019.06666667"
"8/30/21 16:41","1606264.8"
"8/30/21 16:42","1945681.86666667"
"8/30/21 16:43","917446.266666667"
"8/30/21 16:44","946079.6"
"8/30/21 16:45","970378.533333333"
"8/30/21 16:46","1487387.86666667"
"8/30/21 16:47","1569083.33333333"
"8/30/21 16:48","1654000.66666667"
"8/30/21 16:49","2038607.2"
"8/30/21 16:50","1955115.2"
"8/30/21 16:51","2326707.46666667"
"8/30/21 16:52","2096998.13333333"
"8/30/21 16:53","2329913.2"
"8/30/21 16:54","1764389.6"
"8/30/21 16:55","2298027.73333333"
"8/30/21 16:56","1609942.93333333"
"8/30/21 16:57","2025983.06666667"
"8/30/21 16:58","924893.733333333"
"8/30/21 16:59","1055269.86666667"
"8/30/21 17:00","1711043.6"
"8/30/21 17:01","1287915.6"
"8/30/21 17:02","1646876.93333333"
"8/30/21 17:03","1089114.66666667"
"8/30/21 17:04","1993187.33333333"
"8/30/21 17:05","1338599.86666667"
"8/30/21 17:06","942848.4"
"8/30/21 17:07","998550.533333333"
"8/30/21 17:08","1007637.6"
"8/30/21 17:09","934664.8"
"8/30/21 17:10","923274.8"
"8/30/21 17:11","905302.266666667"
"8/30/21 17:12","1931451.2"
"8/30/21 17:13","1338343.6"
"8/30/21 17:14","892265.466666667"
"8/30/21 17:15","1999159.86666667"
"8/30/21 17:16","1177128.66666667"
"8/30/21 17:17","923581.066666667"
"8/30/21 17:18","903162.4"
"8/30/21 17:19","905737.2"
"8/30/21 17:20","871853.066666667"
"8/30/21 17:21","899459.466666667"
"8/30/21 17:22","898971.6"
"8/30/21 17:23","908651.733333333"
"8/30/21 17:24","949712.933333333"
"8/30/21 17:25","962214.133333333"
"8/30/21 17:26","937573.2"
"8/30/21 17:27","934946.266666667"
"8/30/21 17:28","989752.8"
"8/30/21 17:29","887273.733333333"
"8/30/21 17:30","1047042.13333333"
"8/30/21 17:31","929386.933333333"
"8/30/21 17:32","903784.4"
"8/30/21 17:33","925769.6"
"8/30/21 17:34","911367.066666667"
"8/30/21 17:35","928617.6"
"8/30/21 17:36","1324851.46666667"
"8/30/21 17:37","1894745.6"
"8/30/21 17:38","1027734.66666667"
"8/30/21 17:39","991807.2"
"8/30/21 17:40","957783.466666667"
"8/30/21 17:41","1383709.33333333"
"8/30/21 17:42","1964443.33333333"
"8/30/21 17:43","897060.266666667"
"8/30/21 17:44","888429.333333333"
"8/30/21 17:45","915629.733333333"
"8/30/21 17:46","1497738.8"
"8/30/21 17:47","1531657.33333333"
"8/30/21 17:48","924582.533333333"
"8/30/21 17:49","873620.533333333"
"8/30/21 17:50","905722.8"
"8/30/21 17:51","1554696.0"
"8/30/21 17:52","1494595.06666667"
"8/30/21 17:53","883959.733333333"
"8/30/21 17:54","1325932.4"
"8/30/21 17:55","1770570.53333333"
"8/30/21 17:56","887220.133333333"
"8/30/21 17:57","900174.666666667"
"8/30/21 17:58","852525.866666667"
"8/30/21 17:59","828582.4"
"8/30/21 18:00","914513.2"
"8/30/21 18:01","903889.2"
"8/30/21 18:02","859528.0"
"8/30/21 18:03","868692.933333333"
"8/30/21 18:04","911390.266666667"
"8/30/21 18:05","862518.8"
"8/30/21 18:06","906067.866666667"
"8/30/21 18:07","892306.533333333"
"8/30/21 18:08","870292.133333333"
"8/30/21 18:09","945615.2"
"8/30/21 18:10","916799.866666667"
"8/30/21 18:11","1041881.2"
"8/30/21 18:12","1015702.8"
"8/30/21 18:13","1423040.4"
"8/30/21 18:14","1171033.73333333"
"8/30/21 18:15","1410698.0"
"8/30/21 18:16","1063068.93333333"
"8/30/21 18:17","927945.2"
"8/30/21 18:18","931069.333333333"
"8/30/21 18:19","947651.066666667"
"8/30/21 18:20","984087.333333333"
"8/30/21 18:21","1068038.0"
"8/30/21 18:22","1108863.86666667"
"8/30/21 18:23","1023250.26666667"
"8/30/21 18:24","1136401.06666667"
"8/30/21 18:25","931160.266666667"
"8/30/21 18:26","874451.2"
"8/30/21 18:27","902475.2"
"8/30/21 18:28","864195.866666667"
"8/30/21 18:29","1222225.2"
"8/30/21 18:30","1017603.06666667"
"8/30/21 18:31","976504.666666667"
"8/30/21 18:32","956358.8"
"8/30/21 18:33","1046633.46666667"
"8/30/21 18:34","954468.4"
"8/30/21 18:35","945218.933333333"
"8/30/21 18:36","1440354.0"
"8/30/21 18:37","1901324.13333333"
"8/30/21 18:38","916762.8"
"8/30/21 18:39","1114771.6"
"8/30/21 18:40","1191264.66666667"
"8/30/21 18:41","1413578.0"
"8/30/21 18:42","1871816.66666667"
"8/30/21 18:43","909142.4"
"8/30/21 18:44","949515.333333333"
"8/30/21 18:45","942971.6"
"8/30/21 18:46","1545718.26666667"
"8/30/21 18:47","1547686.53333333"
"8/30/21 18:48","929558.0"
"8/30/21 18:49","904901.2"
"8/30/21 18:50","928153.6"
"8/30/21 18:51","1565442.0"
"8/30/21 18:52","1069468.93333333"
"8/30/21 18:53","974498.8"
"8/30/21 18:54","1391019.86666667"
"8/30/21 18:55","1801728.4"
"8/30/21 18:56","911994.8"
"8/30/21 18:57","928773.066666667"
"8/30/21 18:58","958090.4"
"8/30/21 18:59","1150001.86666667"
"8/30/21 19:00","944711.066666667"
"8/30/21 19:01","947362.933333333"
"8/30/21 19:02","929676.133333333"
"8/30/21 19:03","955736.666666667"
"8/30/21 19:04","1029158.13333333"
"8/30/21 19:05","923346.8"
"8/30/21 19:06","983866.533333333"
"8/30/21 19:07","976926.666666667"
"8/30/21 19:08","1100032.93333333"
"8/30/21 19:09","1008625.46666667"
"8/30/21 19:10","939641.333333333"
"8/30/21 19:11","946718.666666667"
"8/30/21 19:12","957436.8"
"8/30/21 19:13","921631.466666667"
"8/30/21 19:14","916675.866666667"
"8/30/21 19:15","920450.933333333"
"8/30/21 19:16","865427.066666667"
"8/30/21 19:17","879918.266666667"
"8/30/21 19:18","916597.066666667"
"8/30/21 19:19","886808.266666667"
"8/30/21 19:20","988508.666666667"
"8/30/21 19:21","903539.066666667"
"8/30/21 19:22","893588.4"
"8/30/21 19:23","891996.133333333"
"8/30/21 19:24","929435.733333333"
"8/30/21 19:25","915476.133333333"
"8/30/21 19:26","904129.2"
"8/30/21 19:27","901064.933333333"
"8/30/21 19:28","871216.4"
"8/30/21 19:29","890300.4"
"8/30/21 19:30","956175.866666667"
"8/30/21 19:31","884556.4"
"8/30/21 19:32","872582.4"
"8/30/21 19:33","869641.6"
"8/30/21 19:34","875281.733333333"
"8/30/21 19:35","868272.933333333"
"8/30/21 19:36","1405483.73333333"
"8/30/21 19:37","1673474.8"
"8/30/21 19:38","850554.266666667"
"8/30/21 19:39","908421.733333333"
"8/30/21 19:40","903371.466666667"
"8/30/21 19:41","1374148.53333333"
"8/30/21 19:42","1944039.2"
"8/30/21 19:43","916305.066666667"
"8/30/21 19:44","977495.2"
"8/30/21 19:45","935580.533333333"
"8/30/21 19:46","1438118.93333333"
"8/30/21 19:47","1521517.6"
"8/30/21 19:48","928152.533333333"
"8/30/21 19:49","926930.666666667"
"8/30/21 19:50","922802.666666667"
"8/30/21 19:51","1472825.46666667"
"8/30/21 19:52","1587208.0"
"8/30/21 19:53","946235.6"
"8/30/21 19:54","1290352.8"
"8/30/21 19:55","2026094.53333333"
"8/30/21 19:56","957296.533333333"
"8/30/21 19:57","947973.2"
"8/30/21 19:58","909658.133333333"
"8/30/21 19:59","895474.533333333"
"8/30/21 20:00","848195.6"
"8/30/21 20:01","989429.2"
"8/30/21 20:02","1257232.93333333"
"8/30/21 20:03","1537482.0"
"8/30/21 20:04","1713483.73333333"
"8/30/21 20:05","1432192.53333333"
"8/30/21 20:06","1496846.0"
"8/30/21 20:07","1646342.93333333"
"8/30/21 20:08","1651058.93333333"
"8/30/21 20:09","1397031.46666667"
"8/30/21 20:10","1461759.33333333"
"8/30/21 20:11","1633916.26666667"
"8/30/21 20:12","1303654.53333333"
"8/30/21 20:13","902392.8"
"8/30/21 20:14","913010.0"
"8/30/21 20:15","971979.333333333"
"8/30/21 20:16","1025559.2"
"8/30/21 20:17","920092.0"
"8/30/21 20:18","972462.533333333"
"8/30/21 20:19","1162211.2"
"8/30/21 20:20","1001593.73333333"
"8/30/21 20:21","939229.6"
"8/30/21 20:22","952815.733333333"
"8/30/21 20:23","970385.866666667"
"8/30/21 20:24","1026950.53333333"
"8/30/21 20:25","933183.2"
"8/30/21 20:26","928020.533333333"
"8/30/21 20:27","928307.733333333"
"8/30/21 20:28","925544.933333333"
"8/30/21 20:29","938594.4"
"8/30/21 20:30","1005065.33333333"
"8/30/21 20:31","950845.2"
"8/30/21 20:32","933191.333333333"
"8/30/21 20:33","945330.533333333"
"8/30/21 20:34","940196.8"
"8/30/21 20:35","980865.466666667"
"8/30/21 20:36","1300430.93333333"
"8/30/21 20:37","2022855.46666667"
"8/30/21 20:38","943470.8"
"8/30/21 20:39","975772.4"
"8/30/21 20:40","881318.133333333"
"8/30/21 20:41","1429107.46666667"
"8/30/21 20:42","1750611.06666667"
"8/30/21 20:43","910234.4"
"8/30/21 20:44","902775.333333333"
"8/30/21 20:45","915442.8"
"8/30/21 20:46","1597485.46666667"
"8/30/21 20:47","1459757.2"
"8/30/21 20:48","895613.066666667"
"8/30/21 20:49","869140.533333333"
"8/30/21 20:50","878245.6"
"8/30/21 20:51","1550921.86666667"
"8/30/21 20:52","1435465.33333333"
"8/30/21 20:53","879953.066666667"
"8/30/21 20:54","1351875.86666667"
"8/30/21 20:55","1794003.46666667"
"8/30/21 20:56","859320.4"
"8/30/21 20:57","865590.266666667"
"8/30/21 20:58","856550.933333333"
"8/30/21 20:59","834190.266666667"
"8/30/21 21:00","867767.333333333"
"8/30/21 21:01","849994.8"
"8/30/21 21:02","872761.066666667"
"8/30/21 21:03","848524.266666667"
"8/30/21 21:04","898434.133333333"
"8/30/21 21:05","873415.866666667"
"8/30/21 21:06","960832.4"
"8/30/21 21:07","902390.133333333"
"8/30/21 21:08","892819.733333333"
"8/30/21 21:09","889541.733333333"
"8/30/21 21:10","999184.133333333"
"8/30/21 21:11","905384.133333333"
"8/30/21 21:12","975926.0"
"8/30/21 21:13","927649.333333333"
"8/30/21 21:14","985424.266666667"
"8/30/21 21:15","924874.266666667"
"8/30/21 21:16","903303.2"
"8/30/21 21:17","903726.4"
"8/30/21 21:18","899571.333333333"
"8/30/21 21:19","909345.733333333"
"8/30/21 21:20","929352.666666667"
"8/30/21 21:21","1007181.73333333"
"8/30/21 21:22","876834.133333333"
"8/30/21 21:23","834707.066666667"
"8/30/21 21:24","941790.0"
"8/30/21 21:25","905323.066666667"
"8/30/21 21:26","896750.266666667"
"8/30/21 21:27","917820.8"
"8/30/21 21:28","931921.2"
"8/30/21 21:29","830173.066666667"
"8/30/21 21:30","893303.733333333"
"8/30/21 21:31","823798.4"
"8/30/21 21:32","797415.733333333"
"8/30/21 21:33","811696.8"
"8/30/21 21:34","925629.466666667"
"8/30/21 21:35","804312.0"
"8/30/21 21:36","1329958.66666667"
"8/30/21 21:37","1872712.93333333"
"8/30/21 21:38","905490.933333333"
"8/30/21 21:39","956230.266666667"
"8/30/21 21:40","914440.133333333"
"8/30/21 21:41","1358818.13333333"
"8/30/21 21:42","1833968.93333333"
"8/30/21 21:43","909144.933333333"
"8/30/21 21:44","877086.0"
"8/30/21 21:45","946146.666666667"
"8/30/21 21:46","1592125.06666667"
"8/30/21 21:47","1434741.33333333"
"8/30/21 21:48","882653.2"
"8/30/21 21:49","886269.733333333"
"8/30/21 21:50","913844.933333333"
"8/30/21 21:51","1518683.73333333"
"8/30/21 21:52","1637037.33333333"
"8/30/21 21:53","924895.866666667"
"8/30/21 21:54","1441114.8"
"8/30/21 21:55","1803474.26666667"
"8/30/21 21:56","929418.933333333"
"8/30/21 21:57","946026.533333333"
"8/30/21 21:58","947406.4"
"8/30/21 21:59","950047.733333333"
"8/30/21 22:00","930334.0"
"8/30/21 22:01","930207.2"
"8/30/21 22:02","925460.666666667"
"8/30/21 22:03","906489.466666667"
"8/30/21 22:04","971384.133333333"
"8/30/21 22:05","939334.266666667"
"8/30/21 22:06","921648.666666667"
"8/30/21 22:07","963654.266666667"
"8/30/21 22:08","929839.866666667"
"8/30/21 22:09","919879.066666667"
"8/30/21 22:10","979370.533333333"
"8/30/21 22:11","1015855.06666667"
"8/30/21 22:12","1015836.93333333"
"8/30/21 22:13","988194.266666667"
"8/30/21 22:14","1004034.13333333"
"8/30/21 22:15","1046413.06666667"
"8/30/21 22:16","970883.466666667"
"8/30/21 22:17","988020.4"
"8/30/21 22:18","997121.2"
"8/30/21 22:19","1026932.4"
"8/30/21 22:20","918001.066666667"
"8/30/21 22:21","937806.133333333"
"8/30/21 22:22","928428.0"
"8/30/21 22:23","895933.333333333"
"8/30/21 22:24","964209.733333333"
"8/30/21 22:25","889061.6"
"8/30/21 22:26","888661.2"
"8/30/21 22:27","919200.4"
"8/30/21 22:28","915260.266666667"
"8/30/21 22:29","912066.666666667"
"8/30/21 22:30","999801.333333333"
"8/30/21 22:31","930764.933333333"
"8/30/21 22:32","920178.8"
"8/30/21 22:33","990646.4"
"8/30/21 22:34","942493.333333333"
"8/30/21 22:35","1165723.2"
"8/30/21 22:36","2130427.73333333"
"8/30/21 22:37","2001659.06666667"
"8/30/21 22:38","1455937.33333333"
"8/30/21 22:39","933452.4"
"8/30/21 22:40","952033.333333333"
"8/30/21 22:41","1416308.93333333"
"8/30/21 22:42","1824616.4"
"8/30/21 22:43","925538.666666667"
"8/30/21 22:44","898767.2"
"8/30/21 22:45","903512.533333333"
"8/30/21 22:46","1580080.13333333"
"8/30/21 22:47","1464434.53333333"
"8/30/21 22:48","1202728.0"
"8/30/21 22:49","2025693.06666667"
"8/30/21 22:50","1157394.0"
"8/30/21 22:51","1627617.2"
"8/30/21 22:52","1610742.66666667"
"8/30/21 22:53","1064763.06666667"
"8/30/21 22:54","1393333.2"
"8/30/21 22:55","1911944.13333333"
"8/30/21 22:56","963973.733333333"
"8/30/21 22:57","1539381.86666667"
"8/30/21 22:58","1130094.0"
"8/30/21 22:59","1000378.46153846"
"8/30/21 23:00","1184846.66666667"
"8/30/21 23:01","1133376.13333333"
"8/30/21 23:02","1178373.46666667"
"8/30/21 23:03","1386768.66666667"
"8/30/21 23:04","1279654.66666667"
"8/30/21 23:05","1110108.0"
"8/30/21 23:06","1514683.6"
"8/30/21 23:07","1460199.2"
"8/30/21 23:08","1731673.86666667"
"8/30/21 23:09","1075631.6"
"8/30/21 23:10","1294728.66666667"
"8/30/21 23:11","1742826.26666667"
"8/30/21 23:12","2072968.53333333"
"8/30/21 23:13","386043.6"
"8/30/21 23:14","4209.06666666667"
"8/30/21 23:15","4817.33333333333"
"8/30/21 23:16","5256.93333333333"
"8/30/21 23:17","1236.13333333333"
"8/30/21 23:18","3205.2"
"8/30/21 23:19","969.333333333333"
"8/30/21 23:20","51081.0666666667"
"8/30/21 23:21","741859.333333333"
"8/30/21 23:22","1289162.26666667"
"8/30/21 23:23","934727.333333333"
"8/30/21 23:24","930056.8"
"8/30/21 23:25","871214.933333333"
"8/30/21 23:26","879546.0"
"8/30/21 23:27","717784.266666667"
"8/30/21 23:28","312874.266666667"
"8/30/21 23:29","660775.333333333"
"8/30/21 23:30","844.266666666667"
"8/30/21 23:31","1217.73333333333"
"8/30/21 23:32","445.733333333333"
"8/30/21 23:33","445.2"
"8/30/21 23:34","457.733333333333"
"8/30/21 23:35","457.733333333333"
"8/30/21 23:36","464.0"
"8/30/21 23:37","445.733333333333"
"8/30/21 23:38","457.2"
"8/30/21 23:39","470.266666666667"
"8/30/21 23:40","445.2"
"8/30/21 23:41","457.733333333333"
"8/30/21 23:42","445.733333333333"
"8/30/21 23:43","1230.26666666667"
"8/30/21 23:44","476.0"
"8/30/21 23:45","445.2"




