8/29/2021 0:00,450.2133333
8/29/2021 0:05,456.3733333
8/29/2021 0:10,451.5733333
8/29/2021 0:15,450.32
8/29/2021 0:20,451.5733333
8/29/2021 0:25,452.9333333
8/29/2021 0:30,456.48
8/29/2021 0:35,450.32
8/29/2021 0:40,449.1733333
8/29/2021 0:45,445.4133333
8/29/2021 0:50,461.3866667
8/29/2021 0:55,449.1733333
8/29/2021 1:00,451.68
8/29/2021 1:05,455.2266667
8/29/2021 1:10,449.1733333
8/29/2021 1:15,449.1733333
8/29/2021 1:20,456.3733333
8/29/2021 1:25,447.92
8/29/2021 1:30,458.9866667
8/29/2021 1:35,449.1733333
8/29/2021 1:40,452.8266667
8/29/2021 1:45,103866.5333
8/29/2021 1:50,31450.02667
8/29/2021 1:55,43810.13333
8/29/2021 2:00,30666.24
8/29/2021 2:05,30241.46667
8/29/2021 2:10,29765.97333
8/29/2021 2:15,31105.89333
8/29/2021 2:20,32465.14667
8/29/2021 2:25,30780.96
8/29/2021 2:30,30179.84
8/29/2021 2:35,31978.45333
8/29/2021 2:40,30982.77333
8/29/2021 2:45,458.7733333
8/29/2021 2:50,451.68
8/29/2021 2:55,451.5733333
8/29/2021 3:00,454.08
8/29/2021 3:05,451.5733333
8/29/2021 3:10,452.8266667
8/29/2021 3:15,456.5866667
8/29/2021 3:20,451.5733333
8/29/2021 3:25,452.8266667
8/29/2021 3:30,451.68
8/29/2021 3:35,446.7733333
8/29/2021 3:40,450.32
8/29/2021 3:45,456.3733333
8/29/2021 3:50,451.68
8/29/2021 3:55,455.3333333
8/29/2021 4:00,451.5733333
8/29/2021 4:05,452.8266667
8/29/2021 4:10,456.3733333
8/29/2021 4:15,450.4266667
8/29/2021 4:20,456.48
8/29/2021 4:25,457.6266667
8/29/2021 4:30,449.1733333
8/29/2021 4:35,456.5866667
8/29/2021 4:40,451.68
8/29/2021 4:45,454.08
8/29/2021 4:50,451.5733333
8/29/2021 4:55,452.8266667
8/29/2021 5:00,449.28
8/29/2021 5:05,452.72
8/29/2021 5:10,451.68
8/29/2021 5:15,454.1866667
8/29/2021 5:20,450.4266667
8/29/2021 5:25,454.1866667
8/29/2021 5:30,450.32
8/29/2021 5:35,456.48
8/29/2021 5:40,452.72
8/29/2021 5:45,451.68
8/29/2021 5:50,453.8666667
8/29/2021 5:55,456.3733333
8/29/2021 6:00,452.8266667
8/29/2021 6:05,451.5733333
8/29/2021 6:10,454.08
8/29/2021 6:15,451.68
8/29/2021 6:20,452.8266667
8/29/2021 6:25,446.6666667
8/29/2021 6:30,454.1866667
8/29/2021 6:35,447.92
8/29/2021 6:40,456.48
8/29/2021 6:45,456.48
8/29/2021 6:50,450.2133333
8/29/2021 6:55,449.1733333
8/29/2021 7:00,451.5733333
8/29/2021 7:05,444.3733333
8/29/2021 7:10,455.2266667
8/29/2021 7:15,449.0666667
8/29/2021 7:20,451.5733333
8/29/2021 7:25,458.88
8/29/2021 7:30,456.3733333
8/29/2021 7:35,456.5866667
8/29/2021 7:40,445.4133333
8/29/2021 7:45,456.48
8/29/2021 7:50,453.9733333
8/29/2021 7:55,456.48
8/29/2021 8:00,450.32
8/29/2021 8:05,453.9733333
8/29/2021 8:10,454.08
8/29/2021 8:15,451.5733333
8/29/2021 8:20,454.08
8/29/2021 8:25,451.68
8/29/2021 8:30,454.08
8/29/2021 8:35,452.8266667
8/29/2021 8:40,453.9733333
8/29/2021 8:45,449.1733333
8/29/2021 8:50,456.48
8/29/2021 8:55,453.9733333
8/29/2021 9:00,105344.3733
8/29/2021 9:05,27464.18667
8/29/2021 9:10,43274.24
8/29/2021 9:15,36059.36
8/29/2021 9:20,34365.36
8/29/2021 9:25,34068.72
8/29/2021 9:30,30622.37333
8/29/2021 9:35,13994.98667
8/29/2021 9:40,451.5733333
8/29/2021 9:45,449.1733333
8/29/2021 9:50,460.1333333
8/29/2021 9:55,453.9733333
8/29/2021 10:00,56939.86667
8/29/2021 10:05,17447.36
8/29/2021 10:10,27255.17333
8/29/2021 10:15,78160.45333
8/29/2021 10:20,32251.22667
8/29/2021 10:25,34287.2
8/29/2021 10:30,30788.21333
8/29/2021 10:35,29102.72
8/29/2021 10:40,31144.8
8/29/2021 10:45,32804.72
8/29/2021 10:50,33910.34667
8/29/2021 10:55,30656.02667
8/29/2021 11:00,30456.90667
8/29/2021 11:05,30250.90667
8/29/2021 11:10,13054.45333
8/29/2021 11:15,455.2266667
8/29/2021 11:20,453.9733333
8/29/2021 11:25,458.88
8/29/2021 11:30,449.28
8/29/2021 11:35,452.72
8/29/2021 11:40,454.1866667
8/29/2021 11:45,454.08
8/29/2021 11:50,451.5733333
8/29/2021 11:55,455.12
8/29/2021 12:00,456.48
8/29/2021 12:05,455.2266667
8/29/2021 12:10,456.48
8/29/2021 12:15,458.88
8/29/2021 12:20,450.32
8/29/2021 12:25,451.68
8/29/2021 12:30,450.32
8/29/2021 12:35,454.08
8/29/2021 12:40,451.5733333
8/29/2021 12:45,452.72
8/29/2021 12:50,456.48
8/29/2021 12:55,451.5733333
8/29/2021 13:00,452.72
8/29/2021 13:05,461.4933333
8/29/2021 13:10,456.5866667
8/29/2021 13:15,452.8266667
8/29/2021 13:20,117062.64
8/29/2021 13:25,63406.74667
8/29/2021 13:30,51900.21333
8/29/2021 13:35,56501.46667
8/29/2021 13:40,50901.22667
8/29/2021 13:45,23663.65333
8/29/2021 13:50,454.08
8/29/2021 13:55,451.68
8/29/2021 14:00,451.5733333
8/29/2021 14:05,455.2266667
8/29/2021 14:10,449.1733333
8/29/2021 14:11,
8/29/2021 14:12,445.2
8/29/2021 14:13,464
8/29/2021 14:14,457.2
8/29/2021 14:15,445.7333333
8/29/2021 14:16,445.2
8/29/2021 14:17,445.7333333
8/29/2021 14:18,452
8/29/2021 14:19,457.7333333
8/29/2021 14:20,457.7333333
8/29/2021 14:21,457.7333333
8/29/2021 14:22,445.7333333
8/29/2021 14:23,451.4666667
8/29/2021 14:24,457.7333333
8/29/2021 14:25,470.2666667
8/29/2021 14:26,445.2
8/29/2021 14:27,469.7333333
8/29/2021 14:28,433.2
8/29/2021 14:29,464
8/29/2021 14:30,457.7333333
8/29/2021 14:31,445.7333333
8/29/2021 14:32,445.2
8/29/2021 14:33,457.7333333
8/29/2021 14:34,457.7333333
8/29/2021 14:35,457.7333333
8/29/2021 14:36,445.2
8/29/2021 14:37,464
8/29/2021 14:38,457.7333333
8/29/2021 14:39,445.2
8/29/2021 14:40,469.7333333
8/29/2021 14:41,445.2
8/29/2021 14:42,457.7333333
8/29/2021 14:43,469.7333333
8/29/2021 14:44,457.7333333
8/29/2021 14:45,439.4666667
8/29/2021 14:46,445.7333333
8/29/2021 14:47,445.2
8/29/2021 14:48,457.7333333
8/29/2021 14:49,457.7333333
8/29/2021 14:50,469.7333333
8/29/2021 14:51,445.2
8/29/2021 14:52,464
8/29/2021 14:53,445.7333333
8/29/2021 14:54,457.7333333
8/29/2021 14:55,457.7333333
8/29/2021 14:56,445.7333333
8/29/2021 14:57,469.7333333
8/29/2021 14:58,451.4666667
8/29/2021 14:59,445.7333333
8/29/2021 15:00,445.7333333
8/29/2021 15:01,457.7333333
8/29/2021 15:02,457.7333333
8/29/2021 15:03,469.7333333
8/29/2021 15:04,445.7333333
8/29/2021 15:05,463.4666667
8/29/2021 15:06,457.7333333
8/29/2021 15:07,457.7333333
8/29/2021 15:08,433.2
8/29/2021 15:09,464
8/29/2021 15:10,469.7333333
8/29/2021 15:11,433.2
8/29/2021 15:12,457.7333333
8/29/2021 15:13,445.2
8/29/2021 15:14,445.7333333
8/29/2021 15:15,445.7333333
8/29/2021 15:16,476
8/29/2021 15:17,457.7333333
8/29/2021 15:18,445.2
8/29/2021 15:19,457.7333333
8/29/2021 15:20,457.7333333
8/29/2021 15:21,433.2
8/29/2021 15:22,470.2666667
8/29/2021 15:23,464
8/29/2021 15:24,457.7333333
8/29/2021 15:25,457.7333333
8/29/2021 15:26,445.2
8/29/2021 15:27,457.7333333
8/29/2021 15:28,457.7333333
8/29/2021 15:29,451.4666667
8/29/2021 15:30,457.7333333
8/29/2021 15:31,433.2
8/29/2021 15:32,452
8/29/2021 15:33,457.7333333
8/29/2021 15:34,433.2
8/29/2021 15:35,457.7333333
8/29/2021 15:36,457.7333333
8/29/2021 15:37,445.2
8/29/2021 15:38,457.7333333
8/29/2021 15:39,433.2
8/29/2021 15:40,464
8/29/2021 15:41,457.7333333
8/29/2021 15:42,445.2
8/29/2021 15:43,457.7333333
8/29/2021 15:44,445.2
8/29/2021 15:45,457.7333333
8/29/2021 15:46,445.2
8/29/2021 15:47,451.4666667
8/29/2021 15:48,469.7333333
8/29/2021 15:49,459.3015873
8/29/2021 15:50,443.3684211
8/29/2021 15:51,457.2
8/29/2021 15:52,458.2666667
8/29/2021 15:53,469.7333333
8/29/2021 15:54,433.2
8/29/2021 15:55,464
8/29/2021 15:56,445.2
8/29/2021 15:57,457.7333333
8/29/2021 15:58,457.7333333
8/29/2021 15:59,433.2
8/29/2021 16:00,457.7333333
8/29/2021 16:01,445.2
8/29/2021 16:02,457.7333333
8/29/2021 16:03,451.4666667
8/29/2021 16:04,445.7333333
8/29/2021 16:05,457.7333333
8/29/2021 16:06,457.7333333
8/29/2021 16:07,445.2
8/29/2021 16:08,457.7333333
8/29/2021 16:09,452
8/29/2021 16:10,457.7333333
8/29/2021 16:11,469.7333333
8/29/2021 16:12,433.2
8/29/2021 16:13,457.7333333
8/29/2021 16:14,464
8/29/2021 16:15,457.7333333
8/29/2021 16:16,433.2
8/29/2021 16:17,445.2
8/29/2021 16:18,457.7333333
8/29/2021 16:19,457.7333333
8/29/2021 16:20,469.7333333
8/29/2021 16:21,451.4666667
8/29/2021 16:22,457.7333333
8/29/2021 16:23,445.7333333
8/29/2021 16:24,445.2
8/29/2021 16:25,457.7333333
8/29/2021 16:26,457.7333333
8/29/2021 16:27,445.7333333
8/29/2021 16:28,464
8/29/2021 16:29,457.7333333
8/29/2021 16:30,445.2
8/29/2021 16:31,445.7333333
8/29/2021 16:32,457.7333333
8/29/2021 16:33,457.7333333
8/29/2021 16:34,457.7333333
8/29/2021 16:35,433.2
8/29/2021 16:36,445.7333333
8/29/2021 16:37,463.4666667
8/29/2021 16:38,445.7333333
8/29/2021 16:39,469.7333333
8/29/2021 16:40,457.7333333
8/29/2021 16:41,439.4666667
8/29/2021 16:42,445.7333333
8/29/2021 16:43,445.7333333
8/29/2021 16:44,445.2
8/29/2021 16:45,457.7333333
8/29/2021 16:46,457.7333333
8/29/2021 16:47,445.7333333
8/29/2021 16:48,457.7333333
8/29/2021 16:49,445.2
8/29/2021 16:50,452
8/29/2021 16:51,433.2
8/29/2021 16:52,457.7333333
8/29/2021 16:53,457.7333333
8/29/2021 16:54,457.7333333
8/29/2021 16:55,457.2
8/29/2021 16:56,457.7333333
8/29/2021 16:57,464
8/29/2021 16:58,457.7333333
8/29/2021 16:59,445.2
8/29/2021 17:00,470.2666667
8/29/2021 17:01,445.7333333
8/29/2021 17:02,457.7333333
8/29/2021 17:03,464
8/29/2021 17:04,445.2
8/29/2021 17:05,470.2666667
8/29/2021 17:06,445.2
8/29/2021 17:07,445.2
8/29/2021 17:08,457.7333333
8/29/2021 17:09,457.7333333
8/29/2021 17:10,464
8/29/2021 17:11,457.7333333
8/29/2021 17:12,457.7333333
8/29/2021 17:13,445.7333333
8/29/2021 17:14,457.7333333
8/29/2021 17:15,445.2
8/29/2021 17:16,464.5333333
8/29/2021 17:17,457.2
8/29/2021 17:18,445.7333333
8/29/2021 17:19,457.2
8/29/2021 17:20,457.7333333
8/29/2021 17:21,445.7333333
8/29/2021 17:22,464
8/29/2021 17:23,445.7333333
8/29/2021 17:24,457.2
8/29/2021 17:25,458.2666667
8/29/2021 17:26,432.6666667
8/29/2021 17:27,476
8/29/2021 17:28,457.7333333
8/29/2021 17:29,445.2
8/29/2021 17:30,457.7333333
8/29/2021 17:31,445.7333333
8/29/2021 17:32,457.7333333
8/29/2021 17:33,445.2
8/29/2021 17:34,457.7333333
8/29/2021 17:35,451.4666667
8/29/2021 17:36,457.7333333
8/29/2021 17:37,445.2
8/29/2021 17:38,445.2
8/29/2021 17:39,21798.13333
8/29/2021 17:40,123651.4667
8/29/2021 17:41,267233.4667
8/29/2021 17:42,40263.33333
8/29/2021 17:43,76193.73333
8/29/2021 17:44,48751.6
8/29/2021 17:45,31350.26667
8/29/2021 17:46,37857.33333
8/29/2021 17:47,32482.53333
8/29/2021 17:48,31941.6
8/29/2021 17:49,32826.26667
8/29/2021 17:50,27249.33333
8/29/2021 17:51,39233.2
8/29/2021 17:52,39980.8
8/29/2021 17:53,38762.8
8/29/2021 17:54,38279.2
8/29/2021 17:55,28799.6
8/29/2021 17:56,36660.66667
8/29/2021 17:57,33878.13333
8/29/2021 17:58,32354.8
8/29/2021 17:59,30534
8/29/2021 18:00,28527.06667
8/29/2021 18:01,42465.46667
8/29/2021 18:02,39843.73333
8/29/2021 18:03,29998.13333
8/29/2021 18:04,35898.26667
8/29/2021 18:05,57316.93333
8/29/2021 18:06,89617.86667
8/29/2021 18:07,109284.6667
8/29/2021 18:08,119992.1333
8/29/2021 18:09,792016.9333
8/29/2021 18:10,109482.5333
8/29/2021 18:11,109780.9333
8/29/2021 18:12,129261.6
8/29/2021 18:13,115816
8/29/2021 18:14,40425.06667
8/29/2021 18:15,569.7333333
8/29/2021 18:16,57528.66667
8/29/2021 18:17,483.4666667
8/29/2021 18:18,457.7333333
8/29/2021 18:19,457.7333333
8/29/2021 18:20,457.7333333
8/29/2021 18:21,445.7333333
8/29/2021 18:22,445.2
8/29/2021 18:23,445.2
8/29/2021 18:24,457.7333333
8/29/2021 18:25,457.7333333
8/29/2021 18:26,445.2
8/29/2021 18:27,457.7333333
8/29/2021 18:28,464
8/29/2021 18:29,445.2
8/29/2021 18:30,445.7333333
8/29/2021 18:31,469.7333333
8/29/2021 18:32,457.7333333
8/29/2021 18:33,433.2
8/29/2021 18:34,457.7333333
8/29/2021 18:35,464
8/29/2021 18:36,445.2
8/29/2021 18:37,457.7333333
8/29/2021 18:38,457.7333333
8/29/2021 18:39,457.2
8/29/2021 18:40,457.7333333
8/29/2021 18:41,451.4666667
8/29/2021 18:42,457.7333333
8/29/2021 18:43,457.7333333
8/29/2021 18:44,457.7333333
8/29/2021 18:45,445.2
8/29/2021 18:46,445.7333333
8/29/2021 18:47,457.7333333
8/29/2021 18:48,464
8/29/2021 18:49,445.2
8/29/2021 18:50,457.7333333
8/29/2021 18:51,457.7333333
8/29/2021 18:52,457.7333333
8/29/2021 18:53,445.2
8/29/2021 18:54,476
8/29/2021 18:55,433.2
8/29/2021 18:56,445.7333333
8/29/2021 18:57,469.7333333
8/29/2021 18:58,445.7333333
8/29/2021 18:59,476
8/29/2021 19:00,445.2
8/29/2021 19:01,457.7333333
8/29/2021 19:02,445.7333333
8/29/2021 19:03,445.2
8/29/2021 19:04,445.7333333
8/29/2021 19:05,457.2
8/29/2021 19:06,445.7333333
8/29/2021 19:07,451.4666667
8/29/2021 19:08,457.7333333
8/29/2021 19:09,433.2
8/29/2021 19:10,114389.0667
8/29/2021 19:11,2374.266667
8/29/2021 19:12,569.7333333
8/29/2021 19:13,1315.733333
8/29/2021 19:14,2163.2
8/29/2021 19:15,279224.8
8/29/2021 19:16,70306.93333
8/29/2021 19:17,147878
8/29/2021 19:18,32489.06667
8/29/2021 19:19,31267.86667
8/29/2021 19:20,59857.33333
8/29/2021 19:21,122234.1333
8/29/2021 19:22,104467.6
8/29/2021 19:23,152215.6
8/29/2021 19:24,162713.7333
8/29/2021 19:25,133211.6
8/29/2021 19:26,128467.4667
8/29/2021 19:27,120199.6
8/29/2021 19:28,104427.4667
8/29/2021 19:29,107461.8667
8/29/2021 19:30,122950.8
8/29/2021 19:31,101731.8667
8/29/2021 19:32,131216
8/29/2021 19:33,134899.8667
8/29/2021 19:34,100436.8
8/29/2021 19:35,110774.9333
8/29/2021 19:36,118582.1333
8/29/2021 19:37,139624.4
8/29/2021 19:38,545713.4667
8/29/2021 19:39,124580.9333
8/29/2021 19:40,108490.9333
8/29/2021 19:41,157652.6667
8/29/2021 19:42,163092.8
8/29/2021 19:43,171272.9333
8/29/2021 19:44,122322.1333
8/29/2021 19:45,127200.6667
8/29/2021 19:46,100980.6667
8/29/2021 19:47,159051.6
8/29/2021 19:48,156257.6
8/29/2021 19:49,109745.2
8/29/2021 19:50,123810
8/29/2021 19:51,123573.3333
8/29/2021 19:52,180730.2667
8/29/2021 19:53,171653.4667
8/29/2021 19:54,147024.2667
8/29/2021 19:55,133404.2667
8/29/2021 19:56,111410
8/29/2021 19:57,117929.8667
8/29/2021 19:58,115359.6
8/29/2021 19:59,128236.8
8/29/2021 20:00,132300.5333
8/29/2021 20:01,124846.4
8/29/2021 20:02,126617.8667
8/29/2021 20:03,121441.2
8/29/2021 20:04,183530
8/29/2021 20:05,127866
8/29/2021 20:06,115386
8/29/2021 20:07,104264.6667
8/29/2021 20:08,140224.5333
8/29/2021 20:09,120446.2667
8/29/2021 20:10,117862.1333
8/29/2021 20:11,133866.1333
8/29/2021 20:12,152571.3333
8/29/2021 20:13,118913.7333
8/29/2021 20:14,110506.9333
8/29/2021 20:15,120895.6
8/29/2021 20:16,110087.8667
8/29/2021 20:17,132435.7333
8/29/2021 20:18,139716.4
8/29/2021 20:19,129201.0667
8/29/2021 20:20,103302
8/29/2021 20:21,114257.2
8/29/2021 20:22,101983.0667
8/29/2021 20:23,98911.86667
8/29/2021 20:24,119251.2
8/29/2021 20:25,119278.8
8/29/2021 20:26,110878.8
8/29/2021 20:27,112859.0667
8/29/2021 20:28,100347.8667
8/29/2021 20:29,102612.5333
8/29/2021 20:30,116281.0667
8/29/2021 20:31,111315.4667
8/29/2021 20:32,104693.2
8/29/2021 20:33,135255.6
8/29/2021 20:34,104504.4
8/29/2021 20:35,112661.6
8/29/2021 20:36,162908
8/29/2021 20:37,108757.6
8/29/2021 20:38,158682.4
8/29/2021 20:39,115879.4667
8/29/2021 20:40,108804.4
8/29/2021 20:41,109863.3333
8/29/2021 20:42,146393.8667
8/29/2021 20:43,125019.3333
8/29/2021 20:44,118844.8
8/29/2021 20:45,138142.1333
8/29/2021 20:46,109309.4667
8/29/2021 20:47,103169.3333
8/29/2021 20:48,115392.6667
8/29/2021 20:49,109834.2667
8/29/2021 20:50,120386.9333
8/29/2021 20:51,116311.2
8/29/2021 20:52,97173.33333
8/29/2021 20:53,105047.2
8/29/2021 20:54,113866.5333
8/29/2021 20:55,112888.8
8/29/2021 20:56,119293.7333
8/29/2021 20:57,120893.0667
8/29/2021 20:58,104871.8667
8/29/2021 20:59,86196.26667
8/29/2021 21:00,35823.46667
8/29/2021 21:01,71517.06667
8/29/2021 21:02,68882.53333
8/29/2021 21:03,123103.3333
8/29/2021 21:04,106608.5333
8/29/2021 21:05,114663.6
8/29/2021 21:06,130711.8667
8/29/2021 21:07,116413.2
8/29/2021 21:08,120603.7333
8/29/2021 21:09,124731.4667
8/29/2021 21:10,121171.6
8/29/2021 21:11,147883.7333
8/29/2021 21:12,138506.5333
8/29/2021 21:13,137371.6
8/29/2021 21:14,142022
8/29/2021 21:15,149171.0667
8/29/2021 21:16,135490.8
8/29/2021 21:17,132986.5333
8/29/2021 21:18,149285.2
8/29/2021 21:19,27917.33333
8/29/2021 21:20,94120.93333
8/29/2021 21:21,99092.53333
8/29/2021 21:22,109932.4
8/29/2021 21:23,108239.7333
8/29/2021 21:24,130136.6667
8/29/2021 21:25,136142.1333
8/29/2021 21:26,125042.5333
8/29/2021 21:27,142467.6
8/29/2021 21:28,132027.4667
8/29/2021 21:29,147803.3333
8/29/2021 21:30,158773.0667
8/29/2021 21:31,135681.6
8/29/2021 21:32,59772.26667
8/29/2021 21:33,53325.73333
8/29/2021 21:34,62277.33333
8/29/2021 21:35,592.1333333
8/29/2021 21:36,469.7333333
8/29/2021 21:37,457.7333333
8/29/2021 21:38,445.7333333
8/29/2021 21:39,445.2
8/29/2021 21:40,252207.7333
8/29/2021 21:41,94658
8/29/2021 21:42,557.2
8/29/2021 21:43,461.7333333
8/29/2021 21:44,106283.7333
8/29/2021 21:45,256594.6667
8/29/2021 21:46,38459.73333
8/29/2021 21:47,29504.93333
8/29/2021 21:48,34839.33333
8/29/2021 21:49,32878.93333
8/29/2021 21:50,50926.8
8/29/2021 21:51,131733.7333
8/29/2021 21:52,119810.1333
8/29/2021 21:53,119818.2667
8/29/2021 21:54,119337.7333
8/29/2021 21:55,107660.5333
8/29/2021 21:56,106293.2
8/29/2021 21:57,124217.2
8/29/2021 21:58,101177.6
8/29/2021 21:59,107634.6667
8/29/2021 22:00,116187.7333
8/29/2021 22:01,119283.2
8/29/2021 22:02,127324.1333
8/29/2021 22:03,129133.2
8/29/2021 22:04,127681.8667
8/29/2021 22:05,114397.4667
8/29/2021 22:06,123257.3333
8/29/2021 22:07,110875.7333
8/29/2021 22:08,137986.2667
8/29/2021 22:09,128138.2667
8/29/2021 22:10,109703.7333
8/29/2021 22:11,113147.7333
8/29/2021 22:12,127530.6667
8/29/2021 22:13,123191.8667
8/29/2021 22:14,110053.2
8/29/2021 22:15,124186.9333
8/29/2021 22:16,110876.5333
8/29/2021 22:17,109383.7333
8/29/2021 22:18,125868.1333
8/29/2021 22:19,114032.6667
8/29/2021 22:20,106373.3333
8/29/2021 22:21,121041.3333
8/29/2021 22:22,117794.8
8/29/2021 22:23,114939.2
8/29/2021 22:24,124040.5333
8/29/2021 22:25,149254.9333
8/29/2021 22:26,129306.9333
8/29/2021 22:27,129558.8
8/29/2021 22:28,112814.8
8/29/2021 22:29,109537.0667
8/29/2021 22:30,121140.5333
8/29/2021 22:31,126182.6667
8/29/2021 22:32,128986.4
8/29/2021 22:33,123928.6667
8/29/2021 22:34,107739.3333
8/29/2021 22:35,115784.2667
8/29/2021 22:36,116462.2667
8/29/2021 22:37,104001.7333
8/29/2021 22:38,44828.13333
8/29/2021 22:39,34358.8
8/29/2021 22:40,68276
8/29/2021 22:41,121198.1333
8/29/2021 22:42,123748.6667
8/29/2021 22:43,113381.8667
8/29/2021 22:44,106980.6667
8/29/2021 22:45,122244.4
8/29/2021 22:46,109762
8/29/2021 22:47,63381.73333
8/29/2021 22:48,105712.5333
8/29/2021 22:49,120538.6667
8/29/2021 22:50,108238.5333
8/29/2021 22:51,9955.2
8/29/2021 22:52,67038
8/29/2021 22:53,67487.6
8/29/2021 22:54,38540
8/29/2021 22:55,84034
8/29/2021 22:56,123331.0667
8/29/2021 22:57,136796.5333
8/29/2021 22:58,141226.6667
8/29/2021 22:59,134785.8667
8/29/2021 23:00,144524.6667
8/29/2021 23:01,134398.5333
8/29/2021 23:02,136597.2
8/29/2021 23:03,143516.2667
8/29/2021 23:04,139148.8
8/29/2021 23:05,133886.2667
8/29/2021 23:06,140115.4667
8/29/2021 23:07,130758.2667
8/29/2021 23:08,147800.8
8/29/2021 23:09,143307.6
8/29/2021 23:10,131019.2
8/29/2021 23:11,130706.9333
8/29/2021 23:12,141052.5333
8/29/2021 23:13,133777.2
8/29/2021 23:14,139202.6667
8/29/2021 23:15,150929.7333
8/29/2021 23:16,127468.9333
8/29/2021 23:17,136649.3333
8/29/2021 23:18,137522.2667
8/29/2021 23:19,133334.8
8/29/2021 23:20,138590.4
8/29/2021 23:21,147861.7333
8/29/2021 23:22,128386
8/29/2021 23:23,139493.8667
8/29/2021 23:24,136977.4667
8/29/2021 23:25,136346.1333
8/29/2021 23:26,136829.0667
8/29/2021 23:27,142467.7333
8/29/2021 23:28,134440.9333
8/29/2021 23:29,146002.8
8/29/2021 23:30,144457.6
8/29/2021 23:31,132229.0667
8/29/2021 23:32,150746.8
8/29/2021 23:33,144593.2
8/29/2021 23:34,144726.1333
8/29/2021 23:35,139066.1333
8/29/2021 23:36,188920.1333
8/29/2021 23:37,130267.7333
8/29/2021 23:38,135329.3333
8/29/2021 23:39,136411.6
8/29/2021 23:40,127877.4667
8/29/2021 23:41,132434
8/29/2021 23:42,139968.2667
8/29/2021 23:43,125557.3333
8/29/2021 23:44,130514.5333
8/29/2021 23:45,145384.8
8/29/2021 23:46,128348.6667
8/29/2021 23:47,128642.5333
8/29/2021 23:48,128868
8/29/2021 23:49,128475.4667
8/29/2021 23:50,127626.9333
8/29/2021 23:51,138426.6667
8/29/2021 23:52,122245.6
8/29/2021 23:53,126062.4
8/29/2021 23:54,150638.8
8/29/2021 23:55,134692.8
8/29/2021 23:56,132174.5333
8/29/2021 23:57,150505.8667
8/29/2021 23:58,138532.9333
8/29/2021 23:59,143614
8/30/2021 0:00,147824.6667
8/30/2021 0:01,135692
8/30/2021 0:02,110712.1333
8/30/2021 0:03,120694.2667
8/30/2021 0:04,111946.1333
8/30/2021 0:05,125058.2667
8/30/2021 0:06,123150.1333
8/30/2021 0:07,122300.5333
8/30/2021 0:08,116853.3333
8/30/2021 0:09,121870.8
8/30/2021 0:10,109929.0667
8/30/2021 0:11,117121.0667
8/30/2021 0:12,117133.7333
8/30/2021 0:13,100882.9333
8/30/2021 0:14,108626.5333
8/30/2021 0:15,117636.5333
8/30/2021 0:16,98597.6
8/30/2021 0:17,106279.2
8/30/2021 0:18,124353.2
8/30/2021 0:19,101866.8
8/30/2021 0:20,107318
8/30/2021 0:21,115165.8667
8/30/2021 0:22,100287.0667
8/30/2021 0:23,108398.5333
8/30/2021 0:24,120100.6667
8/30/2021 0:25,111194.8
8/30/2021 0:26,103411.6
8/30/2021 0:27,122203.7333
8/30/2021 0:28,113644.4
8/30/2021 0:29,101949.3333
8/30/2021 0:30,119209.3333
8/30/2021 0:31,100845.8667
8/30/2021 0:32,106021.4667
8/30/2021 0:33,149845.3333
8/30/2021 0:34,131548.8
8/30/2021 0:35,133713.8667
8/30/2021 0:36,140574
8/30/2021 0:37,126595.4667
8/30/2021 0:38,129293.3333
8/30/2021 0:39,148615.0667
8/30/2021 0:40,138934.4
8/30/2021 0:41,135950.4
8/30/2021 0:42,137626
8/30/2021 0:43,125483.2
8/30/2021 0:44,124274.2667
8/30/2021 0:45,150473.0667
8/30/2021 0:46,119318
8/30/2021 0:47,100498.6667
8/30/2021 0:48,112807.7333
8/30/2021 0:49,103323.0667
8/30/2021 0:50,94763.73333
8/30/2021 0:51,110672.9333
8/30/2021 0:52,104177.2
8/30/2021 0:53,99949.46667
8/30/2021 0:54,112658.4
8/30/2021 0:55,116769.2
8/30/2021 0:56,101319.8667
8/30/2021 0:57,63589.2
8/30/2021 0:58,64696.93333
8/30/2021 0:59,93201.46667
8/30/2021 1:00,50535.06667
8/30/2021 1:01,58625.33333
8/30/2021 1:02,187644.2667
8/30/2021 1:03,37739.86667
8/30/2021 1:04,31851.33333
8/30/2021 1:05,60730.53333
8/30/2021 1:06,65789.46667
8/30/2021 1:07,134127.8667
8/30/2021 1:08,102895.0667
8/30/2021 1:09,24188.26667
8/30/2021 1:10,22365.86667
8/30/2021 1:11,13668.26667
8/30/2021 1:12,19156.53333
8/30/2021 1:13,13109.46667
8/30/2021 1:14,10518.13333
8/30/2021 1:15,4823.466667
8/30/2021 1:16,135484.2667
8/30/2021 1:17,227825.7333
8/30/2021 1:18,59300.4
8/30/2021 1:19,68555.2
8/30/2021 1:20,93064.26667
8/30/2021 1:21,64797.6
8/30/2021 1:22,56083.6
8/30/2021 1:23,54932.4
8/30/2021 1:24,59833.86667
8/30/2021 1:25,83642.93333
8/30/2021 1:26,111355.8667
8/30/2021 1:27,111068.6667
8/30/2021 1:28,96336.4
8/30/2021 1:29,98157.33333
8/30/2021 1:30,111052.8
8/30/2021 1:31,101290
8/30/2021 1:32,95897.2
8/30/2021 1:33,98748.13333
8/30/2021 1:34,97102.53333
8/30/2021 1:35,113599.0667
8/30/2021 1:36,102280.4
8/30/2021 1:37,88077.46667
8/30/2021 1:38,101773.8667
8/30/2021 1:39,102495.3333
8/30/2021 1:40,91441.2
8/30/2021 1:41,91336.8
8/30/2021 1:42,104164.1333
8/30/2021 1:43,101591.7333
8/30/2021 1:44,94950.66667
8/30/2021 1:45,110046.4
8/30/2021 1:46,97351.2
8/30/2021 1:47,106284.2667
8/30/2021 1:48,130679.8667
8/30/2021 1:49,109910.2667
8/30/2021 1:50,128550.9333
8/30/2021 1:51,131923.3333
8/30/2021 1:52,118908.1333
8/30/2021 1:53,120322.8
8/30/2021 1:54,121462.5333
8/30/2021 1:55,122242.4
8/30/2021 1:56,129962
8/30/2021 1:57,137123.4667
8/30/2021 1:58,140221.2
8/30/2021 1:59,137809.0667
8/30/2021 2:00,123735.6
8/30/2021 2:01,116489.4667
8/30/2021 2:02,122913.2
8/30/2021 2:03,128171.7333
8/30/2021 2:04,123747.2
8/30/2021 2:05,121499.4667
8/30/2021 2:06,124118.8
8/30/2021 2:07,114914.4
8/30/2021 2:08,131000.1333
8/30/2021 2:09,131445.2
8/30/2021 2:10,117172.2667
8/30/2021 2:11,116283.7333
8/30/2021 2:12,133909.7333
8/30/2021 2:13,118270.2667
8/30/2021 2:14,116912.4
8/30/2021 2:15,132479.7333
8/30/2021 2:16,116550
8/30/2021 2:17,122740.2667
8/30/2021 2:18,125724.6667
8/30/2021 2:19,118611.7333
8/30/2021 2:20,124474
8/30/2021 2:21,131403.3333
8/30/2021 2:22,116371.7333
8/30/2021 2:23,89452.13333
8/30/2021 2:24,142565.2
8/30/2021 2:25,108860.5333
8/30/2021 2:26,92651.6
8/30/2021 2:27,102347.3333
8/30/2021 2:28,93729.86667
8/30/2021 2:29,92143.86667
8/30/2021 2:30,102736.9333
8/30/2021 2:31,94945.86667
8/30/2021 2:32,91741.73333
8/30/2021 2:33,103542.5333
8/30/2021 2:34,95730.93333
8/30/2021 2:35,96995.86667
8/30/2021 2:36,100676.2667
8/30/2021 2:37,90898.8
8/30/2021 2:38,102662.4
8/30/2021 2:39,109357.7333
8/30/2021 2:40,117716.1333
8/30/2021 2:41,119790.8
8/30/2021 2:42,105819.6
8/30/2021 2:43,90268.26667
8/30/2021 2:44,93547.33333
8/30/2021 2:45,126585.0667
8/30/2021 2:46,111640.9333
8/30/2021 2:47,117409.8667
8/30/2021 2:48,124565.4667
8/30/2021 2:49,124869.0667
8/30/2021 2:50,121279.8667
8/30/2021 2:51,128873.0667
8/30/2021 2:52,118601.2
8/30/2021 2:53,127479.2
8/30/2021 2:54,132010.9333
8/30/2021 2:55,138048
8/30/2021 2:56,119490.5333
8/30/2021 2:57,126302
8/30/2021 2:58,116543.7333
8/30/2021 2:59,124525.0667
8/30/2021 3:00,124588.4
8/30/2021 3:01,111653.7333
8/30/2021 3:02,114580.6667
8/30/2021 3:03,125208.1333
8/30/2021 3:04,106927.2
8/30/2021 3:05,106392.6667
8/30/2021 3:06,132156.4
8/30/2021 3:07,121223.0667
8/30/2021 3:08,131236
8/30/2021 3:09,125760.6667
8/30/2021 3:10,116038.4
8/30/2021 3:11,120488.2667
8/30/2021 3:12,109530.9333
8/30/2021 3:13,99146.4
8/30/2021 3:14,100569.7333
8/30/2021 3:15,116763.4667
8/30/2021 3:16,131429.8667
8/30/2021 3:17,112464
8/30/2021 3:18,111016.5333
8/30/2021 3:19,94589.46667
8/30/2021 3:20,88415.2
8/30/2021 3:21,101306
8/30/2021 3:22,85798.4
8/30/2021 3:23,96296.53333
8/30/2021 3:24,99196.93333
8/30/2021 3:25,91945.86667
8/30/2021 3:26,99347.33333
8/30/2021 3:27,92406.8
8/30/2021 3:28,102485.8667
8/30/2021 3:29,92952.26667
8/30/2021 3:30,108879.2
8/30/2021 3:31,91914.53333
8/30/2021 3:32,92128.8
8/30/2021 3:33,97171.73333
8/30/2021 3:34,90909.33333
8/30/2021 3:35,106671.7333
8/30/2021 3:36,99460.93333
8/30/2021 3:37,84211.86667
8/30/2021 3:38,94840.13333
8/30/2021 3:39,106206.6667
8/30/2021 3:40,88120.8
8/30/2021 3:41,94807.33333
8/30/2021 3:42,101074.6667
8/30/2021 3:43,88472.53333
8/30/2021 3:44,87949.46667
8/30/2021 3:45,29306.8
8/30/2021 3:46,60286.8
8/30/2021 3:47,85890.4
8/30/2021 3:48,51403.46667
8/30/2021 3:49,45216.66667
8/30/2021 3:50,68481.6
8/30/2021 3:51,2470.8
8/30/2021 3:52,52088
8/30/2021 3:53,261768.4
8/30/2021 3:54,77936.8
8/30/2021 3:55,62175.06667
8/30/2021 3:56,85485.33333
8/30/2021 3:57,176527.4667
8/30/2021 3:58,76890
8/30/2021 3:59,19641.86667
8/30/2021 4:00,131192.5333
8/30/2021 4:01,155805.0667
8/30/2021 4:02,99942.53333
8/30/2021 4:03,98228.93333
8/30/2021 4:04,86714
8/30/2021 4:05,63447.46667
8/30/2021 4:06,31048.13333
8/30/2021 4:07,62929.2
8/30/2021 4:08,71192
8/30/2021 4:09,32672.93333
8/30/2021 4:10,46443.46667
8/30/2021 4:11,85759.2
8/30/2021 4:12,57456.26667
8/30/2021 4:13,9501.333333
8/30/2021 4:14,656.1333333
8/30/2021 4:15,1702.4
8/30/2021 4:16,9381.066667
8/30/2021 4:17,7267.733333
8/30/2021 4:18,18657.06667
8/30/2021 4:19,59339.46667
8/30/2021 4:20,1546.533333
8/30/2021 4:21,62084.53333
8/30/2021 4:22,1241.2
8/30/2021 4:23,35522.8
8/30/2021 4:24,2083.333333
8/30/2021 4:25,457.7333333
8/30/2021 4:26,457.2
8/30/2021 4:27,5468.4
8/30/2021 4:28,4277.466667
8/30/2021 4:29,569.7333333
8/30/2021 4:30,509.2
8/30/2021 4:31,457.7333333
8/30/2021 4:32,470.2666667
8/30/2021 4:33,433.2
8/30/2021 4:34,457.7333333
8/30/2021 4:35,457.7333333
8/30/2021 4:36,457.7333333
8/30/2021 4:37,451.4666667
8/30/2021 4:38,457.7333333
8/30/2021 4:39,433.2
8/30/2021 4:40,445.7333333
8/30/2021 4:41,457.7333333
8/30/2021 4:42,445.7333333
8/30/2021 4:43,451.4666667
8/30/2021 4:44,457.7333333
8/30/2021 4:45,457.2
8/30/2021 4:46,445.7333333
8/30/2021 4:47,457.7333333
8/30/2021 4:48,445.2
8/30/2021 4:49,445.2
8/30/2021 4:50,464
8/30/2021 4:51,445.7333333
8/30/2021 4:52,445.2
8/30/2021 4:53,445.2
8/30/2021 4:54,25862.66667
8/30/2021 4:55,204819.3333
8/30/2021 4:56,73157.46667
8/30/2021 4:57,25004.13333
8/30/2021 4:58,35790.66667
8/30/2021 4:59,71332.66667
8/30/2021 5:00,82945.86667
8/30/2021 5:01,34538.66667
8/30/2021 5:02,37628.13333
8/30/2021 5:03,35213.73333
8/30/2021 5:04,31931.06667
8/30/2021 5:05,51420.8
8/30/2021 5:06,95144.13333
8/30/2021 5:07,91297.06667
8/30/2021 5:08,97578.26667
8/30/2021 5:09,107895.4667
8/30/2021 5:10,89713.86667
8/30/2021 5:11,87323.86667
8/30/2021 5:12,96512.26667
8/30/2021 5:13,84891.2
8/30/2021 5:14,115213.2
8/30/2021 5:15,104485.4667
8/30/2021 5:16,84742.53333
8/30/2021 5:17,85494.13333
8/30/2021 5:18,93734.26667
8/30/2021 5:19,83296.53333
8/30/2021 5:20,85632.66667
8/30/2021 5:21,92056.66667
8/30/2021 5:22,86935.86667
8/30/2021 5:23,87752.53333
8/30/2021 5:24,92487.2
8/30/2021 5:25,89620.8
8/30/2021 5:26,85794.66667
8/30/2021 5:27,101006.9333
8/30/2021 5:28,85053.2
8/30/2021 5:29,93648.8
8/30/2021 5:30,106155.8667
8/30/2021 5:31,48639.86667
8/30/2021 5:32,37577.33333
8/30/2021 5:33,45625.46667
8/30/2021 5:34,48361.33333
8/30/2021 5:35,57926.13333
8/30/2021 5:36,53399.2
8/30/2021 5:37,48899.86667
8/30/2021 5:38,51960.93333
8/30/2021 5:39,94612.8
8/30/2021 5:40,86233.33333
8/30/2021 5:41,84708
8/30/2021 5:42,106936.6667
8/30/2021 5:43,101070.5333
8/30/2021 5:44,91406.13333
8/30/2021 5:45,100928.6667
8/30/2021 5:46,81491.2
8/30/2021 5:47,100067.7333
8/30/2021 5:48,100153.3333
8/30/2021 5:49,86993.86667
8/30/2021 5:50,88085.33333
8/30/2021 5:51,99710.66667
8/30/2021 5:52,92812.8
8/30/2021 5:53,91292.53333
8/30/2021 5:54,94706.53333
8/30/2021 5:55,93849.6
8/30/2021 5:56,86588.53333
8/30/2021 5:57,100176.8
8/30/2021 5:58,82094.4
8/30/2021 5:59,85553.46667
8/30/2021 6:00,100964.6667
8/30/2021 6:01,86167.46667
8/30/2021 6:02,85679.86667
8/30/2021 6:03,93697.86667
8/30/2021 6:04,85900.93333
8/30/2021 6:05,93090
8/30/2021 6:06,88583.06667
8/30/2021 6:07,84828.93333
8/30/2021 6:08,99859.33333
8/30/2021 6:09,98591.6
8/30/2021 6:10,90997.33333
8/30/2021 6:11,84992.53333
8/30/2021 6:12,99241.33333
8/30/2021 6:13,87853.6
8/30/2021 6:14,92356.93333
8/30/2021 6:15,92805.86667
8/30/2021 6:16,98783.46667
8/30/2021 6:17,99614.26667
8/30/2021 6:18,103431.3333
8/30/2021 6:19,84089.6
8/30/2021 6:20,86521.6
8/30/2021 6:21,96035.86667
8/30/2021 6:22,91672
8/30/2021 6:23,89005.2
8/30/2021 6:24,91640
8/30/2021 6:25,95123.46667
8/30/2021 6:26,88184.93333
8/30/2021 6:27,99483.33333
8/30/2021 6:28,104227.8667
8/30/2021 6:29,88749.2
8/30/2021 6:30,95284.66667
8/30/2021 6:31,85428.13333
8/30/2021 6:32,87678.13333
8/30/2021 6:33,96928.13333
8/30/2021 6:34,86361.06667
8/30/2021 6:35,90271.2
8/30/2021 6:36,92752.93333
8/30/2021 6:37,87286
8/30/2021 6:38,90996.93333
8/30/2021 6:39,100514.9333
8/30/2021 6:40,85130.66667
8/30/2021 6:41,90028
8/30/2021 6:42,95833.6
8/30/2021 6:43,85894.13333
8/30/2021 6:44,92082.93333
8/30/2021 6:45,100621.3333
8/30/2021 6:46,86258.13333
8/30/2021 6:47,96370.8
8/30/2021 6:48,126201.0667
8/30/2021 6:49,112364.8
8/30/2021 6:50,496008.4
8/30/2021 6:51,109038.4
8/30/2021 6:52,92354.53333
8/30/2021 6:53,130558
8/30/2021 6:54,88792
8/30/2021 6:55,103180.2667
8/30/2021 6:56,91600.4
8/30/2021 6:57,93947.06667
8/30/2021 6:58,92765.6
8/30/2021 6:59,93558.4
8/30/2021 7:00,96446.93333
8/30/2021 7:01,85753.33333
8/30/2021 7:02,87019.2
8/30/2021 7:03,97475.86667
8/30/2021 7:04,88501.86667
8/30/2021 7:05,96179.33333
8/30/2021 7:06,95962.8
8/30/2021 7:07,92725.46667
8/30/2021 7:08,101393.2
8/30/2021 7:09,96839.06667
8/30/2021 7:10,94383.2
8/30/2021 7:11,96216.66667
8/30/2021 7:12,108185.0667
8/30/2021 7:13,97892.66667
8/30/2021 7:14,90378.8
8/30/2021 7:15,102720.6667
8/30/2021 7:16,93400.93333
8/30/2021 7:17,91936.53333
8/30/2021 7:18,102752.9333
8/30/2021 7:19,95296.4
8/30/2021 7:20,98802.8
8/30/2021 7:21,99007.06667
8/30/2021 7:22,93270.53333
8/30/2021 7:23,94525.33333
8/30/2021 7:24,110748.5333
8/30/2021 7:25,104834
8/30/2021 7:26,94600.53333
8/30/2021 7:27,104304.9333
8/30/2021 7:28,91730.4
8/30/2021 7:29,98754.53333
8/30/2021 7:30,97615.86667
8/30/2021 7:31,94831.2
8/30/2021 7:32,95353.06667
8/30/2021 7:33,101720
8/30/2021 7:34,91829.73333
8/30/2021 7:35,98704.66667
8/30/2021 7:36,98388.8
8/30/2021 7:37,92756.53333
8/30/2021 7:38,94083.86667
8/30/2021 7:39,96024.8
8/30/2021 7:40,92773.33333
8/30/2021 7:41,96086.53333
8/30/2021 7:42,97813.86667
8/30/2021 7:43,83889.73333
8/30/2021 7:44,89905.86667
8/30/2021 7:45,105274.4
8/30/2021 7:46,97240.26667
8/30/2021 7:47,100998.9333
8/30/2021 7:48,95696.93333
8/30/2021 7:49,94943.73333
8/30/2021 7:50,91230
8/30/2021 7:51,100240.2667
8/30/2021 7:52,101089.6
8/30/2021 7:53,97780
8/30/2021 7:54,106765.4667
8/30/2021 7:55,100022
8/30/2021 7:56,97989.86667
8/30/2021 7:57,108189.0667
8/30/2021 7:58,106492
8/30/2021 7:59,96399.6
8/30/2021 8:00,98440
8/30/2021 8:01,100018.6667
8/30/2021 8:02,93794.8
8/30/2021 8:03,101050.9333
8/30/2021 8:04,90625.06667
8/30/2021 8:05,97440.53333
8/30/2021 8:06,103566.8
8/30/2021 8:07,98589.06667
8/30/2021 8:08,106369.6
8/30/2021 8:09,99054.13333
8/30/2021 8:10,89225.73333
8/30/2021 8:11,92205.06667
8/30/2021 8:12,98978.66667
8/30/2021 8:13,93487.6
8/30/2021 8:14,97077.2
8/30/2021 8:15,109222.5333
8/30/2021 8:16,96998.53333
8/30/2021 8:17,101230.8
8/30/2021 8:18,104901.7333
8/30/2021 8:19,105678.6667
8/30/2021 8:20,95994.8
8/30/2021 8:21,101251.2
8/30/2021 8:22,101734.5333
8/30/2021 8:23,95862.26667
8/30/2021 8:24,125381.6
8/30/2021 8:25,121892.4
8/30/2021 8:26,92066.93333
8/30/2021 8:27,103728
8/30/2021 8:28,100524.1333
8/30/2021 8:29,99929.73333
8/30/2021 8:30,108665.3333
8/30/2021 8:31,91280.53333
8/30/2021 8:32,101456.2667
8/30/2021 8:33,103123.2
8/30/2021 8:34,95392.4
8/30/2021 8:35,120922.6667
8/30/2021 8:36,111143.2
8/30/2021 8:37,109120.2667
8/30/2021 8:38,141495.3333
8/30/2021 8:39,110057.0667
8/30/2021 8:40,100391.6
8/30/2021 8:41,102666
8/30/2021 8:42,140577.8667
8/30/2021 8:43,131408.1333
8/30/2021 8:44,111670.1333
8/30/2021 8:45,116975.7333
8/30/2021 8:46,98165.73333
8/30/2021 8:47,95735.2
8/30/2021 8:48,101377.8667
8/30/2021 8:49,103914.5333
8/30/2021 8:50,475673.8667
8/30/2021 8:51,129674
8/30/2021 8:52,107525.0667
8/30/2021 8:53,105865.2
8/30/2021 8:54,113941.7333
8/30/2021 8:55,107092.2667
8/30/2021 8:56,108279.0667
8/30/2021 8:57,109461.0667
8/30/2021 8:58,103546
8/30/2021 8:59,101911.3333
8/30/2021 9:00,111019.2
8/30/2021 9:01,111769.7333
8/30/2021 9:02,102587.8667
8/30/2021 9:03,108852.8
8/30/2021 9:04,104054.9333
8/30/2021 9:05,106161.6
8/30/2021 9:06,110955.4667
8/30/2021 9:07,104247.6
8/30/2021 9:08,104219.7333
8/30/2021 9:09,109686.5333
8/30/2021 9:10,109514
8/30/2021 9:11,101629.3333
8/30/2021 9:12,104656.5333
8/30/2021 9:13,100710
8/30/2021 9:14,104025.2
8/30/2021 9:15,114463.8667
8/30/2021 9:16,103599.2
8/30/2021 9:17,109459.3333
8/30/2021 9:18,114267.8667
8/30/2021 9:19,103638.6667
8/30/2021 9:20,101884.1333
8/30/2021 9:21,109762.8
8/30/2021 9:22,105201.7333
8/30/2021 9:23,106015.2
8/30/2021 9:24,110278.2667
8/30/2021 9:25,102129.4667
8/30/2021 9:26,102561.3333
8/30/2021 9:27,116746.8
8/30/2021 9:28,96070.93333
8/30/2021 9:29,102565.4667
8/30/2021 9:30,109085.6
8/30/2021 9:31,118396
8/30/2021 9:32,103156.1333
8/30/2021 9:33,113831.7333
8/30/2021 9:34,117782.5333
8/30/2021 9:35,128329.3333
8/30/2021 9:36,137162.2667
8/30/2021 9:37,39238.8
8/30/2021 9:38,36234.53333
8/30/2021 9:39,46633.06667
8/30/2021 9:40,19359.46667
8/30/2021 9:41,26086.8
8/30/2021 9:42,37196.93333
8/30/2021 9:43,53574
8/30/2021 9:44,50612.93333
8/30/2021 9:45,56293.33333
8/30/2021 9:46,101382.4
8/30/2021 9:47,105404.9333
8/30/2021 9:48,113442.6667
8/30/2021 9:49,98012.13333
8/30/2021 9:50,100604
8/30/2021 9:51,117453.3333
8/30/2021 9:52,120330.8
8/30/2021 9:53,97013.06667
8/30/2021 9:54,104927.6
8/30/2021 9:55,124190.5333
8/30/2021 9:56,100896.1333
8/30/2021 9:57,101222.4
8/30/2021 9:58,98978.4
8/30/2021 9:59,106022.1333
8/30/2021 10:00,97320.13333
8/30/2021 10:01,24364.8
8/30/2021 10:02,51745.73333
8/30/2021 10:03,60471.6
8/30/2021 10:04,39914.8
8/30/2021 10:05,57572.4
8/30/2021 10:06,119967.0667
8/30/2021 10:07,64067.73333
8/30/2021 10:08,8042.933333
8/30/2021 10:09,3076
8/30/2021 10:10,1021.2
8/30/2021 10:11,243015.3333
8/30/2021 10:12,45414.26667
8/30/2021 10:13,17031.46667
8/30/2021 10:14,256427.3333
8/30/2021 10:15,15551.86667
8/30/2021 10:16,9726.933333
8/30/2021 10:17,26161.33333
8/30/2021 10:18,9896.266667
8/30/2021 10:19,12392.93333
8/30/2021 10:20,15015.33333
8/30/2021 10:21,2949.2
8/30/2021 10:22,182073.3333
8/30/2021 10:23,114432.9333
8/30/2021 10:24,24728.8
8/30/2021 10:25,46297.46667
8/30/2021 10:26,92536
8/30/2021 10:27,30570.4
8/30/2021 10:28,32055.46667
8/30/2021 10:29,28493.73333
8/30/2021 10:30,47385.33333
8/30/2021 10:31,103532.8
8/30/2021 10:32,110585.0667
8/30/2021 10:33,106125.7333
8/30/2021 10:34,99232.66667
8/30/2021 10:35,105131.3333
8/30/2021 10:36,104084.2667
8/30/2021 10:37,97704.93333
8/30/2021 10:38,97845.73333
8/30/2021 10:39,107088
8/30/2021 10:40,95476.26667
8/30/2021 10:41,110889.4667
8/30/2021 10:42,129541.4667
8/30/2021 10:43,98330.8
8/30/2021 10:44,100540.1333
8/30/2021 10:45,113992.4
8/30/2021 10:46,94956.8
8/30/2021 10:47,108702.1333
8/30/2021 10:48,97584.66667
8/30/2021 10:49,78209.2
8/30/2021 10:50,18959.86667
8/30/2021 10:51,31873.06667
8/30/2021 10:52,38232.53333
8/30/2021 10:53,69077.33333
8/30/2021 10:54,38699.73333
8/30/2021 10:55,23931.2
8/30/2021 10:56,9889.466667
8/30/2021 10:57,18463.2
8/30/2021 10:58,10633.33333
8/30/2021 10:59,2726
8/30/2021 11:00,159094.6667
8/30/2021 11:01,145744.4
8/30/2021 11:02,39004.13333
8/30/2021 11:03,50071.46667
8/30/2021 11:04,68115.2
8/30/2021 11:05,72910.66667
8/30/2021 11:06,108572.6667
8/30/2021 11:07,98903.06667
8/30/2021 11:08,116437.7333
8/30/2021 11:09,109924
8/30/2021 11:10,103057.7333
8/30/2021 11:11,103178.4
8/30/2021 11:12,118757.8667
8/30/2021 11:13,103816
8/30/2021 11:14,112901.6
8/30/2021 11:15,118612.1333
8/30/2021 11:16,108934.8
8/30/2021 11:17,117726.9333
8/30/2021 11:18,107541.3333
8/30/2021 11:19,99530.8
8/30/2021 11:20,111444.4
8/30/2021 11:21,108904.8
8/30/2021 11:22,92332
8/30/2021 11:23,102856.9333
8/30/2021 11:24,108423.7333
8/30/2021 11:25,101909.4667
8/30/2021 11:26,102031.7333
8/30/2021 11:27,108495.2
8/30/2021 11:28,102811.8667
8/30/2021 11:29,102552
8/30/2021 11:30,105511.0667
8/30/2021 11:31,94185.2
8/30/2021 11:32,104926
8/30/2021 11:33,109804.9333
8/30/2021 11:34,98240.26667
8/30/2021 11:35,106567.0667
8/30/2021 11:36,109355.6
8/30/2021 11:37,100618.4
8/30/2021 11:38,96677.6
8/30/2021 11:39,108931.3333
8/30/2021 11:40,101299.8667
8/30/2021 11:41,113235.8667
8/30/2021 11:42,119223.7333
8/30/2021 11:43,98220.13333
8/30/2021 11:44,110229.3333
8/30/2021 11:45,113506.5333
8/30/2021 11:46,105604.8
8/30/2021 11:47,112232.2667
8/30/2021 11:48,113209.8667
8/30/2021 11:49,139802
8/30/2021 11:50,104735.6
8/30/2021 11:51,118438.9333
8/30/2021 11:52,122381.4667
8/30/2021 11:53,127972
8/30/2021 11:54,120911.7333
8/30/2021 11:55,106532
8/30/2021 11:56,109810.1333
8/30/2021 11:57,125700.6667
8/30/2021 11:58,120905.0667
8/30/2021 11:59,116524.5333
8/30/2021 12:00,157906.6667
8/30/2021 12:01,106907.3333
8/30/2021 12:02,109688.2667
8/30/2021 12:03,112177.7333
8/30/2021 12:04,101889.2
8/30/2021 12:05,104840
8/30/2021 12:06,117677.7333
8/30/2021 12:07,95927.33333
8/30/2021 12:08,111062.9333
8/30/2021 12:09,107973.0667
8/30/2021 12:10,106297.4667
8/30/2021 12:11,457.7333333
8/30/2021 12:12,309478.1333
8/30/2021 12:13,59704.26667
8/30/2021 12:14,37806.53333
8/30/2021 12:15,57386
8/30/2021 12:16,100919.4667
8/30/2021 12:17,102531.8667
8/30/2021 12:18,113309.4667
8/30/2021 12:19,100565.4667
8/30/2021 12:20,105648.4
8/30/2021 12:21,131820.8
8/30/2021 12:22,126912.5333
8/30/2021 12:23,125716
8/30/2021 12:24,136068.4
8/30/2021 12:25,136258
8/30/2021 12:26,164201.7333
8/30/2021 12:27,149194
8/30/2021 12:28,326833.2
8/30/2021 12:29,718193.6
8/30/2021 12:30,2153396.8
8/30/2021 12:31,1653571.067
8/30/2021 12:32,1040239.333
8/30/2021 12:33,1391123.2
8/30/2021 12:34,1610203.733
8/30/2021 12:35,1612193.2
8/30/2021 12:36,1692412.533
8/30/2021 12:37,1803778.4
8/30/2021 12:38,799114.1333
8/30/2021 12:39,915862.6667
8/30/2021 12:40,2371133.067
8/30/2021 12:41,1812190
8/30/2021 12:42,2142207.867
8/30/2021 12:43,1718799.733
8/30/2021 12:44,1249407.067
8/30/2021 12:45,1894868.4
8/30/2021 12:46,1970742
8/30/2021 12:47,2098783.2
8/30/2021 12:48,1455535.6
8/30/2021 12:49,230581.7333
8/30/2021 12:50,419080.5333
8/30/2021 12:51,602284
8/30/2021 12:52,1618555.067
8/30/2021 12:53,1322192.667
8/30/2021 12:54,1035291.867
8/30/2021 12:55,509767.6
8/30/2021 12:56,1601123.867
8/30/2021 12:57,688685.8667
8/30/2021 12:58,789238.4
8/30/2021 12:59,773935.6
8/30/2021 13:00,166519.7333
8/30/2021 13:01,204339.6
8/30/2021 13:02,215072.5333
8/30/2021 13:03,217075.4667
8/30/2021 13:04,253150.1333
8/30/2021 13:05,224433.0667
8/30/2021 13:06,187474.9333
8/30/2021 13:07,184035.6
8/30/2021 13:08,159490.6667
8/30/2021 13:09,195841.6
8/30/2021 13:10,193420
8/30/2021 13:11,195679.0667
8/30/2021 13:12,199227.7333
8/30/2021 13:13,211835.0667
8/30/2021 13:14,191631.2
8/30/2021 13:15,552403.8667
8/30/2021 13:16,1165597.067
8/30/2021 13:17,1230161.6
8/30/2021 13:18,1149483.333
8/30/2021 13:19,1402949.067
8/30/2021 13:20,1560241.333
8/30/2021 13:21,867593.8667
8/30/2021 13:22,1526227.333
8/30/2021 13:23,755247.6
8/30/2021 13:24,322006.5333
8/30/2021 13:25,423804
8/30/2021 13:26,183629.2
8/30/2021 13:27,215215.7333
8/30/2021 13:28,239730.5333
8/30/2021 13:29,213522.5333
8/30/2021 13:30,260044.2667
8/30/2021 13:31,743734.5333
8/30/2021 13:32,434845.6
8/30/2021 13:33,265764.1333
8/30/2021 13:34,359604.9333
8/30/2021 13:35,1060434
8/30/2021 13:36,776721.4667
8/30/2021 13:37,401290.5333
8/30/2021 13:38,617900.1333
8/30/2021 13:39,283250.6667
8/30/2021 13:40,302292.8
8/30/2021 13:41,942750.1333
8/30/2021 13:42,889707.3333
8/30/2021 13:43,648648
8/30/2021 13:44,348229.3333
8/30/2021 13:45,505722.4
8/30/2021 13:46,1302839.067
8/30/2021 13:47,522450.9333
8/30/2021 13:48,321310
8/30/2021 13:49,209249.4667
8/30/2021 13:50,215477.4667
8/30/2021 13:51,824704.4
8/30/2021 13:52,1217618.933
8/30/2021 13:53,236225.8667
8/30/2021 13:54,661080
8/30/2021 13:55,1353946.133
8/30/2021 13:56,278417.4667
8/30/2021 13:57,345494.4
8/30/2021 13:58,827844.9333
8/30/2021 13:59,889168.2667
8/30/2021 14:00,247326.2667
8/30/2021 14:01,1387048.533
8/30/2021 14:02,1181936.267
8/30/2021 14:03,2149753.867
8/30/2021 14:04,2251557.6
8/30/2021 14:05,2040404.933
8/30/2021 14:06,1889900.133
8/30/2021 14:07,1784549.067
8/30/2021 14:08,1210609.733
8/30/2021 14:09,225355.7333
8/30/2021 14:10,193571.8667
8/30/2021 14:11,205586.1333
8/30/2021 14:12,212827.2
8/30/2021 14:13,260803.6
8/30/2021 14:14,333331.7333
8/30/2021 14:15,224877.7333
8/30/2021 14:16,380296.9333
8/30/2021 14:17,306508.1333
8/30/2021 14:18,259368.2667
8/30/2021 14:19,672039.0667
8/30/2021 14:20,865859.4667
8/30/2021 14:21,447439.4667
8/30/2021 14:22,167097.6
8/30/2021 14:23,153911.0667
8/30/2021 14:24,220008.5333
8/30/2021 14:25,195046.2667
8/30/2021 14:26,177491.6
8/30/2021 14:27,207352.5333
8/30/2021 14:28,252094.2667
8/30/2021 14:29,209622.1333
8/30/2021 14:30,243802.8
8/30/2021 14:31,251706.1333
8/30/2021 14:32,183976.8
8/30/2021 14:33,199218.9333
8/30/2021 14:34,212296
8/30/2021 14:35,233394.6667
8/30/2021 14:36,240523.0667
8/30/2021 14:37,206326.1333
8/30/2021 14:38,204333.8667
8/30/2021 14:39,242738.1333
8/30/2021 14:40,237163.2
8/30/2021 14:41,676991.3333
8/30/2021 14:42,1173347.6
8/30/2021 14:43,279828.9333
8/30/2021 14:44,257123.6
8/30/2021 14:45,300468.5333
8/30/2021 14:46,1013012.933
8/30/2021 14:47,736278.5333
8/30/2021 14:48,199569.8667
8/30/2021 14:49,363146.2667
8/30/2021 14:50,326590.4
8/30/2021 14:51,940827.6
8/30/2021 14:52,752268.5333
8/30/2021 14:53,800051.3333
8/30/2021 14:54,1298105.867
8/30/2021 14:55,1839998.133
8/30/2021 14:56,944043.6
8/30/2021 14:57,1048508.133
8/30/2021 14:58,1595779.467
8/30/2021 14:59,1623147.333
8/30/2021 15:00,946053.6
8/30/2021 15:01,1139521.333
8/30/2021 15:02,883303.2
8/30/2021 15:03,891753.6
8/30/2021 15:04,1224031.6
8/30/2021 15:05,939050.6667
8/30/2021 15:06,903828.5333
8/30/2021 15:07,1220851.867
8/30/2021 15:08,1270944.267
8/30/2021 15:09,1471408.933
8/30/2021 15:10,957728.6667
8/30/2021 15:11,1027910.267
8/30/2021 15:12,1066410.4
8/30/2021 15:13,1011902.4
8/30/2021 15:14,970724
8/30/2021 15:15,947296.6667
8/30/2021 15:16,902639.7333
8/30/2021 15:17,894749.8667
8/30/2021 15:18,921848.1333
8/30/2021 15:19,901987.8667
8/30/2021 15:20,934911.0667
8/30/2021 15:21,917840.8
8/30/2021 15:22,898581.7333
8/30/2021 15:23,915433.3333
8/30/2021 15:24,957773.8667
8/30/2021 15:25,1000351.6
8/30/2021 15:26,988152.2667
8/30/2021 15:27,991486.6667
8/30/2021 15:28,1099336
8/30/2021 15:29,1159918.4
8/30/2021 15:30,1368393.6
8/30/2021 15:31,1339115.2
8/30/2021 15:32,817386.5333
8/30/2021 15:33,946254.4
8/30/2021 15:34,841946.1333
8/30/2021 15:35,902981.6
8/30/2021 15:36,942825.8667
8/30/2021 15:37,896298.6667
8/30/2021 15:38,905368.5333
8/30/2021 15:39,1004284.933
8/30/2021 15:40,990241.8667
8/30/2021 15:41,1318029.2
8/30/2021 15:42,1889362.667
8/30/2021 15:43,899838.2667
8/30/2021 15:44,935998.1333
8/30/2021 15:45,1543722.267
8/30/2021 15:46,2310240
8/30/2021 15:47,1563745.867
8/30/2021 15:48,940081.7333
8/30/2021 15:49,938018
8/30/2021 15:50,903186.2667
8/30/2021 15:51,1553894.4
8/30/2021 15:52,1471236.8
8/30/2021 15:53,892685.0667
8/30/2021 15:54,1292409.2
8/30/2021 15:55,1854128.533
8/30/2021 15:56,886397.2
8/30/2021 15:57,899341.0667
8/30/2021 15:58,892180
8/30/2021 15:59,899986.4
8/30/2021 16:00,917007.8667
8/30/2021 16:01,915436.2667
8/30/2021 16:02,873219.8667
8/30/2021 16:03,893687.3333
8/30/2021 16:04,949097.8667
8/30/2021 16:05,901500.5333
8/30/2021 16:06,900614
8/30/2021 16:07,912607.2
8/30/2021 16:08,878809.0667
8/30/2021 16:09,904488.4
8/30/2021 16:10,896543.8667
8/30/2021 16:11,890362.5333
8/30/2021 16:12,603864.8
8/30/2021 16:13,43679.33333
8/30/2021 16:14,457.7333333
8/30/2021 16:15,6204.8
8/30/2021 16:16,6700.4
8/30/2021 16:17,145314.1333
8/30/2021 16:18,1125240.533
8/30/2021 16:19,818580.8
8/30/2021 16:20,809063.8667
8/30/2021 16:21,893499.2
8/30/2021 16:22,809719.3333
8/30/2021 16:23,883496.4
8/30/2021 16:24,1012197.733
8/30/2021 16:25,1997756.667
8/30/2021 16:26,1183389.467
8/30/2021 16:27,1053921.867
8/30/2021 16:28,913484.6667
8/30/2021 16:29,927608.4
8/30/2021 16:30,967468.9333
8/30/2021 16:31,901981.8667
8/30/2021 16:32,893141.4667
8/30/2021 16:33,924825.6
8/30/2021 16:34,982889.8667
8/30/2021 16:35,1432488.133
8/30/2021 16:36,1015860.667
8/30/2021 16:37,975610.1333
8/30/2021 16:38,1309619.2
8/30/2021 16:39,1171157.6
8/30/2021 16:40,1183019.067
8/30/2021 16:41,1606264.8
8/30/2021 16:42,1945681.867
8/30/2021 16:43,917446.2667
8/30/2021 16:44,946079.6
8/30/2021 16:45,970378.5333
8/30/2021 16:46,1487387.867
8/30/2021 16:47,1569083.333
8/30/2021 16:48,1654000.667
8/30/2021 16:49,2038607.2
8/30/2021 16:50,1955115.2
8/30/2021 16:51,2326707.467
8/30/2021 16:52,2096998.133
8/30/2021 16:53,2329913.2
8/30/2021 16:54,1764389.6
8/30/2021 16:55,2298027.733
8/30/2021 16:56,1609942.933
8/30/2021 16:57,2025983.067
8/30/2021 16:58,924893.7333
8/30/2021 16:59,1055269.867
8/30/2021 17:00,1711043.6
8/30/2021 17:01,1287915.6
8/30/2021 17:02,1646876.933
8/30/2021 17:03,1089114.667
8/30/2021 17:04,1993187.333
8/30/2021 17:05,1338599.867
8/30/2021 17:06,942848.4
8/30/2021 17:07,998550.5333
8/30/2021 17:08,1007637.6
8/30/2021 17:09,934664.8
8/30/2021 17:10,923274.8
8/30/2021 17:11,905302.2667
8/30/2021 17:12,1931451.2
8/30/2021 17:13,1338343.6
8/30/2021 17:14,892265.4667
8/30/2021 17:15,1999159.867
8/30/2021 17:16,1177128.667
8/30/2021 17:17,923581.0667
8/30/2021 17:18,903162.4
8/30/2021 17:19,905737.2
8/30/2021 17:20,871853.0667
8/30/2021 17:21,899459.4667
8/30/2021 17:22,898971.6
8/30/2021 17:23,908651.7333
8/30/2021 17:24,949712.9333
8/30/2021 17:25,962214.1333
8/30/2021 17:26,937573.2
8/30/2021 17:27,934946.2667
8/30/2021 17:28,989752.8
8/30/2021 17:29,887273.7333
8/30/2021 17:30,1047042.133
8/30/2021 17:31,929386.9333
8/30/2021 17:32,903784.4
8/30/2021 17:33,925769.6
8/30/2021 17:34,911367.0667
8/30/2021 17:35,928617.6
8/30/2021 17:36,1324851.467
8/30/2021 17:37,1894745.6
8/30/2021 17:38,1027734.667
8/30/2021 17:39,991807.2
8/30/2021 17:40,957783.4667
8/30/2021 17:41,1383709.333
8/30/2021 17:42,1964443.333
8/30/2021 17:43,897060.2667
8/30/2021 17:44,888429.3333
8/30/2021 17:45,915629.7333
8/30/2021 17:46,1497738.8
8/30/2021 17:47,1531657.333
8/30/2021 17:48,924582.5333
8/30/2021 17:49,873620.5333
8/30/2021 17:50,905722.8
8/30/2021 17:51,1554696
8/30/2021 17:52,1494595.067
8/30/2021 17:53,883959.7333
8/30/2021 17:54,1325932.4
8/30/2021 17:55,1770570.533
8/30/2021 17:56,887220.1333
8/30/2021 17:57,900174.6667
8/30/2021 17:58,852525.8667
8/30/2021 17:59,828582.4
8/30/2021 18:00,914513.2
8/30/2021 18:01,903889.2
8/30/2021 18:02,859528
8/30/2021 18:03,868692.9333
8/30/2021 18:04,911390.2667
8/30/2021 18:05,862518.8
8/30/2021 18:06,906067.8667
8/30/2021 18:07,892306.5333
8/30/2021 18:08,870292.1333
8/30/2021 18:09,945615.2
8/30/2021 18:10,916799.8667
8/30/2021 18:11,1041881.2
8/30/2021 18:12,1015702.8
8/30/2021 18:13,1423040.4
8/30/2021 18:14,1171033.733
8/30/2021 18:15,1410698
8/30/2021 18:16,1063068.933
8/30/2021 18:17,927945.2
8/30/2021 18:18,931069.3333
8/30/2021 18:19,947651.0667
8/30/2021 18:20,984087.3333
8/30/2021 18:21,1068038
8/30/2021 18:22,1108863.867
8/30/2021 18:23,1023250.267
8/30/2021 18:24,1136401.067
8/30/2021 18:25,931160.2667
8/30/2021 18:26,874451.2
8/30/2021 18:27,902475.2
8/30/2021 18:28,864195.8667
8/30/2021 18:29,1222225.2
8/30/2021 18:30,1017603.067
8/30/2021 18:31,976504.6667
8/30/2021 18:32,956358.8
8/30/2021 18:33,1046633.467
8/30/2021 18:34,954468.4
8/30/2021 18:35,945218.9333
8/30/2021 18:36,1440354
8/30/2021 18:37,1901324.133
8/30/2021 18:38,916762.8
8/30/2021 18:39,1114771.6
8/30/2021 18:40,1191264.667
8/30/2021 18:41,1413578
8/30/2021 18:42,1871816.667
8/30/2021 18:43,909142.4
8/30/2021 18:44,949515.3333
8/30/2021 18:45,942971.6
8/30/2021 18:46,1545718.267
8/30/2021 18:47,1547686.533
8/30/2021 18:48,929558
8/30/2021 18:49,904901.2
8/30/2021 18:50,928153.6
8/30/2021 18:51,1565442
8/30/2021 18:52,1069468.933
8/30/2021 18:53,974498.8
8/30/2021 18:54,1391019.867
8/30/2021 18:55,1801728.4
8/30/2021 18:56,911994.8
8/30/2021 18:57,928773.0667
8/30/2021 18:58,958090.4
8/30/2021 18:59,1150001.867
8/30/2021 19:00,944711.0667
8/30/2021 19:01,947362.9333
8/30/2021 19:02,929676.1333
8/30/2021 19:03,955736.6667
8/30/2021 19:04,1029158.133
8/30/2021 19:05,923346.8
8/30/2021 19:06,983866.5333
8/30/2021 19:07,976926.6667
8/30/2021 19:08,1100032.933
8/30/2021 19:09,1008625.467
8/30/2021 19:10,939641.3333
8/30/2021 19:11,946718.6667
8/30/2021 19:12,957436.8
8/30/2021 19:13,921631.4667
8/30/2021 19:14,916675.8667
8/30/2021 19:15,920450.9333
8/30/2021 19:16,865427.0667
8/30/2021 19:17,879918.2667
8/30/2021 19:18,916597.0667
8/30/2021 19:19,886808.2667
8/30/2021 19:20,988508.6667
8/30/2021 19:21,903539.0667
8/30/2021 19:22,893588.4
8/30/2021 19:23,891996.1333
8/30/2021 19:24,929435.7333
8/30/2021 19:25,915476.1333
8/30/2021 19:26,904129.2
8/30/2021 19:27,901064.9333
8/30/2021 19:28,871216.4
8/30/2021 19:29,890300.4
8/30/2021 19:30,956175.8667
8/30/2021 19:31,884556.4
8/30/2021 19:32,872582.4
8/30/2021 19:33,869641.6
8/30/2021 19:34,875281.7333
8/30/2021 19:35,868272.9333
8/30/2021 19:36,1405483.733
8/30/2021 19:37,1673474.8
8/30/2021 19:38,850554.2667
8/30/2021 19:39,908421.7333
8/30/2021 19:40,903371.4667
8/30/2021 19:41,1374148.533
8/30/2021 19:42,1944039.2
8/30/2021 19:43,916305.0667
8/30/2021 19:44,977495.2
8/30/2021 19:45,935580.5333
8/30/2021 19:46,1438118.933
8/30/2021 19:47,1521517.6
8/30/2021 19:48,928152.5333
8/30/2021 19:49,926930.6667
8/30/2021 19:50,922802.6667
8/30/2021 19:51,1472825.467
8/30/2021 19:52,1587208
8/30/2021 19:53,946235.6
8/30/2021 19:54,1290352.8
8/30/2021 19:55,2026094.533
8/30/2021 19:56,957296.5333
8/30/2021 19:57,947973.2
8/30/2021 19:58,909658.1333
8/30/2021 19:59,895474.5333
8/30/2021 20:00,848195.6
8/30/2021 20:01,989429.2
8/30/2021 20:02,1257232.933
8/30/2021 20:03,1537482
8/30/2021 20:04,1713483.733
8/30/2021 20:05,1432192.533
8/30/2021 20:06,1496846
8/30/2021 20:07,1646342.933
8/30/2021 20:08,1651058.933
8/30/2021 20:09,1397031.467
8/30/2021 20:10,1461759.333
8/30/2021 20:11,1633916.267
8/30/2021 20:12,1303654.533
8/30/2021 20:13,902392.8
8/30/2021 20:14,913010
8/30/2021 20:15,971979.3333
8/30/2021 20:16,1025559.2
8/30/2021 20:17,920092
8/30/2021 20:18,972462.5333
8/30/2021 20:19,1162211.2
8/30/2021 20:20,1001593.733
8/30/2021 20:21,939229.6
8/30/2021 20:22,952815.7333
8/30/2021 20:23,970385.8667
8/30/2021 20:24,1026950.533
8/30/2021 20:25,933183.2
8/30/2021 20:26,928020.5333
8/30/2021 20:27,928307.7333
8/30/2021 20:28,925544.9333
8/30/2021 20:29,938594.4
8/30/2021 20:30,1005065.333
8/30/2021 20:31,950845.2
8/30/2021 20:32,933191.3333
8/30/2021 20:33,945330.5333
8/30/2021 20:34,940196.8
8/30/2021 20:35,980865.4667
8/30/2021 20:36,1300430.933
8/30/2021 20:37,2022855.467
8/30/2021 20:38,943470.8
8/30/2021 20:39,975772.4
8/30/2021 20:40,881318.1333
8/30/2021 20:41,1429107.467
8/30/2021 20:42,1750611.067
8/30/2021 20:43,910234.4
8/30/2021 20:44,902775.3333
8/30/2021 20:45,915442.8
8/30/2021 20:46,1597485.467
8/30/2021 20:47,1459757.2
8/30/2021 20:48,895613.0667
8/30/2021 20:49,869140.5333
8/30/2021 20:50,878245.6
8/30/2021 20:51,1550921.867
8/30/2021 20:52,1435465.333
8/30/2021 20:53,879953.0667
8/30/2021 20:54,1351875.867
8/30/2021 20:55,1794003.467
8/30/2021 20:56,859320.4
8/30/2021 20:57,865590.2667
8/30/2021 20:58,856550.9333
8/30/2021 20:59,834190.2667
8/30/2021 21:00,867767.3333
8/30/2021 21:01,849994.8
8/30/2021 21:02,872761.0667
8/30/2021 21:03,848524.2667
8/30/2021 21:04,898434.1333
8/30/2021 21:05,873415.8667
8/30/2021 21:06,960832.4
8/30/2021 21:07,902390.1333
8/30/2021 21:08,892819.7333
8/30/2021 21:09,889541.7333
8/30/2021 21:10,999184.1333
8/30/2021 21:11,905384.1333
8/30/2021 21:12,975926
8/30/2021 21:13,927649.3333
8/30/2021 21:14,985424.2667
8/30/2021 21:15,924874.2667
8/30/2021 21:16,903303.2
8/30/2021 21:17,903726.4
8/30/2021 21:18,899571.3333
8/30/2021 21:19,909345.7333
8/30/2021 21:20,929352.6667
8/30/2021 21:21,1007181.733
8/30/2021 21:22,876834.1333
8/30/2021 21:23,834707.0667
8/30/2021 21:24,941790
8/30/2021 21:25,905323.0667
8/30/2021 21:26,896750.2667
8/30/2021 21:27,917820.8
8/30/2021 21:28,931921.2
8/30/2021 21:29,830173.0667
8/30/2021 21:30,893303.7333
8/30/2021 21:31,823798.4
8/30/2021 21:32,797415.7333
8/30/2021 21:33,811696.8
8/30/2021 21:34,925629.4667
8/30/2021 21:35,804312
8/30/2021 21:36,1329958.667
8/30/2021 21:37,1872712.933
8/30/2021 21:38,905490.9333
8/30/2021 21:39,956230.2667
8/30/2021 21:40,914440.1333
8/30/2021 21:41,1358818.133
8/30/2021 21:42,1833968.933
8/30/2021 21:43,909144.9333
8/30/2021 21:44,877086
8/30/2021 21:45,946146.6667
8/30/2021 21:46,1592125.067
8/30/2021 21:47,1434741.333
8/30/2021 21:48,882653.2
8/30/2021 21:49,886269.7333
8/30/2021 21:50,913844.9333
8/30/2021 21:51,1518683.733
8/30/2021 21:52,1637037.333
8/30/2021 21:53,924895.8667
8/30/2021 21:54,1441114.8
8/30/2021 21:55,1803474.267
8/30/2021 21:56,929418.9333
8/30/2021 21:57,946026.5333
8/30/2021 21:58,947406.4
8/30/2021 21:59,950047.7333
8/30/2021 22:00,930334
8/30/2021 22:01,930207.2
8/30/2021 22:02,925460.6667
8/30/2021 22:03,906489.4667
8/30/2021 22:04,971384.1333
8/30/2021 22:05,939334.2667
8/30/2021 22:06,921648.6667
8/30/2021 22:07,963654.2667
8/30/2021 22:08,929839.8667
8/30/2021 22:09,919879.0667
8/30/2021 22:10,979370.5333
8/30/2021 22:11,1015855.067
8/30/2021 22:12,1015836.933
8/30/2021 22:13,988194.2667
8/30/2021 22:14,1004034.133
8/30/2021 22:15,1046413.067
8/30/2021 22:16,970883.4667
8/30/2021 22:17,988020.4
8/30/2021 22:18,997121.2
8/30/2021 22:19,1026932.4
8/30/2021 22:20,918001.0667
8/30/2021 22:21,937806.1333
8/30/2021 22:22,928428
8/30/2021 22:23,895933.3333
8/30/2021 22:24,964209.7333
8/30/2021 22:25,889061.6
8/30/2021 22:26,888661.2
8/30/2021 22:27,919200.4
8/30/2021 22:28,915260.2667
8/30/2021 22:29,912066.6667
8/30/2021 22:30,999801.3333
8/30/2021 22:31,930764.9333
8/30/2021 22:32,920178.8
8/30/2021 22:33,990646.4
8/30/2021 22:34,942493.3333
8/30/2021 22:35,1165723.2
8/30/2021 22:36,2130427.733
8/30/2021 22:37,2001659.067
8/30/2021 22:38,1455937.333
8/30/2021 22:39,933452.4
8/30/2021 22:40,952033.3333
8/30/2021 22:41,1416308.933
8/30/2021 22:42,1824616.4
8/30/2021 22:43,925538.6667
8/30/2021 22:44,898767.2
8/30/2021 22:45,903512.5333
8/30/2021 22:46,1580080.133
8/30/2021 22:47,1464434.533
8/30/2021 22:48,1202728
8/30/2021 22:49,2025693.067
8/30/2021 22:50,1157394
8/30/2021 22:51,1627617.2
8/30/2021 22:52,1610742.667
8/30/2021 22:53,1064763.067
8/30/2021 22:54,1393333.2
8/30/2021 22:55,1911944.133
8/30/2021 22:56,963973.7333
8/30/2021 22:57,1539381.867
8/30/2021 22:58,1130094
8/30/2021 22:59,1000378.462
8/30/2021 23:00,1184846.667
8/30/2021 23:01,1133376.133
8/30/2021 23:02,1178373.467
8/30/2021 23:03,1386768.667
8/30/2021 23:04,1279654.667
8/30/2021 23:05,1110108
8/30/2021 23:06,1514683.6
8/30/2021 23:07,1460199.2
8/30/2021 23:08,1731673.867
8/30/2021 23:09,1075631.6
8/30/2021 23:10,1294728.667
8/30/2021 23:11,1742826.267
8/30/2021 23:12,2072968.533
8/30/2021 23:13,386043.6
8/30/2021 23:14,4209.066667
8/30/2021 23:15,4817.333333
8/30/2021 23:16,5256.933333
8/30/2021 23:17,1236.133333
8/30/2021 23:18,3205.2
8/30/2021 23:19,969.3333333
8/30/2021 23:20,51081.06667
8/30/2021 23:21,741859.3333
8/30/2021 23:22,1289162.267
8/30/2021 23:23,934727.3333
8/30/2021 23:24,930056.8
8/30/2021 23:25,871214.9333
8/30/2021 23:26,879546
8/30/2021 23:27,717784.2667
8/30/2021 23:28,312874.2667
8/30/2021 23:29,660775.3333
8/30/2021 23:30,844.2666667
8/30/2021 23:31,1217.733333
8/30/2021 23:32,445.7333333
8/30/2021 23:33,445.2
8/30/2021 23:34,457.7333333
8/30/2021 23:35,457.7333333
8/30/2021 23:36,464
8/30/2021 23:37,445.7333333
8/30/2021 23:38,457.2
8/30/2021 23:39,470.2666667
8/30/2021 23:40,445.2
8/30/2021 23:41,457.7333333
8/30/2021 23:42,445.7333333
8/30/2021 23:43,1230.266667
8/30/2021 23:44,476
8/30/2021 23:45,445.2
