8/29/2021 0:00,35922.29333
8/29/2021 0:05,46208.32
8/29/2021 0:10,34641.89333
8/29/2021 0:15,50784.42667
8/29/2021 0:20,32254.72
8/29/2021 0:25,28895.22667
8/29/2021 0:30,30330.61333
8/29/2021 0:35,32950.93333
8/29/2021 0:40,38953.89333
8/29/2021 0:45,31818.05333
8/29/2021 0:50,29207.78667
8/29/2021 0:55,31180.16
8/29/2021 1:00,29262.93333
8/29/2021 1:05,30747.33333
8/29/2021 1:10,30911.12
8/29/2021 1:15,31217.92
8/29/2021 1:20,33212.77333
8/29/2021 1:25,32538.98667
8/29/2021 1:30,31451.2
8/29/2021 1:35,30876.96
8/29/2021 1:40,33218.21333
8/29/2021 1:45,30378.93333
8/29/2021 1:50,30014.13333
8/29/2021 1:55,31570
8/29/2021 2:00,31884.02667
8/29/2021 2:05,30344.66667
8/29/2021 2:10,30732.4
8/29/2021 2:15,31407.30667
8/29/2021 2:20,31792.77333
8/29/2021 2:25,29168.64
8/29/2021 2:30,31877.06667
8/29/2021 2:35,34208.26667
8/29/2021 2:40,30949.09333
8/29/2021 2:45,29103.86667
8/29/2021 2:50,32765.38667
8/29/2021 2:55,30758.61333
8/29/2021 3:00,31210.13333
8/29/2021 3:05,29262.8
8/29/2021 3:10,33636.93333
8/29/2021 3:15,31543.73333
8/29/2021 3:20,29565.25333
8/29/2021 3:25,29557.6
8/29/2021 3:30,30221.01333
8/29/2021 3:35,30083.78667
8/29/2021 3:40,30395.17333
8/29/2021 3:45,31402.74667
8/29/2021 3:50,30048.42667
8/29/2021 3:55,31521.2
8/29/2021 4:00,31770.98667
8/29/2021 4:05,30152.53333
8/29/2021 4:10,29450.48
8/29/2021 4:15,31412.66667
8/29/2021 4:20,28753.78667
8/29/2021 4:25,28366.77333
8/29/2021 4:30,31157.12
8/29/2021 4:35,29142.05333
8/29/2021 4:40,29573.81333
8/29/2021 4:45,31050.56
8/29/2021 4:50,33961.25333
8/29/2021 4:55,30132.85333
8/29/2021 5:00,31914.08
8/29/2021 5:05,31309.28
8/29/2021 5:10,31338.4
8/29/2021 5:15,33416.18667
8/29/2021 5:20,30927.17333
8/29/2021 5:25,31387.70667
8/29/2021 5:30,28101.06667
8/29/2021 5:35,30597.01333
8/29/2021 5:40,29510.66667
8/29/2021 5:45,29026.16
8/29/2021 5:50,30932.88
8/29/2021 5:55,31110.77333
8/29/2021 6:00,29623.81333
8/29/2021 6:05,29042.98667
8/29/2021 6:10,29545.84
8/29/2021 6:15,30564.08
8/29/2021 6:20,28686.26667
8/29/2021 6:25,29491.68
8/29/2021 6:30,32681.2
8/29/2021 6:35,28830.72
8/29/2021 6:40,29042.8
8/29/2021 6:45,31249.49333
8/29/2021 6:50,28715.22667
8/29/2021 6:55,31164.34667
8/29/2021 7:00,30297.25333
8/29/2021 7:05,33455.62667
8/29/2021 7:10,30799.6
8/29/2021 7:15,30209.68
8/29/2021 7:20,32887.17333
8/29/2021 7:25,29677.94667
8/29/2021 7:30,30451.78667
8/29/2021 7:35,32886.72
8/29/2021 7:40,33069.97333
8/29/2021 7:45,29505.78667
8/29/2021 7:50,28955.25333
8/29/2021 7:55,29968.58667
8/29/2021 8:00,31487.89333
8/29/2021 8:05,31743.52
8/29/2021 8:10,32462.18667
8/29/2021 8:15,28544.21333
8/29/2021 8:20,28469.46667
8/29/2021 8:25,29927.01333
8/29/2021 8:30,30693.57333
8/29/2021 8:35,30354.32
8/29/2021 8:40,29181.68
8/29/2021 8:45,31931.84
8/29/2021 8:50,30698.42667
8/29/2021 8:55,31004.56
8/29/2021 9:00,30234.56
8/29/2021 9:05,31940.56
8/29/2021 9:10,30368.96
8/29/2021 9:15,29598.26667
8/29/2021 9:20,31094.45333
8/29/2021 9:25,29001.54667
8/29/2021 9:30,29622.61333
8/29/2021 9:35,37320.42667
8/29/2021 9:40,29151.2
8/29/2021 9:45,39326.72
8/29/2021 9:50,32918.61333
8/29/2021 9:55,31046.32
8/29/2021 10:00,30417.38667
8/29/2021 10:05,31282.34667
8/29/2021 10:10,29009.28
8/29/2021 10:15,32238.72
8/29/2021 10:20,30857.28
8/29/2021 10:25,32380.77333
8/29/2021 10:30,33939.49333
8/29/2021 10:35,31406.50667
8/29/2021 10:40,33062.08
8/29/2021 10:45,27891.62667
8/29/2021 10:50,28036.8
8/29/2021 10:55,27232.29333
8/29/2021 11:00,31596.93333
8/29/2021 11:05,29285.92
8/29/2021 11:10,28729.89333
8/29/2021 11:15,32291.38667
8/29/2021 11:20,30651.70667
8/29/2021 11:25,37554.66667
8/29/2021 11:30,33789.54667
8/29/2021 11:35,85281.78667
8/29/2021 11:40,83527.2
8/29/2021 11:45,285257.2
8/29/2021 11:50,178366.7733
8/29/2021 11:55,103165.6533
8/29/2021 12:00,100003.28
8/29/2021 12:05,102813.4933
8/29/2021 12:10,99418
8/29/2021 12:11,
8/29/2021 12:13,92647.6
8/29/2021 12:14,93417.73333
8/29/2021 12:15,101060.8
8/29/2021 12:16,98817.2
8/29/2021 12:17,98908.53333
8/29/2021 12:18,109223.4667
8/29/2021 12:19,97227.6
8/29/2021 12:20,99684.13333
8/29/2021 12:21,101292.1333
8/29/2021 12:22,92068.66667
8/29/2021 12:23,103802.2667
8/29/2021 12:24,116748.6667
8/29/2021 12:25,97230.53333
8/29/2021 12:26,96035.6
8/29/2021 12:27,109919.0667
8/29/2021 12:28,97324.53333
8/29/2021 12:29,105697.4667
8/29/2021 12:30,113282
8/29/2021 12:31,94321.46667
8/29/2021 12:32,95508.53333
8/29/2021 12:33,105306
8/29/2021 12:34,101990.4
8/29/2021 12:35,99283.73333
8/29/2021 12:36,115412.2667
8/29/2021 12:37,99688.8
8/29/2021 12:38,91644.53333
8/29/2021 12:39,101360.4
8/29/2021 12:40,102738.2667
8/29/2021 12:41,124611.2
8/29/2021 12:42,119095.7333
8/29/2021 12:43,93272.66667
8/29/2021 12:44,102236.2667
8/29/2021 12:45,127111.3333
8/29/2021 12:46,98870.93333
8/29/2021 12:47,95789.6
8/29/2021 12:48,110071.6
8/29/2021 12:49,101356.8
8/29/2021 12:50,104121.7333
8/29/2021 12:51,111467.6
8/29/2021 12:52,97040.4
8/29/2021 12:53,101375.3333
8/29/2021 12:54,102766.5333
8/29/2021 12:55,94739.86667
8/29/2021 12:56,103577.8667
8/29/2021 12:57,128124.4
8/29/2021 12:58,104774
8/29/2021 12:59,137390.9333
8/29/2021 13:00,108655.7333
8/29/2021 13:01,106638.9333
8/29/2021 13:02,111798.8
8/29/2021 13:03,111055.4667
8/29/2021 13:04,104765.6
8/29/2021 13:05,105471.6
8/29/2021 13:06,127011.8667
8/29/2021 13:07,100060
8/29/2021 13:08,95953.46667
8/29/2021 13:09,154032.9333
8/29/2021 13:10,124908.9333
8/29/2021 13:11,104445.2
8/29/2021 13:12,112037.4667
8/29/2021 13:13,104988.5333
8/29/2021 13:14,107909.6
8/29/2021 13:15,112877.3333
8/29/2021 13:16,110726.4
8/29/2021 13:17,98959.86667
8/29/2021 13:18,111082.2667
8/29/2021 13:19,96402.13333
8/29/2021 13:20,102473.6
8/29/2021 13:21,106620.8
8/29/2021 13:22,98667.46667
8/29/2021 13:23,95203.6
8/29/2021 13:24,106330.8
8/29/2021 13:25,93984.93333
8/29/2021 13:26,115933.3333
8/29/2021 13:27,117025.0667
8/29/2021 13:28,116200
8/29/2021 13:29,104409.4667
8/29/2021 13:30,117922.2667
8/29/2021 13:31,112693.7333
8/29/2021 13:32,113026.8
8/29/2021 13:33,111347.2
8/29/2021 13:34,107316.5333
8/29/2021 13:35,112108.1333
8/29/2021 13:36,121497.7333
8/29/2021 13:37,105338.4
8/29/2021 13:38,97849.73333
8/29/2021 13:39,109816.9333
8/29/2021 13:40,102427.3333
8/29/2021 13:41,95359.2
8/29/2021 13:42,110227.6
8/29/2021 13:43,103080.8
8/29/2021 13:44,123512.2667
8/29/2021 13:45,109124.9333
8/29/2021 13:46,108937.0667
8/29/2021 13:47,100477.6
8/29/2021 13:48,111464.2667
8/29/2021 13:49,114641.4667
8/29/2021 13:50,97629.86667
8/29/2021 13:51,111408
8/29/2021 13:52,96420.93333
8/29/2021 13:53,99945.2
8/29/2021 13:54,107017.0667
8/29/2021 13:55,102270
8/29/2021 13:56,103523.0667
8/29/2021 13:57,124472.4
8/29/2021 13:58,121569.8667
8/29/2021 13:59,122712.8
8/29/2021 14:00,112362.9333
8/29/2021 14:01,99570.66667
8/29/2021 14:02,126362.9333
8/29/2021 14:03,117717.2
8/29/2021 14:04,109595.3333
8/29/2021 14:05,103432.9333
8/29/2021 14:06,118699.3333
8/29/2021 14:07,109314.8
8/29/2021 14:08,103348.1333
8/29/2021 14:09,112099.0667
8/29/2021 14:10,103401.4667
8/29/2021 14:11,99921.2
8/29/2021 14:12,109622.6667
8/29/2021 14:13,104142.8
8/29/2021 14:14,102901.6
8/29/2021 14:15,115566.8
8/29/2021 14:16,109916
8/29/2021 14:17,108316.6667
8/29/2021 14:18,114623.0667
8/29/2021 14:19,99904.26667
8/29/2021 14:20,100567.6
8/29/2021 14:21,108678.6667
8/29/2021 14:22,94967.06667
8/29/2021 14:23,101295.4667
8/29/2021 14:24,111432.4
8/29/2021 14:25,104519.6
8/29/2021 14:26,107749.7333
8/29/2021 14:27,116575.0667
8/29/2021 14:28,102790.2667
8/29/2021 14:29,102632.2667
8/29/2021 14:30,116558.5333
8/29/2021 14:31,177046.8
8/29/2021 14:32,897871.7333
8/29/2021 14:33,806046.4
8/29/2021 14:34,180583.0667
8/29/2021 14:35,905857.8667
8/29/2021 14:36,669284.9333
8/29/2021 14:37,205958.1333
8/29/2021 14:38,217997.4667
8/29/2021 14:39,242530.5333
8/29/2021 14:40,262897.6
8/29/2021 14:41,232598.5333
8/29/2021 14:42,909116.4
8/29/2021 14:43,1200498.933
8/29/2021 14:44,966490.4
8/29/2021 14:45,413500
8/29/2021 14:46,214348.1333
8/29/2021 14:47,196381.2
8/29/2021 14:48,228987.0667
8/29/2021 14:49,350234.2667
8/29/2021 14:50,255884.4
8/29/2021 14:51,249059.3333
8/29/2021 14:52,253490.9333
8/29/2021 14:53,178853.4667
8/29/2021 14:54,216168.2667
8/29/2021 14:55,196729.2
8/29/2021 14:56,226354.6667
8/29/2021 14:57,179253.3333
8/29/2021 14:58,174689.8667
8/29/2021 14:59,227191.8667
8/29/2021 15:00,212121.4667
8/29/2021 15:01,187266.1333
8/29/2021 15:02,292124.6667
8/29/2021 15:03,191982.5333
8/29/2021 15:04,170569.4667
8/29/2021 15:05,233184.1333
8/29/2021 15:06,911522.8
8/29/2021 15:07,698557.3333
8/29/2021 15:08,278538.9333
8/29/2021 15:09,411857.0667
8/29/2021 15:10,215536
8/29/2021 15:11,342585.2
8/29/2021 15:12,590911.3333
8/29/2021 15:13,513036.8
8/29/2021 15:14,686751.8667
8/29/2021 15:15,699477.3333
8/29/2021 15:16,655535.8667
8/29/2021 15:17,629352.1333
8/29/2021 15:18,558725.0667
8/29/2021 15:19,1191204
8/29/2021 15:20,1317278.4
8/29/2021 15:21,997579.7333
8/29/2021 15:22,297744.8
8/29/2021 15:23,308171.8667
8/29/2021 15:24,370147.4667
8/29/2021 15:25,386373.0667
8/29/2021 15:26,428922.6667
8/29/2021 15:27,458160
8/29/2021 15:28,452002.9333
8/29/2021 15:29,484593.4667
8/29/2021 15:30,464520.2667
8/29/2021 15:31,604255.2
8/29/2021 15:32,1079573.467
8/29/2021 15:33,1029251.733
8/29/2021 15:34,469919.2
8/29/2021 15:35,995861.2
8/29/2021 15:36,1111666.267
8/29/2021 15:37,536687.6
8/29/2021 15:38,347986.5333
8/29/2021 15:39,338936.2667
8/29/2021 15:40,572924.8
8/29/2021 15:41,580437.4667
8/29/2021 15:42,1024990.8
8/29/2021 15:43,1321094.267
8/29/2021 15:44,1014283.733
8/29/2021 15:45,254449.7333
8/29/2021 15:46,202255.4667
8/29/2021 15:47,294399.6
8/29/2021 15:48,374216.9333
8/29/2021 15:49,470633.7333
8/29/2021 15:50,383830.6667
8/29/2021 15:51,379344.1333
8/29/2021 15:52,384320.9333
8/29/2021 15:53,371105.6
8/29/2021 15:54,394727.4667
8/29/2021 15:55,340575.3333
8/29/2021 15:56,291145.4667
8/29/2021 15:57,331690.4
8/29/2021 15:58,252846.8
8/29/2021 15:59,233210.9333
8/29/2021 16:00,264548.1333
8/29/2021 16:01,225145.2
8/29/2021 16:02,263098.6667
8/29/2021 16:03,227327.7333
8/29/2021 16:04,211968.5333
8/29/2021 16:05,289288.2667
8/29/2021 16:06,941810.6667
8/29/2021 16:07,828498.2667
8/29/2021 16:08,288368.9333
8/29/2021 16:09,316665.0667
8/29/2021 16:10,291590.1333
8/29/2021 16:11,247996.9333
8/29/2021 16:12,344634.8
8/29/2021 16:13,249466.5333
8/29/2021 16:14,212261.4667
8/29/2021 16:15,312359.3333
8/29/2021 16:16,259264.9333
8/29/2021 16:17,331212
8/29/2021 16:18,292245.3333
8/29/2021 16:19,981965.8667
8/29/2021 16:20,1384900.133
8/29/2021 16:21,909826.6667
8/29/2021 16:22,214254.4
8/29/2021 16:23,218242.8
8/29/2021 16:24,212003.8667
8/29/2021 16:25,193668.6667
8/29/2021 16:26,271632.5333
8/29/2021 16:27,248293.3333
8/29/2021 16:28,199928.4
8/29/2021 16:29,211922.4
8/29/2021 16:30,252353.2
8/29/2021 16:31,271527.7333
8/29/2021 16:32,931439.6
8/29/2021 16:33,1011624.267
8/29/2021 16:34,270928.4
8/29/2021 16:35,933855.7333
8/29/2021 16:36,843769.8667
8/29/2021 16:37,341773.0667
8/29/2021 16:38,292749.0667
8/29/2021 16:39,296553.4667
8/29/2021 16:40,434520.9333
8/29/2021 16:41,440277.4667
8/29/2021 16:42,929160.5333
8/29/2021 16:43,1201956.8
8/29/2021 16:44,1106344.933
8/29/2021 16:45,637515.0667
8/29/2021 16:46,330531.0667
8/29/2021 16:47,594717.8667
8/29/2021 16:48,394785.6
8/29/2021 16:49,631542.8
8/29/2021 16:50,549844.4
8/29/2021 16:51,282738
8/29/2021 16:52,427583.2
8/29/2021 16:53,354452.6667
8/29/2021 16:54,388192
8/29/2021 16:55,371326.1333
8/29/2021 16:56,350379.4667
8/29/2021 16:57,281596.1333
8/29/2021 16:58,312292.9333
8/29/2021 16:59,233313.4667
8/29/2021 17:00,356812
8/29/2021 17:01,212164.6667
8/29/2021 17:02,230315.2
8/29/2021 17:03,233093.8667
8/29/2021 17:04,238345.0667
8/29/2021 17:05,357241.2
8/29/2021 17:06,1106234.133
8/29/2021 17:07,981365.2
8/29/2021 17:08,359510.4
8/29/2021 17:09,574001.0667
8/29/2021 17:10,515744.9333
8/29/2021 17:11,313440
8/29/2021 17:12,421593.4667
8/29/2021 17:13,475318.5333
8/29/2021 17:14,305000
8/29/2021 17:15,328702.8
8/29/2021 17:16,410095.7333
8/29/2021 17:17,475602
8/29/2021 17:18,833506
8/29/2021 17:19,1135192.8
8/29/2021 17:20,1343480.667
8/29/2021 17:21,1270348.4
8/29/2021 17:22,930116.1333
8/29/2021 17:23,527526
8/29/2021 17:24,464776.8
8/29/2021 17:25,606345.4667
8/29/2021 17:26,742957.7333
8/29/2021 17:27,682846.6667
8/29/2021 17:28,535466.8
8/29/2021 17:29,600436
8/29/2021 17:30,793760.9333
8/29/2021 17:31,761345.8667
8/29/2021 17:32,1184862.133
8/29/2021 17:33,1293516.267
8/29/2021 17:34,813670.6667
8/29/2021 17:35,1234688.133
8/29/2021 17:36,1362467.467
8/29/2021 17:37,1106831.733
8/29/2021 17:38,1076083.6
8/29/2021 17:39,802445.7333
8/29/2021 17:40,535402.2667
8/29/2021 17:41,630070.1333
8/29/2021 17:42,1089399.067
8/29/2021 17:43,1299318
8/29/2021 17:44,1339179.333
8/29/2021 17:45,901114.5333
8/29/2021 17:46,629629.0667
8/29/2021 17:47,611240.9333
8/29/2021 17:48,717803.7333
8/29/2021 17:49,735240.2667
8/29/2021 17:50,443787.2
8/29/2021 17:51,604106
8/29/2021 17:52,831035.6
8/29/2021 17:53,674596.8
8/29/2021 17:54,573690.9333
8/29/2021 17:55,382414.8
8/29/2021 17:56,393241.3333
8/29/2021 17:57,500470.1333
8/29/2021 17:58,368594.6667
8/29/2021 17:59,305081.3333
8/29/2021 18:00,405057.4667
8/29/2021 18:01,388238.4
8/29/2021 18:02,290344.1333
8/29/2021 18:03,258931.2
8/29/2021 18:04,482843.3333
8/29/2021 18:05,473791.3333
8/29/2021 18:06,1078367.067
8/29/2021 18:07,842255.7333
8/29/2021 18:08,295524
8/29/2021 18:09,283408.9333
8/29/2021 18:10,366454
8/29/2021 18:11,263146.1333
8/29/2021 18:12,288352.1333
8/29/2021 18:13,305233.3333
8/29/2021 18:14,226659.3333
8/29/2021 18:15,309557.7333
8/29/2021 18:16,212473.2
8/29/2021 18:17,273285.2
8/29/2021 18:18,259424.8
8/29/2021 18:19,1020692.667
8/29/2021 18:20,1362605.6
8/29/2021 18:21,1018576.4
8/29/2021 18:22,251773.7333
8/29/2021 18:23,280199.7333
8/29/2021 18:24,284021.0667
8/29/2021 18:25,269479.3333
8/29/2021 18:26,281324.2667
8/29/2021 18:27,267553.7333
8/29/2021 18:28,203600.1333
8/29/2021 18:29,204556.2667
8/29/2021 18:30,239099.7333
8/29/2021 18:31,204052.8
8/29/2021 18:32,912808
8/29/2021 18:33,987775.4667
8/29/2021 18:34,229035.2
8/29/2021 18:35,921644
8/29/2021 18:36,818202.2667
8/29/2021 18:37,311513.4667
8/29/2021 18:38,275851.2
8/29/2021 18:39,243597.3333
8/29/2021 18:40,245091.0667
8/29/2021 18:41,238510.1333
8/29/2021 18:42,931290
8/29/2021 18:43,1290239.6
8/29/2021 18:44,1099743.6
8/29/2021 18:45,369006.1333
8/29/2021 18:46,240599.4667
8/29/2021 18:47,218472.4
8/29/2021 18:48,258397.8667
8/29/2021 18:49,356099.8667
8/29/2021 18:50,267028.4
8/29/2021 18:51,261123.6
8/29/2021 18:52,350761.0667
8/29/2021 18:53,255605.2
8/29/2021 18:54,287830.6667
8/29/2021 18:55,294973.2
8/29/2021 18:56,367909.4667
8/29/2021 18:57,290432.9333
8/29/2021 18:58,255038.8
8/29/2021 18:59,252250.6667
8/29/2021 19:00,386782.5333
8/29/2021 19:01,271686.9333
8/29/2021 19:02,259887.0667
8/29/2021 19:03,303211.0667
8/29/2021 19:04,237109.4667
8/29/2021 19:05,319706.4
8/29/2021 19:06,935412.4
8/29/2021 19:07,819194.1333
8/29/2021 19:08,222278.9333
8/29/2021 19:09,239116.2667
8/29/2021 19:10,308849.6
8/29/2021 19:11,329578.1333
8/29/2021 19:12,351230.1333
8/29/2021 19:13,335188
8/29/2021 19:14,410971.7333
8/29/2021 19:15,330312.9333
8/29/2021 19:16,319104.6667
8/29/2021 19:17,490756
8/29/2021 19:18,424034.2667
8/29/2021 19:19,1077717.867
8/29/2021 19:20,1334239.067
8/29/2021 19:21,1144280.933
8/29/2021 19:22,305348.4
8/29/2021 19:23,343857.3333
8/29/2021 19:24,406919.7333
8/29/2021 19:25,316825.7333
8/29/2021 19:26,303135.3333
8/29/2021 19:27,321692
8/29/2021 19:28,281247.7333
8/29/2021 19:29,254354.6667
8/29/2021 19:30,315256
8/29/2021 19:31,300331.4667
8/29/2021 19:32,1027670.267
8/29/2021 19:33,1005032.4
8/29/2021 19:34,377622
8/29/2021 19:35,1325733.867
8/29/2021 19:36,1288167.6
8/29/2021 19:37,1230669.067
8/29/2021 19:38,479348.4
8/29/2021 19:39,410124
8/29/2021 19:40,338076.6667
8/29/2021 19:41,329654.9333
8/29/2021 19:42,996141.4667
8/29/2021 19:43,1323157.6
8/29/2021 19:44,1140543.733
8/29/2021 19:45,329206.6667
8/29/2021 19:46,310991.0667
8/29/2021 19:47,312484.2667
8/29/2021 19:48,321122.4
8/29/2021 19:49,380609.8667
8/29/2021 19:50,291285.3333
8/29/2021 19:51,274709.2
8/29/2021 19:52,252608.9333
8/29/2021 19:53,284714.9333
8/29/2021 19:54,269559.6
8/29/2021 19:55,343607.4667
8/29/2021 19:56,320493.7333
8/29/2021 19:57,277750.6667
8/29/2021 19:58,249304
8/29/2021 19:59,228848.5333
8/29/2021 20:00,258576
8/29/2021 20:01,250864.5333
8/29/2021 20:02,244754.5333
8/29/2021 20:03,226207.6
8/29/2021 20:04,318316.8
8/29/2021 20:05,309174.2667
8/29/2021 20:06,882924.5333
8/29/2021 20:07,944412.9333
8/29/2021 20:08,283112.5333
8/29/2021 20:09,280540.9333
8/29/2021 20:10,269602
8/29/2021 20:11,253774.9333
8/29/2021 20:12,249678.8
8/29/2021 20:13,276310.9333
8/29/2021 20:14,243658.6667
8/29/2021 20:15,239350.5333
8/29/2021 20:16,242734.2667
8/29/2021 20:17,310632.1333
8/29/2021 20:18,247407.2
8/29/2021 20:19,1021455.6
8/29/2021 20:20,1354421.6
8/29/2021 20:21,1117297.733
8/29/2021 20:22,243918.1333
8/29/2021 20:23,268880.1333
8/29/2021 20:24,263826.9333
8/29/2021 20:25,231796.2667
8/29/2021 20:26,272262
8/29/2021 20:27,322127.2
8/29/2021 20:28,287208.6667
8/29/2021 20:29,257370.9333
8/29/2021 20:30,289465.0667
8/29/2021 20:31,258529.6
8/29/2021 20:32,1023903.867
8/29/2021 20:33,836620.2667
8/29/2021 20:34,206737.3333
8/29/2021 20:35,926460.9333
8/29/2021 20:36,807640.4
8/29/2021 20:37,312732.8
8/29/2021 20:38,342798.1333
8/29/2021 20:39,427922.1333
8/29/2021 20:40,316200
8/29/2021 20:41,356398.2667
8/29/2021 20:42,990044
8/29/2021 20:43,1326454.8
8/29/2021 20:44,971557.2
8/29/2021 20:45,276080.9333
8/29/2021 20:46,306582.5333
8/29/2021 20:47,289704.2667
8/29/2021 20:48,337895.3333
8/29/2021 20:49,672168.8
8/29/2021 20:50,284144
8/29/2021 20:51,295359.8667
8/29/2021 20:52,298258.5333
8/29/2021 20:53,399493.8667
8/29/2021 20:54,244878.8
8/29/2021 20:55,246251.4667
8/29/2021 20:56,308938.1333
8/29/2021 20:57,288173.2
8/29/2021 20:58,459922.6667
8/29/2021 20:59,726824.4
8/29/2021 21:00,356424.8
8/29/2021 21:01,385162.6667
8/29/2021 21:02,569044.6667
8/29/2021 21:03,512556.4
8/29/2021 21:04,694969.6
8/29/2021 21:05,1162895.867
8/29/2021 21:06,1148967.6
8/29/2021 21:07,1209974.133
8/29/2021 21:08,581358.5333
8/29/2021 21:09,481718.1333
8/29/2021 21:10,418355.3333
8/29/2021 21:11,451730.1333
8/29/2021 21:12,329810.8
8/29/2021 21:13,844096.9333
8/29/2021 21:14,812094.2667
8/29/2021 21:15,889020.5333
8/29/2021 21:16,416998.1333
8/29/2021 21:17,413163.6
8/29/2021 21:18,277142.1333
8/29/2021 21:19,1027676
8/29/2021 21:20,1356360
8/29/2021 21:21,1034952.8
8/29/2021 21:22,344446.8
8/29/2021 21:23,279696.8
8/29/2021 21:24,435226.2667
8/29/2021 21:25,708577.4667
8/29/2021 21:26,298312.1333
8/29/2021 21:27,307299.3333
8/29/2021 21:28,274549.2
8/29/2021 21:29,235076.8
8/29/2021 21:30,255444.6667
8/29/2021 21:31,261233.8667
8/29/2021 21:32,927085.0667
8/29/2021 21:33,881644.6667
8/29/2021 21:34,458181.2
8/29/2021 21:35,1239829.2
8/29/2021 21:36,842509.0667
8/29/2021 21:37,390921.3333
8/29/2021 21:38,237493.6
8/29/2021 21:39,307961.2
8/29/2021 21:40,313150.1333
8/29/2021 21:41,306366.6667
8/29/2021 21:42,957217.0667
8/29/2021 21:43,849134.5333
8/29/2021 21:44,293932.6667
8/29/2021 21:45,298901.3333
8/29/2021 21:46,727714.6667
8/29/2021 21:47,299093.7333
8/29/2021 21:48,264923.0667
8/29/2021 21:49,786196.9333
8/29/2021 21:50,320850.1333
8/29/2021 21:51,393357.7333
8/29/2021 21:52,297357.0667
8/29/2021 21:53,258861.6
8/29/2021 21:54,293174.2667
8/29/2021 21:55,252761.6
8/29/2021 21:56,257613.7333
8/29/2021 21:57,229807.4667
8/29/2021 21:58,221402
8/29/2021 21:59,296895.4667
8/29/2021 22:00,336216.9333
8/29/2021 22:01,275674.8
8/29/2021 22:02,272521.3333
8/29/2021 22:03,1194523.733
8/29/2021 22:04,522792.1333
8/29/2021 22:05,313252.1333
8/29/2021 22:06,940974.4
8/29/2021 22:07,787247.3333
8/29/2021 22:08,225730.5333
8/29/2021 22:09,263638.2667
8/29/2021 22:10,271010.8
8/29/2021 22:11,273612.5333
8/29/2021 22:12,486169.6
8/29/2021 22:13,245260.1333
8/29/2021 22:14,259462.2667
8/29/2021 22:15,269769.7333
8/29/2021 22:16,237392.2667
8/29/2021 22:17,295085.0667
8/29/2021 22:18,289049.6
8/29/2021 22:19,1015271.867
8/29/2021 22:20,1351861.067
8/29/2021 22:21,1052675.467
8/29/2021 22:22,253517.6
8/29/2021 22:23,356637.0667
8/29/2021 22:24,229330.1333
8/29/2021 22:25,234852.2667
8/29/2021 22:26,229613.3333
8/29/2021 22:27,255658
8/29/2021 22:28,216477.8667
8/29/2021 22:29,238059.2
8/29/2021 22:30,234075.7333
8/29/2021 22:31,229996.8
8/29/2021 22:32,901472.4
8/29/2021 22:33,888248.4
8/29/2021 22:34,205370.4
8/29/2021 22:35,934533.2
8/29/2021 22:36,781773.6
8/29/2021 22:37,301397.3333
8/29/2021 22:38,322520.4
8/29/2021 22:39,331197.8667
8/29/2021 22:40,293086.9333
8/29/2021 22:41,248110.4
8/29/2021 22:42,927355.8667
8/29/2021 22:43,844481.3333
8/29/2021 22:44,269231.7333
8/29/2021 22:45,309830.6667
8/29/2021 22:46,398650.4
8/29/2021 22:47,227744.8
8/29/2021 22:48,259936.2667
8/29/2021 22:49,373525.8667
8/29/2021 22:50,268355.7333
8/29/2021 22:51,286166.5333
8/29/2021 22:52,382660
8/29/2021 22:53,281152.1333
8/29/2021 22:54,278994.1333
8/29/2021 22:55,321057.7333
8/29/2021 22:56,360396.4
8/29/2021 22:57,414068.4
8/29/2021 22:58,238218.5333
8/29/2021 22:59,210948.5333
8/29/2021 23:00,213244
8/29/2021 23:01,195400.1333
8/29/2021 23:02,192880.4
8/29/2021 23:03,897012.2667
8/29/2021 23:04,755058
8/29/2021 23:05,451870.2667
8/29/2021 23:06,954133.0667
8/29/2021 23:07,847575.3333
8/29/2021 23:08,283551.2
8/29/2021 23:09,378431.0667
8/29/2021 23:10,248384.5333
8/29/2021 23:11,313828.4
8/29/2021 23:12,342516.5333
8/29/2021 23:13,320760.8
8/29/2021 23:14,335753.0667
8/29/2021 23:15,275295.7333
8/29/2021 23:16,237531.3333
8/29/2021 23:17,400952.1333
8/29/2021 23:18,271798.4
8/29/2021 23:19,1004927.733
8/29/2021 23:20,1357798.4
8/29/2021 23:21,988169.7333
8/29/2021 23:22,260404.4
8/29/2021 23:23,262662.1333
8/29/2021 23:24,288172.5333
8/29/2021 23:25,252800.4
8/29/2021 23:26,354578.6667
8/29/2021 23:27,320312.2667
8/29/2021 23:28,257341.2
8/29/2021 23:29,225993.8667
8/29/2021 23:30,291882.5333
8/29/2021 23:31,285841.6
8/29/2021 23:32,949546
8/29/2021 23:33,1024106.4
8/29/2021 23:34,384481.6
8/29/2021 23:35,1031553.2
8/29/2021 23:36,1177813.733
8/29/2021 23:37,591300
8/29/2021 23:38,624255.3333
8/29/2021 23:39,426398.2667
8/29/2021 23:40,280976.1333
8/29/2021 23:41,286243.7333
8/29/2021 23:42,1016366.667
8/29/2021 23:43,841007.8667
8/29/2021 23:44,327632.4
8/29/2021 23:45,512735.3333
8/29/2021 23:46,445376
8/29/2021 23:47,648299.8667
8/29/2021 23:48,355570.4
8/29/2021 23:49,522146.9333
8/29/2021 23:50,293200.5333
8/29/2021 23:51,296441.2
8/29/2021 23:52,428732.6667
8/29/2021 23:53,273766.5333
8/29/2021 23:54,316243.6
8/29/2021 23:55,414268.9333
8/29/2021 23:56,252074.8
8/29/2021 23:57,298514.1333
8/29/2021 23:58,308861.2
8/29/2021 23:59,204691.7333
8/30/2021 0:00,226373.7333
8/30/2021 0:01,219458
8/30/2021 0:02,233140.6667
8/30/2021 0:03,950064.5333
8/30/2021 0:04,763279.7333
8/30/2021 0:05,300594.4
8/30/2021 0:06,1031225.467
8/30/2021 0:07,791394.6667
8/30/2021 0:08,276644.4
8/30/2021 0:09,294420.2667
8/30/2021 0:10,233441.3333
8/30/2021 0:11,257460
8/30/2021 0:12,230556.4
8/30/2021 0:13,327650.4
8/30/2021 0:14,376660.8
8/30/2021 0:15,346662.1333
8/30/2021 0:16,230525.4667
8/30/2021 0:17,237852
8/30/2021 0:18,206836.1333
8/30/2021 0:19,1007334.133
8/30/2021 0:20,1230593.733
8/30/2021 0:21,919471.0667
8/30/2021 0:22,227085.2
8/30/2021 0:23,325977.3333
8/30/2021 0:24,256340.1333
8/30/2021 0:25,275388.4
8/30/2021 0:26,262572.9333
8/30/2021 0:27,285483.2
8/30/2021 0:28,240738.1333
8/30/2021 0:29,257932.2667
8/30/2021 0:30,243444.8
8/30/2021 0:31,252936.9333
8/30/2021 0:32,872380.4
8/30/2021 0:33,796763.2
8/30/2021 0:34,256175.8667
8/30/2021 0:35,922122.4
8/30/2021 0:36,776475.7333
8/30/2021 0:37,250834.8
8/30/2021 0:38,237674.5333
8/30/2021 0:39,345288.4
8/30/2021 0:40,332592.8
8/30/2021 0:41,224372.5333
8/30/2021 0:42,921323.4667
8/30/2021 0:43,771539.4667
8/30/2021 0:44,220968.9333
8/30/2021 0:45,218397.2
8/30/2021 0:46,233156.1333
8/30/2021 0:47,203862.5333
8/30/2021 0:48,206439.3333
8/30/2021 0:49,280961.7333
8/30/2021 0:50,191333.3333
8/30/2021 0:51,202235.7333
8/30/2021 0:52,217519.2
8/30/2021 0:53,219113.6
8/30/2021 0:54,223862
8/30/2021 0:55,230446.4
8/30/2021 0:56,198722.5333
8/30/2021 0:57,206972
8/30/2021 0:58,189935.6
8/30/2021 0:59,206257.7333
8/30/2021 1:00,270618.8
8/30/2021 1:01,205769.4667
8/30/2021 1:02,183197.8667
8/30/2021 1:03,1046860.267
8/30/2021 1:04,787256.4
8/30/2021 1:05,395075.8667
8/30/2021 1:06,969655.8667
8/30/2021 1:07,827015.6
8/30/2021 1:08,245614.9333
8/30/2021 1:09,351259.4667
8/30/2021 1:10,286733.3333
8/30/2021 1:11,351802
8/30/2021 1:12,349706.6667
8/30/2021 1:13,323742
8/30/2021 1:14,220744.4
8/30/2021 1:15,283774.1333
8/30/2021 1:16,301268.6667
8/30/2021 1:17,367581.8667
8/30/2021 1:18,305572.6667
8/30/2021 1:19,904796.2667
8/30/2021 1:20,1368559.467
8/30/2021 1:21,1014276.667
8/30/2021 1:22,309809.6
8/30/2021 1:23,260575.0667
8/30/2021 1:24,225908
8/30/2021 1:25,257506.2667
8/30/2021 1:26,360444
8/30/2021 1:27,326926.5333
8/30/2021 1:28,295581.7333
8/30/2021 1:29,285317.4667
8/30/2021 1:30,324768.4
8/30/2021 1:31,958635.4667
8/30/2021 1:32,879157.0667
8/30/2021 1:33,604302.9333
8/30/2021 1:34,472972
8/30/2021 1:35,374653.3333
8/30/2021 1:36,362854.9333
8/30/2021 1:37,349617.7333
8/30/2021 1:38,322495.7333
8/30/2021 1:39,378305.0667
8/30/2021 1:40,394096.8
8/30/2021 1:41,348022.6667
8/30/2021 1:42,376181.6
8/30/2021 1:43,238715.7333
8/30/2021 1:44,260686.6667
8/30/2021 1:45,270055.2
8/30/2021 1:46,327688
8/30/2021 1:47,294150.6667
8/30/2021 1:48,314480.1333
8/30/2021 1:49,524316.6667
8/30/2021 1:50,267973.3333
8/30/2021 1:51,348619.8667
8/30/2021 1:52,478700
8/30/2021 1:53,365224.2667
8/30/2021 1:54,262255.7333
8/30/2021 1:55,313736.8
8/30/2021 1:56,282812.2667
8/30/2021 1:57,538820.6667
8/30/2021 1:58,1386031.333
8/30/2021 1:59,1325237.2
8/30/2021 2:00,1322018.133
8/30/2021 2:01,568588.9333
8/30/2021 2:02,235006.9333
8/30/2021 2:03,269347.0667
8/30/2021 2:04,231318.9333
8/30/2021 2:05,263559.2
8/30/2021 2:06,230155.2
8/30/2021 2:07,223358.6667
8/30/2021 2:08,243471.0667
8/30/2021 2:09,320577.8667
8/30/2021 2:10,242349.0667
8/30/2021 2:11,238499.6
8/30/2021 2:12,297679.8667
8/30/2021 2:13,199921.6
8/30/2021 2:14,203150
8/30/2021 2:15,212173.6
8/30/2021 2:16,237308.9333
8/30/2021 2:17,268871.2
8/30/2021 2:18,953663.3333
8/30/2021 2:19,691970.2667
8/30/2021 2:20,994659.7333
8/30/2021 2:21,678076.8
8/30/2021 2:22,933386.8
8/30/2021 2:23,653413.2
8/30/2021 2:24,206487.3333
8/30/2021 2:25,200086.1333
8/30/2021 2:26,218028.6667
8/30/2021 2:27,211862
8/30/2021 2:28,190380.6667
8/30/2021 2:29,212890
8/30/2021 2:30,246152.2667
8/30/2021 2:31,945006.6667
8/30/2021 2:32,757352.4
8/30/2021 2:33,309106
8/30/2021 2:34,185245.2
8/30/2021 2:35,202564.6667
8/30/2021 2:36,222747.7333
8/30/2021 2:37,231912.5333
8/30/2021 2:38,241231.7333
8/30/2021 2:39,265474.4
8/30/2021 2:40,283013.7333
8/30/2021 2:41,273032.2667
8/30/2021 2:42,320433.8667
8/30/2021 2:43,281019.4667
8/30/2021 2:44,240538.2667
8/30/2021 2:45,260306.2667
8/30/2021 2:46,258418.5333
8/30/2021 2:47,229484.2667
8/30/2021 2:48,310021.6
8/30/2021 2:49,319790.2667
8/30/2021 2:50,312507.8667
8/30/2021 2:51,237234.8
8/30/2021 2:52,220147.2
8/30/2021 2:53,263258.4
8/30/2021 2:54,274121.4667
8/30/2021 2:55,221573.4667
8/30/2021 2:56,936316.9333
8/30/2021 2:57,686966.6667
8/30/2021 2:58,994261.6
8/30/2021 2:59,1253683.333
8/30/2021 3:00,890694.6667
8/30/2021 3:01,231796.5333
8/30/2021 3:02,239278.1333
8/30/2021 3:03,231087.0667
8/30/2021 3:04,243501.2
8/30/2021 3:05,281768.6667
8/30/2021 3:06,229264.2667
8/30/2021 3:07,206054.1333
8/30/2021 3:08,274054.8
8/30/2021 3:09,288780.8
8/30/2021 3:10,414989.7333
8/30/2021 3:11,267058.6667
8/30/2021 3:12,380661.4667
8/30/2021 3:13,294154
8/30/2021 3:14,301739.0667
8/30/2021 3:15,285169.8667
8/30/2021 3:16,271794.5333
8/30/2021 3:17,331294.8
8/30/2021 3:18,972410.2667
8/30/2021 3:19,859140
8/30/2021 3:20,982151.4667
8/30/2021 3:21,848647.3333
8/30/2021 3:22,986149.2
8/30/2021 3:23,773456.1333
8/30/2021 3:24,395589.7333
8/30/2021 3:25,262035.8667
8/30/2021 3:26,295906.9333
8/30/2021 3:27,284083.7333
8/30/2021 3:28,267507.3333
8/30/2021 3:29,273820.4
8/30/2021 3:30,323742.9333
8/30/2021 3:31,1046318.667
8/30/2021 3:32,828465.2
8/30/2021 3:33,320656.2667
8/30/2021 3:34,186453.2
8/30/2021 3:35,165724.6667
8/30/2021 3:36,219699.0667
8/30/2021 3:37,204294.6667
8/30/2021 3:38,242449.2
8/30/2021 3:39,175008.1333
8/30/2021 3:40,156815.7333
8/30/2021 3:41,224810.8
8/30/2021 3:42,578692.4
8/30/2021 3:43,287251.8667
8/30/2021 3:44,419289.7333
8/30/2021 3:45,216963.8667
8/30/2021 3:46,220890.1333
8/30/2021 3:47,249521.7333
8/30/2021 3:48,251864.5333
8/30/2021 3:49,343728.1333
8/30/2021 3:50,262523.4667
8/30/2021 3:51,246608.5333
8/30/2021 3:52,215252.6667
8/30/2021 3:53,199968.6667
8/30/2021 3:54,250480.4
8/30/2021 3:55,247754.1333
8/30/2021 3:56,968746.8
8/30/2021 3:57,694557.8667
8/30/2021 3:58,945042.6667
8/30/2021 3:59,1257036.533
8/30/2021 4:00,856586.2667
8/30/2021 4:01,215127.2
8/30/2021 4:02,568563.6
8/30/2021 4:03,238734.6667
8/30/2021 4:04,242080
8/30/2021 4:05,244288.4
8/30/2021 4:06,321089.0667
8/30/2021 4:07,295347.6
8/30/2021 4:08,224680.6667
8/30/2021 4:09,228978.5333
8/30/2021 4:10,284664.8
8/30/2021 4:11,263844.8
8/30/2021 4:12,318696.6667
8/30/2021 4:13,231284.9333
8/30/2021 4:14,288918.5333
8/30/2021 4:15,228843.7333
8/30/2021 4:16,237637.8667
8/30/2021 4:17,277371.8667
8/30/2021 4:18,967114.2667
8/30/2021 4:19,825160.6667
8/30/2021 4:20,976595.7333
8/30/2021 4:21,717002.5333
8/30/2021 4:22,971302.9333
8/30/2021 4:23,724236.5333
8/30/2021 4:24,237602.2667
8/30/2021 4:25,411623.3333
8/30/2021 4:26,227531.4667
8/30/2021 4:27,241371.3333
8/30/2021 4:28,252094.5333
8/30/2021 4:29,212060.4
8/30/2021 4:30,418772.5333
8/30/2021 4:31,980682
8/30/2021 4:32,679914.4
8/30/2021 4:33,259901.0667
8/30/2021 4:34,189184.4
8/30/2021 4:35,197724.8
8/30/2021 4:36,236223.0667
8/30/2021 4:37,216115.8667
8/30/2021 4:38,177550
8/30/2021 4:39,223552.9333
8/30/2021 4:40,305907.8667
8/30/2021 4:41,351769.6
8/30/2021 4:42,308632
8/30/2021 4:43,224569.8667
8/30/2021 4:44,258974.5333
8/30/2021 4:45,266615.7333
8/30/2021 4:46,281335.2
8/30/2021 4:47,242472.4
8/30/2021 4:48,242477.8667
8/30/2021 4:49,253311.4667
8/30/2021 4:50,237752.1333
8/30/2021 4:51,295629.8667
8/30/2021 4:52,498577.8667
8/30/2021 4:53,247429.3333
8/30/2021 4:54,313630.2667
8/30/2021 4:55,233157.8667
8/30/2021 4:56,1007046
8/30/2021 4:57,856890.6667
8/30/2021 4:58,979971.7333
8/30/2021 4:59,1234857.2
8/30/2021 5:00,883480.2667
8/30/2021 5:01,209250.8
8/30/2021 5:02,248606.2667
8/30/2021 5:03,340882.6667
8/30/2021 5:04,251791.6
8/30/2021 5:05,299184.4
8/30/2021 5:06,336186.6667
8/30/2021 5:07,224373.2
8/30/2021 5:08,208311.8667
8/30/2021 5:09,263499.7333
8/30/2021 5:10,271924.4
8/30/2021 5:11,254887.6
8/30/2021 5:12,279514
8/30/2021 5:13,270284.4
8/30/2021 5:14,378173.6
8/30/2021 5:15,265750.4
8/30/2021 5:16,378228.6667
8/30/2021 5:17,261858
8/30/2021 5:18,939384
8/30/2021 5:19,815217.2
8/30/2021 5:20,1020785.733
8/30/2021 5:21,744460.1333
8/30/2021 5:22,960156.2667
8/30/2021 5:23,874340.2667
8/30/2021 5:24,282641.6
8/30/2021 5:25,267495.6
8/30/2021 5:26,268883.6
8/30/2021 5:27,277384.6667
8/30/2021 5:28,269243.3333
8/30/2021 5:29,257756
8/30/2021 5:30,270990.9333
8/30/2021 5:31,957398.4
8/30/2021 5:32,717245.7333
8/30/2021 5:33,315065.6
8/30/2021 5:34,246998.1333
8/30/2021 5:35,233837.0667
8/30/2021 5:36,242592.8
8/30/2021 5:37,241913.7333
8/30/2021 5:38,234140.5333
8/30/2021 5:39,237926
8/30/2021 5:40,328377.4667
8/30/2021 5:41,220838.5333
8/30/2021 5:42,280230.6667
8/30/2021 5:43,200534.1333
8/30/2021 5:44,220428.2667
8/30/2021 5:45,235932.1333
8/30/2021 5:46,225524.1333
8/30/2021 5:47,213757.3333
8/30/2021 5:48,215089.7333
8/30/2021 5:49,202892.4
8/30/2021 5:50,186410.9333
8/30/2021 5:51,189714.1333
8/30/2021 5:52,180429.8667
8/30/2021 5:53,175066.6667
8/30/2021 5:54,213244.9333
8/30/2021 5:55,197540.2667
8/30/2021 5:56,977989.2
8/30/2021 5:57,713211.7333
8/30/2021 5:58,970191.0667
8/30/2021 5:59,1226241.333
8/30/2021 6:00,748386.5333
8/30/2021 6:01,351511.7333
8/30/2021 6:02,226569.0667
8/30/2021 6:03,268220.8
8/30/2021 6:04,203953.7333
8/30/2021 6:05,291146.5333
8/30/2021 6:06,305877.6
8/30/2021 6:07,283074.5333
8/30/2021 6:08,246381.6
8/30/2021 6:09,241002.6667
8/30/2021 6:10,289291.8667
8/30/2021 6:11,221570.9333
8/30/2021 6:12,320631.0667
8/30/2021 6:13,226689.3333
8/30/2021 6:14,227521.0667
8/30/2021 6:15,263060.5333
8/30/2021 6:16,269961.4667
8/30/2021 6:17,288176.8
8/30/2021 6:18,1072584.133
8/30/2021 6:19,792184.9333
8/30/2021 6:20,965574.8
8/30/2021 6:21,807312.5333
8/30/2021 6:22,969048
8/30/2021 6:23,729892
8/30/2021 6:24,398952.6667
8/30/2021 6:25,283216.6667
8/30/2021 6:26,301387.7333
8/30/2021 6:27,281238.9333
8/30/2021 6:28,242842.9333
8/30/2021 6:29,263013.4667
8/30/2021 6:30,258458.5333
8/30/2021 6:31,952877.6
8/30/2021 6:32,792513.8667
8/30/2021 6:33,233207.0667
8/30/2021 6:34,234512.8
8/30/2021 6:35,243185.8667
8/30/2021 6:36,257741.6
8/30/2021 6:37,259345.4667
8/30/2021 6:38,226876.9333
8/30/2021 6:39,257773.7333
8/30/2021 6:40,315705.3333
8/30/2021 6:41,212737.2
8/30/2021 6:42,217501.4667
8/30/2021 6:43,215045.4667
8/30/2021 6:44,287590.8
8/30/2021 6:45,278112.9333
8/30/2021 6:46,249660.5333
8/30/2021 6:47,213740
8/30/2021 6:48,331335.4667
8/30/2021 6:49,224883.7333
8/30/2021 6:50,216919.2
8/30/2021 6:51,210883.0667
8/30/2021 6:52,203840.2667
8/30/2021 6:53,239566.6667
8/30/2021 6:54,246117.2
8/30/2021 6:55,266515.2
8/30/2021 6:56,965474.4
8/30/2021 6:57,874843.7333
8/30/2021 6:58,960872.1333
8/30/2021 6:59,1238157.2
8/30/2021 7:00,892393.7333
8/30/2021 7:01,236390.5333
8/30/2021 7:02,221054.2667
8/30/2021 7:03,322089.6
8/30/2021 7:04,275206.9333
8/30/2021 7:05,312345.3333
8/30/2021 7:06,373197.8667
8/30/2021 7:07,287355.2
8/30/2021 7:08,298101.0667
8/30/2021 7:09,277421.2
8/30/2021 7:10,334852.2667
8/30/2021 7:11,321037.0667
8/30/2021 7:12,439038
8/30/2021 7:13,281837.0667
8/30/2021 7:14,287647.8667
8/30/2021 7:15,333247.2
8/30/2021 7:16,282644.1333
8/30/2021 7:17,309919.2
8/30/2021 7:18,1004892.133
8/30/2021 7:19,937415.8667
8/30/2021 7:20,1005891.6
8/30/2021 7:21,832220.9333
8/30/2021 7:22,977558.4
8/30/2021 7:23,815099.8667
8/30/2021 7:24,306938.2667
8/30/2021 7:25,254939.0667
8/30/2021 7:26,316501.2
8/30/2021 7:27,261931.7333
8/30/2021 7:28,232637.4667
8/30/2021 7:29,230167.0667
8/30/2021 7:30,245332.4
8/30/2021 7:31,968815.2
8/30/2021 7:32,736582.1333
8/30/2021 7:33,260113.3333
8/30/2021 7:34,209361.0667
8/30/2021 7:35,212461.3333
8/30/2021 7:36,229764.2667
8/30/2021 7:37,248956.9333
8/30/2021 7:38,223118.1333
8/30/2021 7:39,232925.4667
8/30/2021 7:40,341460.8
8/30/2021 7:41,247931.6
8/30/2021 7:42,253179.8667
8/30/2021 7:43,330927.4667
8/30/2021 7:44,213364.4
8/30/2021 7:45,255761.4667
8/30/2021 7:46,268121.8667
8/30/2021 7:47,274596.8
8/30/2021 7:48,279549.2
8/30/2021 7:49,265217.4667
8/30/2021 7:50,294642.4
8/30/2021 7:51,262430.9333
8/30/2021 7:52,383002.5333
8/30/2021 7:53,260776.1333
8/30/2021 7:54,253475.0667
8/30/2021 7:55,237545.6
8/30/2021 7:56,1011698.267
8/30/2021 7:57,807990.9333
8/30/2021 7:58,980886.1333
8/30/2021 7:59,1221693.2
8/30/2021 8:00,1096896.267
8/30/2021 8:01,265649.7333
8/30/2021 8:02,218725.7333
8/30/2021 8:03,289520.1333
8/30/2021 8:04,270127.4667
8/30/2021 8:05,318592.8
8/30/2021 8:06,320620.6667
8/30/2021 8:07,265540.6667
8/30/2021 8:08,255047.3333
8/30/2021 8:09,303193.2
8/30/2021 8:10,318342.1333
8/30/2021 8:11,351133.3333
8/30/2021 8:12,391839.0667
8/30/2021 8:13,243386
8/30/2021 8:14,225129.8667
8/30/2021 8:15,257271.6
8/30/2021 8:16,239717.7333
8/30/2021 8:17,320189.3333
8/30/2021 8:18,1003278.533
8/30/2021 8:19,778511.7333
8/30/2021 8:20,1005175.467
8/30/2021 8:21,828365.8667
8/30/2021 8:22,960411.8667
8/30/2021 8:23,692888.2667
8/30/2021 8:24,245130
8/30/2021 8:25,235980.2667
8/30/2021 8:26,242841.7333
8/30/2021 8:27,278320.6667
8/30/2021 8:28,276966.9333
8/30/2021 8:29,241864.5333
8/30/2021 8:30,256352.4
8/30/2021 8:31,949410.9333
8/30/2021 8:32,789883.2
8/30/2021 8:33,313218.5333
8/30/2021 8:34,216776.4
8/30/2021 8:35,245535.0667
8/30/2021 8:36,269205.8667
8/30/2021 8:37,308705.6
8/30/2021 8:38,294352.1333
8/30/2021 8:39,252587.8667
8/30/2021 8:40,477134
8/30/2021 8:41,221561.4667
8/30/2021 8:42,384574.9333
8/30/2021 8:43,262517.7333
8/30/2021 8:44,252683.3333
8/30/2021 8:45,279933.0667
8/30/2021 8:46,315403.6
8/30/2021 8:47,304494.4
8/30/2021 8:48,258804.6667
8/30/2021 8:49,238996
8/30/2021 8:50,266828.4
8/30/2021 8:51,280845.6
8/30/2021 8:52,244257.4667
8/30/2021 8:53,229363.0667
8/30/2021 8:54,223967.6
8/30/2021 8:55,238659.8667
8/30/2021 8:56,995932.2667
8/30/2021 8:57,787436.1333
8/30/2021 8:58,983655.0667
8/30/2021 8:59,1291317.867
8/30/2021 9:00,946198.6667
8/30/2021 9:01,299303.4667
8/30/2021 9:02,273373.4667
8/30/2021 9:03,322321.4667
8/30/2021 9:04,235948.2667
8/30/2021 9:05,323897.4667
8/30/2021 9:06,314399.8667
8/30/2021 9:07,266607.3333
8/30/2021 9:08,270521.2
8/30/2021 9:09,386182.5333
8/30/2021 9:10,360010.9333
8/30/2021 9:11,338423.0667
8/30/2021 9:12,286495.2
8/30/2021 9:13,269734.9333
8/30/2021 9:14,376064.4
8/30/2021 9:15,359614.9333
8/30/2021 9:16,297103.7333
8/30/2021 9:17,347361.2
8/30/2021 9:18,1017868.4
8/30/2021 9:19,817174.5333
8/30/2021 9:20,1006842.133
8/30/2021 9:21,846988.4
8/30/2021 9:22,987617.7333
8/30/2021 9:23,780914.5333
8/30/2021 9:24,378953.4667
8/30/2021 9:25,268957.7333
8/30/2021 9:26,371380.2667
8/30/2021 9:27,321375.8667
8/30/2021 9:28,241969.3333
8/30/2021 9:29,264483.4667
8/30/2021 9:30,283771.4667
8/30/2021 9:31,967445.8667
8/30/2021 9:32,801876.1333
8/30/2021 9:33,241659.3333
8/30/2021 9:34,212235.0667
8/30/2021 9:35,233650.1333
8/30/2021 9:36,230558.9333
8/30/2021 9:37,191271.2
8/30/2021 9:38,199745.0667
8/30/2021 9:39,199171.6
8/30/2021 9:40,344064.9333
8/30/2021 9:41,232038
8/30/2021 9:42,283803.3333
8/30/2021 9:43,239518.6667
8/30/2021 9:44,190512
8/30/2021 9:45,277169.0667
8/30/2021 9:46,246764.6667
8/30/2021 9:47,195012.6667
8/30/2021 9:48,270886.2667
8/30/2021 9:49,234945.0667
8/30/2021 9:50,338220.2667
8/30/2021 9:51,239648.9333
8/30/2021 9:52,499430.5333
8/30/2021 9:53,217494.9333
8/30/2021 9:54,264640.9333
8/30/2021 9:55,247185.0667
8/30/2021 9:56,975143.8667
8/30/2021 9:57,782755.7333
8/30/2021 9:58,975686.1333
8/30/2021 9:59,1184582.8
8/30/2021 10:00,1136227.867
8/30/2021 10:01,246826.4
8/30/2021 10:02,232423.4667
8/30/2021 10:03,254868.6667
8/30/2021 10:04,381613.4667
8/30/2021 10:05,285607.8667
8/30/2021 10:06,302168.2667
8/30/2021 10:07,225239.8667
8/30/2021 10:08,192323.8667
8/30/2021 10:09,259788.9333
8/30/2021 10:10,316741.0667
8/30/2021 10:11,246842.1333
8/30/2021 10:12,346935.6
8/30/2021 10:13,236358
8/30/2021 10:14,203247.3333
8/30/2021 10:15,247626.4
8/30/2021 10:16,214480.9333
8/30/2021 10:17,217262.5333
8/30/2021 10:18,1022343.2
8/30/2021 10:19,749249.3333
8/30/2021 10:20,975016.9333
8/30/2021 10:21,857295.6
8/30/2021 10:22,1000933.467
8/30/2021 10:23,838521.7333
8/30/2021 10:24,398835.8667
8/30/2021 10:25,263067.0667
8/30/2021 10:26,323667.6
8/30/2021 10:27,298435.3333
8/30/2021 10:28,262717.4667
8/30/2021 10:29,260121.7333
8/30/2021 10:30,296495.3333
8/30/2021 10:31,1016192.667
8/30/2021 10:32,771927.7333
8/30/2021 10:33,290963.0667
8/30/2021 10:34,275397.8667
8/30/2021 10:35,270447.7333
8/30/2021 10:36,323103.7333
8/30/2021 10:37,423772.5333
8/30/2021 10:38,481096.4
8/30/2021 10:39,661193.2
8/30/2021 10:40,741591.4667
8/30/2021 10:41,680351.4667
8/30/2021 10:42,561544.5333
8/30/2021 10:43,688768.2667
8/30/2021 10:44,600066.9333
8/30/2021 10:45,722607.4667
8/30/2021 10:46,640739.8667
8/30/2021 10:47,559542.9333
8/30/2021 10:48,588353.8667
8/30/2021 10:49,349110.2667
8/30/2021 10:50,301231.2
8/30/2021 10:51,268865.4667
8/30/2021 10:52,407263.7333
8/30/2021 10:53,262000.2667
8/30/2021 10:54,270028.8
8/30/2021 10:55,289581.8667
8/30/2021 10:56,982070.4
8/30/2021 10:57,803600.8
8/30/2021 10:58,947282
8/30/2021 10:59,1273715.6
8/30/2021 11:00,892764.8
8/30/2021 11:01,265206.1333
8/30/2021 11:02,322409.2
8/30/2021 11:03,311944.5333
8/30/2021 11:04,357278.1333
8/30/2021 11:05,352164
8/30/2021 11:06,414219.8667
8/30/2021 11:07,309800.5333
8/30/2021 11:08,236960.9333
8/30/2021 11:09,263440.9333
8/30/2021 11:10,305929.6
8/30/2021 11:11,306275.2
8/30/2021 11:12,262831.4667
8/30/2021 11:13,238081.7333
8/30/2021 11:14,280815.4667
8/30/2021 11:15,252429.6
8/30/2021 11:16,251854
8/30/2021 11:17,202476
8/30/2021 11:18,960443.3333
8/30/2021 11:19,904110.4
8/30/2021 11:20,966050.2667
8/30/2021 11:21,714347.3333
8/30/2021 11:22,974850.2667
8/30/2021 11:23,764858.9333
8/30/2021 11:24,243598.1333
8/30/2021 11:25,320156.4
8/30/2021 11:26,243989.3333
8/30/2021 11:27,285090.8
8/30/2021 11:28,301132.8
8/30/2021 11:29,218058.4
8/30/2021 11:30,267745.7333
8/30/2021 11:31,965937.4667
8/30/2021 11:32,865343.4667
8/30/2021 11:33,228888.9333
8/30/2021 11:34,235641.4667
8/30/2021 11:35,260252.8
8/30/2021 11:36,247626.2667
8/30/2021 11:37,237470.2667
8/30/2021 11:38,221439.0667
8/30/2021 11:39,219511.2
8/30/2021 11:40,377670.2667
8/30/2021 11:41,214265.3333
8/30/2021 11:42,329918.4
8/30/2021 11:43,224687.6
8/30/2021 11:44,286970
8/30/2021 11:45,237130.2667
8/30/2021 11:46,228524.2667
8/30/2021 11:47,210743.0667
8/30/2021 11:48,265183.3333
8/30/2021 11:49,263004.1333
8/30/2021 11:50,191986.2667
8/30/2021 11:51,229590.2667
8/30/2021 11:52,213242.9333
8/30/2021 11:53,189330.1333
8/30/2021 11:54,227701.0667
8/30/2021 11:55,207497.3333
8/30/2021 11:56,988833.8667
8/30/2021 11:57,851907.6
8/30/2021 11:58,957919.8667
8/30/2021 11:59,1288747.467
8/30/2021 12:00,842215.0667
8/30/2021 12:01,274531.2
8/30/2021 12:02,256065.3333
8/30/2021 12:03,314164
8/30/2021 12:04,264301.6
8/30/2021 12:05,305887.2
8/30/2021 12:06,418925.2
8/30/2021 12:07,259926.1333
8/30/2021 12:08,236316.5333
8/30/2021 12:09,298345.0667
8/30/2021 12:10,304257.3333
8/30/2021 12:11,258577.7333
8/30/2021 12:12,273952.6667
8/30/2021 12:13,277724.6667
8/30/2021 12:14,289226.6667
8/30/2021 12:15,254225.8667
8/30/2021 12:16,364083.3333
8/30/2021 12:17,272736.6667
8/30/2021 12:18,1000999.067
8/30/2021 12:19,788924.5333
8/30/2021 12:20,991843.8667
8/30/2021 12:21,766124
8/30/2021 12:22,988196.8
8/30/2021 12:23,822186.6667
8/30/2021 12:24,415974.4
8/30/2021 12:25,298008.5333
8/30/2021 12:26,272834.6667
8/30/2021 12:27,286046.6667
8/30/2021 12:28,255228.8
8/30/2021 12:29,239947.3333
8/30/2021 12:30,273731.6
8/30/2021 12:31,966450.8
8/30/2021 12:32,752410.8
8/30/2021 12:33,239511.4667
8/30/2021 12:34,250555.2
8/30/2021 12:35,244290.5333
8/30/2021 12:36,291212.1333
8/30/2021 12:37,309556
8/30/2021 12:38,282072.2667
8/30/2021 12:39,236467.3333
8/30/2021 12:40,317233.3333
8/30/2021 12:41,237695.7333
8/30/2021 12:42,324575.2
8/30/2021 12:43,256339.4667
8/30/2021 12:44,271763.8667
8/30/2021 12:45,267117.3333
8/30/2021 12:46,272959.8667
8/30/2021 12:47,234990.2667
8/30/2021 12:48,229721.3333
8/30/2021 12:49,211731.8667
8/30/2021 12:50,223446.6667
8/30/2021 12:51,256611.6
8/30/2021 12:52,278325.7333
8/30/2021 12:53,293583.6
8/30/2021 12:54,266498.8
8/30/2021 12:55,255447.0667
8/30/2021 12:56,1046637.067
8/30/2021 12:57,960321.7333
8/30/2021 12:58,995757.8667
8/30/2021 12:59,1297181.6
8/30/2021 13:00,1065535.2
8/30/2021 13:01,300954.4
8/30/2021 13:02,291895.2
8/30/2021 13:03,365551.4667
8/30/2021 13:04,334522.5333
8/30/2021 13:05,308104.8
8/30/2021 13:06,374255.0667
8/30/2021 13:07,289538.6667
8/30/2021 13:08,280879.2
8/30/2021 13:09,289942
8/30/2021 13:10,371389.4667
8/30/2021 13:11,283822.2667
8/30/2021 13:12,556916.4
8/30/2021 13:13,250072.5333
8/30/2021 13:14,275736.8
8/30/2021 13:15,296857.7333
8/30/2021 13:16,279489.3333
8/30/2021 13:17,348981.8667
8/30/2021 13:18,994392
8/30/2021 13:19,850677.4667
8/30/2021 13:20,1007548.533
8/30/2021 13:21,757776.1333
8/30/2021 13:22,980370.1333
8/30/2021 13:23,718296.8
8/30/2021 13:24,263438.2667
8/30/2021 13:25,297786
8/30/2021 13:26,265398.1333
8/30/2021 13:27,219327.0667
8/30/2021 13:28,135550.8
8/30/2021 13:29,135863.6
8/30/2021 13:30,147446.5333
8/30/2021 13:31,913426
8/30/2021 13:32,606978.9333
8/30/2021 13:33,130295.3333
8/30/2021 13:34,137238.2667
8/30/2021 13:35,117490.2667
8/30/2021 13:36,200920.4
8/30/2021 13:37,198392.6667
8/30/2021 13:38,229511.3333
8/30/2021 13:39,217990.1333
8/30/2021 13:40,316710.6667
8/30/2021 13:41,214354.2667
8/30/2021 13:42,242798.1333
8/30/2021 13:43,242213.0667
8/30/2021 13:44,229346.8
8/30/2021 13:45,257947.3333
8/30/2021 13:46,251582.2667
8/30/2021 13:47,360524.5333
8/30/2021 13:48,282647.2
8/30/2021 13:49,376871.0667
8/30/2021 13:50,384466.1333
8/30/2021 13:51,982331.2
8/30/2021 13:52,853820.4
8/30/2021 13:53,401535.3333
8/30/2021 13:54,302449.2
8/30/2021 13:55,338348.4
8/30/2021 13:56,999674.9333
8/30/2021 13:57,894248.9333
8/30/2021 13:58,969853.8667
8/30/2021 13:59,1270443.733
8/30/2021 14:00,924433.8667
8/30/2021 14:01,1022216.667
8/30/2021 14:02,758015.3333
8/30/2021 14:03,316058.9333
8/30/2021 14:04,279316.8
8/30/2021 14:05,334174.8
8/30/2021 14:06,331714.9333
8/30/2021 14:07,228248.9333
8/30/2021 14:08,265072.9333
8/30/2021 14:09,240221.3333
8/30/2021 14:10,280215.4667
8/30/2021 14:11,235550.4
8/30/2021 14:12,225946.9333
8/30/2021 14:13,214017.2
8/30/2021 14:14,211786.4
8/30/2021 14:15,225970.8
8/30/2021 14:16,239170.9333
8/30/2021 14:17,245606.2667
8/30/2021 14:18,961492
8/30/2021 14:19,712092.6667
8/30/2021 14:20,981540.4
8/30/2021 14:21,670127.7333
8/30/2021 14:22,939928.1333
8/30/2021 14:23,741573.2
8/30/2021 14:24,234194.6667
8/30/2021 14:25,232562.6667
8/30/2021 14:26,232642.5333
8/30/2021 14:27,234637.6
8/30/2021 14:28,347169.0667
8/30/2021 14:29,227983.3333
8/30/2021 14:30,260992.5333
8/30/2021 14:31,962669.3333
8/30/2021 14:32,704604.8
8/30/2021 14:33,216889.8667
8/30/2021 14:34,236162.9333
8/30/2021 14:35,236198.4
8/30/2021 14:36,245708.6667
8/30/2021 14:37,258396.5333
8/30/2021 14:38,254970.4
8/30/2021 14:39,281401.0667
8/30/2021 14:40,335544.6667
8/30/2021 14:41,257642.4
8/30/2021 14:42,367262.5333
8/30/2021 14:43,300882
8/30/2021 14:44,308508.6667
8/30/2021 14:45,261383.8667
8/30/2021 14:46,333489.3333
8/30/2021 14:47,294537.8667
8/30/2021 14:48,283288.6667
8/30/2021 14:49,303018
8/30/2021 14:50,274280.2667
8/30/2021 14:51,378918.8
8/30/2021 14:52,521723.0667
8/30/2021 14:53,450237.3333
8/30/2021 14:54,441743.8667
8/30/2021 14:55,386027.8667
8/30/2021 14:56,1035883.733
8/30/2021 14:57,1025302.933
8/30/2021 14:58,964548.1333
8/30/2021 14:59,984034.9333
8/30/2021 15:00,1299072.667
8/30/2021 15:01,1042088.667
8/30/2021 15:02,523710
8/30/2021 15:03,639912.2667
8/30/2021 15:04,544783.0667
8/30/2021 15:05,577060.4
8/30/2021 15:06,568282.1333
8/30/2021 15:07,603227.7333
8/30/2021 15:08,531355.4667
8/30/2021 15:09,511698.9333
8/30/2021 15:10,491751.4667
8/30/2021 15:11,457505.4667
8/30/2021 15:12,433237.6
8/30/2021 15:13,481715.4667
8/30/2021 15:14,446513.4667
8/30/2021 15:15,476421.0667
8/30/2021 15:16,455154.1333
8/30/2021 15:17,493993.8667
8/30/2021 15:18,1103864.267
8/30/2021 15:19,1009004.667
8/30/2021 15:20,1019042.133
8/30/2021 15:21,964785.8667
8/30/2021 15:22,648077.7333
8/30/2021 15:23,1121674.267
8/30/2021 15:24,969683.2
8/30/2021 15:25,465186.8
8/30/2021 15:26,555762.9333
8/30/2021 15:27,466216.6667
8/30/2021 15:28,542842
8/30/2021 15:29,414091.8667
8/30/2021 15:30,457396.5333
8/30/2021 15:31,1051994.8
8/30/2021 15:32,888504.8
8/30/2021 15:33,831321.0667
8/30/2021 15:34,459530.6667
8/30/2021 15:35,482092.1333
8/30/2021 15:36,494927.0667
8/30/2021 15:37,586289.4667
8/30/2021 15:38,687317.8667
8/30/2021 15:39,711300.5333
8/30/2021 15:40,795536.4
8/30/2021 15:41,631848.4
8/30/2021 15:42,441474.1333
8/30/2021 15:43,586577.3333
8/30/2021 15:44,471060
8/30/2021 15:45,540604.8
8/30/2021 15:46,525504.8
8/30/2021 15:47,617026.8
8/30/2021 15:48,669624
8/30/2021 15:49,769756.5333
8/30/2021 15:50,554498.8
8/30/2021 15:51,672282
8/30/2021 15:52,765588.5333
8/30/2021 15:53,641494.8
8/30/2021 15:54,755205.7333
8/30/2021 15:55,713268.2667
8/30/2021 15:56,1104914.133
8/30/2021 15:57,1265795.733
8/30/2021 15:58,1218492.133
8/30/2021 15:59,1267610.933
8/30/2021 16:00,1270309.867
8/30/2021 16:01,1100505.333
8/30/2021 16:02,729198.1333
8/30/2021 16:03,713507.2
8/30/2021 16:04,440224
8/30/2021 16:05,484901.3333
8/30/2021 16:06,556373.3333
8/30/2021 16:07,471436.6667
8/30/2021 16:08,421629.2
8/30/2021 16:09,475413.8667
8/30/2021 16:10,505178.1333
8/30/2021 16:11,548147.4667
8/30/2021 16:12,754514.2667
8/30/2021 16:13,645487.6
8/30/2021 16:14,463218.5333
8/30/2021 16:15,436517.7333
8/30/2021 16:16,426750.1333
8/30/2021 16:17,578331.3333
8/30/2021 16:18,1062801.867
8/30/2021 16:19,1071082.267
8/30/2021 16:20,1135538.933
8/30/2021 16:21,1014837.067
8/30/2021 16:22,1246774.933
8/30/2021 16:23,993271.4667
8/30/2021 16:24,1110538.533
8/30/2021 16:25,471306.8
8/30/2021 16:26,478439.4667
8/30/2021 16:27,490842.5333
8/30/2021 16:28,483786.9333
8/30/2021 16:29,452284.9333
8/30/2021 16:30,645029.7333
8/30/2021 16:31,667676.8
8/30/2021 16:32,943976.1333
8/30/2021 16:33,1016870.933
8/30/2021 16:34,590014.6667
8/30/2021 16:35,526741.0667
8/30/2021 16:36,590414.2667
8/30/2021 16:37,500305.8667
8/30/2021 16:38,525446.9333
8/30/2021 16:39,502399.8667
8/30/2021 16:40,600508.5333
8/30/2021 16:41,513338.1333
8/30/2021 16:42,480409.2
8/30/2021 16:43,607875.4667
8/30/2021 16:44,529809.6
8/30/2021 16:45,586248.8
8/30/2021 16:46,619656.9333
8/30/2021 16:47,517135.4667
8/30/2021 16:48,735426.2667
8/30/2021 16:49,628555.8667
8/30/2021 16:50,555220.8
8/30/2021 16:51,617739.8667
8/30/2021 16:52,537437.3333
8/30/2021 16:53,520300.5333
8/30/2021 16:54,678946
8/30/2021 16:55,637400.8
8/30/2021 16:56,1057852
8/30/2021 16:57,1106728.267
8/30/2021 16:58,1115687.2
8/30/2021 16:59,1174109.2
8/30/2021 17:00,1276303.6
8/30/2021 17:01,1030908.8
8/30/2021 17:02,658620.1333
8/30/2021 17:03,643463.2
8/30/2021 17:04,591674.8
8/30/2021 17:05,575567.4667
8/30/2021 17:06,610034.9333
8/30/2021 17:07,564769.7333
8/30/2021 17:08,550809.3333
8/30/2021 17:09,652213.2
8/30/2021 17:10,670582.1333
8/30/2021 17:11,556494.4
8/30/2021 17:12,930135.2
8/30/2021 17:13,607399.3333
8/30/2021 17:14,564102.6667
8/30/2021 17:15,538843.0667
8/30/2021 17:16,529303.4667
8/30/2021 17:17,625935.4667
8/30/2021 17:18,1075355.2
8/30/2021 17:19,1111552.267
8/30/2021 17:20,1151058.133
8/30/2021 17:21,921215.0667
8/30/2021 17:22,1121252.8
8/30/2021 17:23,861868.2667
8/30/2021 17:24,650849.7333
8/30/2021 17:25,334640.8
8/30/2021 17:26,316062.1333
8/30/2021 17:27,289417.0667
8/30/2021 17:28,304067.6
8/30/2021 17:29,258527.8667
8/30/2021 17:30,247361.6
8/30/2021 17:31,809755.4667
8/30/2021 17:32,991669.8667
8/30/2021 17:33,262675.2
8/30/2021 17:34,245002.8
8/30/2021 17:35,280508.6667
8/30/2021 17:36,357871.8667
8/30/2021 17:37,269819.4667
8/30/2021 17:38,272172.9333
8/30/2021 17:39,296660.1333
8/30/2021 17:40,333157.7333
8/30/2021 17:41,268887.7333
8/30/2021 17:42,392641.7333
8/30/2021 17:43,244012.4
8/30/2021 17:44,334450.2667
8/30/2021 17:45,236376.6667
8/30/2021 17:46,225377.0667
8/30/2021 17:47,238730.5333
8/30/2021 17:48,248840
8/30/2021 17:49,260221.3333
8/30/2021 17:50,230221.7333
8/30/2021 17:51,226970
8/30/2021 17:52,215871.8667
8/30/2021 17:53,188892.2667
8/30/2021 17:54,208472.6667
8/30/2021 17:55,185906.2667
8/30/2021 17:56,1169924.933
8/30/2021 17:57,595493.7333
8/30/2021 17:58,213273.6
8/30/2021 17:59,899971.7333
8/30/2021 18:00,792678.8
8/30/2021 18:01,208784.6667
8/30/2021 18:02,227547.7333
8/30/2021 18:03,271389.2
8/30/2021 18:04,308750.5333
8/30/2021 18:05,274243.7333
8/30/2021 18:06,253929.8667
8/30/2021 18:07,224540.5333
8/30/2021 18:08,226943.2
8/30/2021 18:09,274929.0667
8/30/2021 18:10,311104.2667
8/30/2021 18:11,215522.6667
8/30/2021 18:12,356703.4667
8/30/2021 18:13,244036.4
8/30/2021 18:14,237632.5333
8/30/2021 18:15,268078.6667
8/30/2021 18:16,224111.8667
8/30/2021 18:17,272453.8667
8/30/2021 18:18,941756
8/30/2021 18:19,813455.2
8/30/2021 18:20,422266.9333
8/30/2021 18:21,711780.8
8/30/2021 18:22,1210768.667
8/30/2021 18:23,1095312.667
8/30/2021 18:24,387923.8667
8/30/2021 18:25,300350.8
8/30/2021 18:26,338509.2
8/30/2021 18:27,269439.3333
8/30/2021 18:28,248797.0667
8/30/2021 18:29,243184.1333
8/30/2021 18:30,250558.8
8/30/2021 18:31,915815.0667
8/30/2021 18:32,819359.0667
8/30/2021 18:33,290770.4
8/30/2021 18:34,254451.7333
8/30/2021 18:35,256024.8
8/30/2021 18:36,287102.4
8/30/2021 18:37,299743.3333
8/30/2021 18:38,253392.6667
8/30/2021 18:39,281034.1333
8/30/2021 18:40,328317.2
8/30/2021 18:41,263770.5333
8/30/2021 18:42,272520
8/30/2021 18:43,251648
8/30/2021 18:44,250958.2667
8/30/2021 18:45,630584.4
8/30/2021 18:46,559010.2667
8/30/2021 18:47,415032.4
8/30/2021 18:48,521057.8667
8/30/2021 18:49,508459.0667
8/30/2021 18:50,397345.3333
8/30/2021 18:51,495910.5333
8/30/2021 18:52,376323.4667
8/30/2021 18:53,296324
8/30/2021 18:54,359655.3333
8/30/2021 18:55,417257.4667
8/30/2021 18:56,989226.4
8/30/2021 18:57,878428.6667
8/30/2021 18:58,342967.2
8/30/2021 18:59,806891.6
8/30/2021 19:00,1201887.867
8/30/2021 19:01,398843.8667
8/30/2021 19:02,255659.8667
8/30/2021 19:03,353675.8667
8/30/2021 19:04,317774.1333
8/30/2021 19:05,510889.3333
8/30/2021 19:06,294254.9333
8/30/2021 19:07,318003.6
8/30/2021 19:08,306622.6667
8/30/2021 19:09,395635.0667
8/30/2021 19:10,356492.1333
8/30/2021 19:11,411692.4
8/30/2021 19:12,547840.9333
8/30/2021 19:13,532682
8/30/2021 19:14,947338.4
8/30/2021 19:15,923900.4
8/30/2021 19:16,1045472.4
8/30/2021 19:17,659401.4667
8/30/2021 19:18,1034977.867
8/30/2021 19:19,905226.5333
8/30/2021 19:20,1064224.667
8/30/2021 19:21,1165186.933
8/30/2021 19:22,1220684.533
8/30/2021 19:23,628623.6
8/30/2021 19:24,686242.1333
8/30/2021 19:25,1257105.6
8/30/2021 19:26,859915.0667
8/30/2021 19:27,605689.6
8/30/2021 19:28,481100.6667
8/30/2021 19:29,384669.8667
8/30/2021 19:30,285295.8667
8/30/2021 19:31,276206.9333
8/30/2021 19:32,362478.5333
8/30/2021 19:33,667653.3333
8/30/2021 19:34,468177.2
8/30/2021 19:35,499520.6667
8/30/2021 19:36,439795.3333
8/30/2021 19:37,456308.8
8/30/2021 19:38,317480.6667
8/30/2021 19:39,233741.6
8/30/2021 19:40,297287.0667
8/30/2021 19:41,331310.9333
8/30/2021 19:42,282142.4
8/30/2021 19:43,313543.7333
8/30/2021 19:44,364766.8
8/30/2021 19:45,250741.0667
8/30/2021 19:46,284678.1333
8/30/2021 19:47,245307.2
8/30/2021 19:48,237330
8/30/2021 19:49,649694.4
8/30/2021 19:50,912034.1333
8/30/2021 19:51,506695.8667
8/30/2021 19:52,298974.4
8/30/2021 19:53,261961.8667
8/30/2021 19:54,346550.1333
8/30/2021 19:55,720688.4
8/30/2021 19:56,1170988.933
8/30/2021 19:57,904165.4667
8/30/2021 19:58,454873.4667
8/30/2021 19:59,975642.9333
8/30/2021 20:00,848981.6
8/30/2021 20:01,281393.2
8/30/2021 20:02,314853.4667
8/30/2021 20:03,602681.7333
8/30/2021 20:04,314458.6667
8/30/2021 20:05,605339.0667
8/30/2021 20:06,346175.7333
8/30/2021 20:07,287650.4
8/30/2021 20:08,488295.7333
8/30/2021 20:09,1035435.467
8/30/2021 20:10,381593.3333
8/30/2021 20:11,852536.5333
8/30/2021 20:12,501817.0667
8/30/2021 20:13,953707.0667
8/30/2021 20:14,865229.3333
8/30/2021 20:15,310122.2667
8/30/2021 20:16,273228.4
8/30/2021 20:17,371852.4
8/30/2021 20:18,1277627.467
8/30/2021 20:19,1267616.533
8/30/2021 20:20,1283700.4
8/30/2021 20:21,908326
8/30/2021 20:22,1233025.733
8/30/2021 20:23,1325254.933
8/30/2021 20:24,1080336.533
8/30/2021 20:25,639074.4
8/30/2021 20:26,781391.2
8/30/2021 20:27,701768.4
8/30/2021 20:28,1094802
8/30/2021 20:29,780903.3333
8/30/2021 20:30,593714.5333
8/30/2021 20:31,512820.8
8/30/2021 20:32,465709.0667
8/30/2021 20:33,474581.8667
8/30/2021 20:34,524985.3333
8/30/2021 20:35,460891.6
8/30/2021 20:36,390208.4
8/30/2021 20:37,545077.4667
8/30/2021 20:38,524276.1333
8/30/2021 20:39,505987.6
8/30/2021 20:40,603565.6
8/30/2021 20:41,443863.2
8/30/2021 20:42,665409.2
8/30/2021 20:43,653858.9333
8/30/2021 20:44,417715.7333
8/30/2021 20:45,527963.6
8/30/2021 20:46,498097.0667
8/30/2021 20:47,603152.5333
8/30/2021 20:48,664478.9333
8/30/2021 20:49,573217.4667
8/30/2021 20:50,560198.5333
8/30/2021 20:51,536446.5333
8/30/2021 20:52,500921.7333
8/30/2021 20:53,686347.8667
8/30/2021 20:54,614721.4667
8/30/2021 20:55,504806.1818
8/30/2021 20:56,1066959.407
8/30/2021 20:57,940335.3333
8/30/2021 20:58,687862.5333
8/30/2021 20:59,987342.9333
8/30/2021 21:00,1320793.333
8/30/2021 21:01,1035960.667
8/30/2021 21:02,966570.9333
8/30/2021 21:03,593171.6
8/30/2021 21:04,728219.3333
8/30/2021 21:05,566913.0667
8/30/2021 21:06,605099.2
8/30/2021 21:07,562227.6
8/30/2021 21:08,740104.4
8/30/2021 21:09,945550.5333
8/30/2021 21:10,735498.4
8/30/2021 21:11,477285.2
8/30/2021 21:12,962847.8667
8/30/2021 21:13,1193471.467
8/30/2021 21:14,1194809.733
8/30/2021 21:15,1338904.533
8/30/2021 21:16,873315.0667
8/30/2021 21:17,1151349.733
8/30/2021 21:18,1275218.4
8/30/2021 21:19,1200961.333
8/30/2021 21:20,1265075.467
8/30/2021 21:21,1295935.333
8/30/2021 21:22,1324701.067
8/30/2021 21:23,1258904.667
8/30/2021 21:24,1105592.4
8/30/2021 21:25,576192.1333
8/30/2021 21:26,547094.5333
8/30/2021 21:27,587067.6
8/30/2021 21:28,778766.8
8/30/2021 21:29,666597.3333
8/30/2021 21:30,670234.6667
8/30/2021 21:31,498028.5333
8/30/2021 21:32,605837.4667
8/30/2021 21:33,1022455.733
8/30/2021 21:34,407189.6
8/30/2021 21:35,387894.9333
8/30/2021 21:36,520114.5333
8/30/2021 21:37,540052.9333
8/30/2021 21:38,920207.7333
8/30/2021 21:39,767831.7333
8/30/2021 21:40,683504.5333
8/30/2021 21:41,545771.3333
8/30/2021 21:42,654581.4667
8/30/2021 21:43,490569.3333
8/30/2021 21:44,433310.2667
8/30/2021 21:45,844796.9333
8/30/2021 21:46,578332.4
8/30/2021 21:47,610931.3333
8/30/2021 21:48,534621.3333
8/30/2021 21:49,495121.2
8/30/2021 21:50,389330.8
8/30/2021 21:51,482909.4667
8/30/2021 21:52,455407.4667
8/30/2021 21:53,865663.3333
8/30/2021 21:54,405944.8
8/30/2021 21:55,585876.9333
8/30/2021 21:56,922556.4
8/30/2021 21:57,1165985.467
8/30/2021 21:58,883538.6667
8/30/2021 21:59,895728.9333
8/30/2021 22:00,1022435.733
8/30/2021 22:01,510001.0667
8/30/2021 22:02,424185.3333
8/30/2021 22:03,402985.6
8/30/2021 22:04,405394.8
8/30/2021 22:05,364432.8
8/30/2021 22:06,394667.8667
8/30/2021 22:07,458441.0667
8/30/2021 22:08,461123.3333
8/30/2021 22:09,633720.9333
8/30/2021 22:10,646585.6
8/30/2021 22:11,579487.7333
8/30/2021 22:12,732612.5333
8/30/2021 22:13,699808.4
8/30/2021 22:14,1164251.067
8/30/2021 22:15,935905.7333
8/30/2021 22:16,431616.4
8/30/2021 22:17,432641.7333
8/30/2021 22:18,929142.5333
8/30/2021 22:19,1019647.733
8/30/2021 22:20,1206096.133
8/30/2021 22:21,1309377.733
8/30/2021 22:22,1255365.6
8/30/2021 22:23,1083829.067
8/30/2021 22:24,550976.6667
8/30/2021 22:25,450754.9333
8/30/2021 22:26,433595.0667
8/30/2021 22:27,422940.9333
8/30/2021 22:28,438486.2667
8/30/2021 22:29,443740.2667
8/30/2021 22:30,451666.1333
8/30/2021 22:31,445552.1333
8/30/2021 22:32,533123.3333
8/30/2021 22:33,405671.8667
8/30/2021 22:34,504091.4667
8/30/2021 22:35,381007.6
8/30/2021 22:36,429264.8
8/30/2021 22:37,423136.6667
8/30/2021 22:38,348832.6667
8/30/2021 22:39,376063.4667
8/30/2021 22:40,429349.8667
8/30/2021 22:41,379348.2667
8/30/2021 22:42,397675.3333
8/30/2021 22:43,390662.5333
8/30/2021 22:44,378491.2
8/30/2021 22:45,457525.3333
8/30/2021 22:46,531839.6
8/30/2021 22:47,564428.5333
8/30/2021 22:48,793300.1333
8/30/2021 22:49,491245.7333
8/30/2021 22:50,598486.4
8/30/2021 22:51,313130.2667
8/30/2021 22:52,281442.6667
8/30/2021 22:53,290413.7333
8/30/2021 22:54,359095.2
8/30/2021 22:55,315185.8667
8/30/2021 22:56,956400.5333
8/30/2021 22:57,926967.2
8/30/2021 22:58,252595.4667
8/30/2021 22:59,897500.9333
8/30/2021 23:00,842011.4667
8/30/2021 23:01,247811.0667
8/30/2021 23:02,266161.0667
8/30/2021 23:03,444129.7333
8/30/2021 23:04,390929.4667
8/30/2021 23:05,293482.2667
8/30/2021 23:06,257166
8/30/2021 23:07,423284.2667
8/30/2021 23:08,327314.1333
8/30/2021 23:09,329335.4667
8/30/2021 23:10,331033.2
8/30/2021 23:11,270168.2667
8/30/2021 23:12,519392.5333
8/30/2021 23:13,262781.3333
8/30/2021 23:14,564716
8/30/2021 23:15,1017335.2
8/30/2021 23:16,634538.4
8/30/2021 23:17,295535.0667
8/30/2021 23:18,1008785.467
8/30/2021 23:19,1066905.067
8/30/2021 23:20,1173279.067
8/30/2021 23:21,751569.7333
8/30/2021 23:22,1078157.067
8/30/2021 23:23,906664.9333
8/30/2021 23:24,317733.7333
8/30/2021 23:25,238941.0667
8/30/2021 23:26,301398.8
8/30/2021 23:27,230924.2667
8/30/2021 23:28,244415.8667
8/30/2021 23:29,302116.2667
8/30/2021 23:30,415605.0667
8/30/2021 23:31,264134.4
8/30/2021 23:32,211367.0667
8/30/2021 23:33,358823.8667
8/30/2021 23:34,284518.1333
8/30/2021 23:35,361650.2667
8/30/2021 23:36,468454.2667
8/30/2021 23:37,565045.2
8/30/2021 23:38,619712.2667
8/30/2021 23:39,554383.2
8/30/2021 23:40,255402.2667
8/30/2021 23:41,298025.0667
8/30/2021 23:42,338962
8/30/2021 23:43,197074.4
8/30/2021 23:44,284959.3333
8/30/2021 23:45,337019.3333
