"8/29/21 0:00","35922.2933333333"
"8/29/21 0:05","46208.32"
"8/29/21 0:10","34641.8933333333"
"8/29/21 0:15","50784.4266666667"
"8/29/21 0:20","32254.72"
"8/29/21 0:25","28895.2266666667"
"8/29/21 0:30","30330.6133333333"
"8/29/21 0:35","32950.9333333333"
"8/29/21 0:40","38953.8933333333"
"8/29/21 0:45","31818.0533333333"
"8/29/21 0:50","29207.7866666667"
"8/29/21 0:55","31180.16"
"8/29/21 1:00","29262.9333333333"
"8/29/21 1:05","30747.3333333333"
"8/29/21 1:10","30911.12"
"8/29/21 1:15","31217.92"
"8/29/21 1:20","33212.7733333333"
"8/29/21 1:25","32538.9866666667"
"8/29/21 1:30","31451.2"
"8/29/21 1:35","30876.96"
"8/29/21 1:40","33218.2133333333"
"8/29/21 1:45","30378.9333333333"
"8/29/21 1:50","30014.1333333333"
"8/29/21 1:55","31570.0"
"8/29/21 2:00","31884.0266666667"
"8/29/21 2:05","30344.6666666667"
"8/29/21 2:10","30732.4"
"8/29/21 2:15","31407.3066666667"
"8/29/21 2:20","31792.7733333333"
"8/29/21 2:25","29168.64"
"8/29/21 2:30","31877.0666666667"
"8/29/21 2:35","34208.2666666667"
"8/29/21 2:40","30949.0933333333"
"8/29/21 2:45","29103.8666666667"
"8/29/21 2:50","32765.3866666667"
"8/29/21 2:55","30758.6133333333"
"8/29/21 3:00","31210.1333333333"
"8/29/21 3:05","29262.8"
"8/29/21 3:10","33636.9333333333"
"8/29/21 3:15","31543.7333333333"
"8/29/21 3:20","29565.2533333333"
"8/29/21 3:25","29557.6"
"8/29/21 3:30","30221.0133333333"
"8/29/21 3:35","30083.7866666667"
"8/29/21 3:40","30395.1733333333"
"8/29/21 3:45","31402.7466666667"
"8/29/21 3:50","30048.4266666667"
"8/29/21 3:55","31521.2"
"8/29/21 4:00","31770.9866666667"
"8/29/21 4:05","30152.5333333333"
"8/29/21 4:10","29450.48"
"8/29/21 4:15","31412.6666666667"
"8/29/21 4:20","28753.7866666667"
"8/29/21 4:25","28366.7733333333"
"8/29/21 4:30","31157.12"
"8/29/21 4:35","29142.0533333333"
"8/29/21 4:40","29573.8133333333"
"8/29/21 4:45","31050.56"
"8/29/21 4:50","33961.2533333333"
"8/29/21 4:55","30132.8533333333"
"8/29/21 5:00","31914.08"
"8/29/21 5:05","31309.28"
"8/29/21 5:10","31338.4"
"8/29/21 5:15","33416.1866666667"
"8/29/21 5:20","30927.1733333333"
"8/29/21 5:25","31387.7066666667"
"8/29/21 5:30","28101.0666666667"
"8/29/21 5:35","30597.0133333333"
"8/29/21 5:40","29510.6666666667"
"8/29/21 5:45","29026.16"
"8/29/21 5:50","30932.88"
"8/29/21 5:55","31110.7733333333"
"8/29/21 6:00","29623.8133333333"
"8/29/21 6:05","29042.9866666667"
"8/29/21 6:10","29545.84"
"8/29/21 6:15","30564.08"
"8/29/21 6:20","28686.2666666667"
"8/29/21 6:25","29491.68"
"8/29/21 6:30","32681.2"
"8/29/21 6:35","28830.72"
"8/29/21 6:40","29042.8"
"8/29/21 6:45","31249.4933333333"
"8/29/21 6:50","28715.2266666667"
"8/29/21 6:55","31164.3466666667"
"8/29/21 7:00","30297.2533333333"
"8/29/21 7:05","33455.6266666667"
"8/29/21 7:10","30799.6"
"8/29/21 7:15","30209.68"
"8/29/21 7:20","32887.1733333333"
"8/29/21 7:25","29677.9466666667"
"8/29/21 7:30","30451.7866666667"
"8/29/21 7:35","32886.72"
"8/29/21 7:40","33069.9733333333"
"8/29/21 7:45","29505.7866666667"
"8/29/21 7:50","28955.2533333333"
"8/29/21 7:55","29968.5866666667"
"8/29/21 8:00","31487.8933333333"
"8/29/21 8:05","31743.52"
"8/29/21 8:10","32462.1866666667"
"8/29/21 8:15","28544.2133333333"
"8/29/21 8:20","28469.4666666667"
"8/29/21 8:25","29927.0133333333"
"8/29/21 8:30","30693.5733333333"
"8/29/21 8:35","30354.32"
"8/29/21 8:40","29181.68"
"8/29/21 8:45","31931.84"
"8/29/21 8:50","30698.4266666667"
"8/29/21 8:55","31004.56"
"8/29/21 9:00","30234.56"
"8/29/21 9:05","31940.56"
"8/29/21 9:10","30368.96"
"8/29/21 9:15","29598.2666666667"
"8/29/21 9:20","31094.4533333333"
"8/29/21 9:25","29001.5466666667"
"8/29/21 9:30","29622.6133333333"
"8/29/21 9:35","37320.4266666667"
"8/29/21 9:40","29151.2"
"8/29/21 9:45","39326.72"
"8/29/21 9:50","32918.6133333333"
"8/29/21 9:55","31046.32"
"8/29/21 10:00","30417.3866666667"
"8/29/21 10:05","31282.3466666667"
"8/29/21 10:10","29009.28"
"8/29/21 10:15","32238.72"
"8/29/21 10:20","30857.28"
"8/29/21 10:25","32380.7733333333"
"8/29/21 10:30","33939.4933333333"
"8/29/21 10:35","31406.5066666667"
"8/29/21 10:40","33062.08"
"8/29/21 10:45","27891.6266666667"
"8/29/21 10:50","28036.8"
"8/29/21 10:55","27232.2933333333"
"8/29/21 11:00","31596.9333333333"
"8/29/21 11:05","29285.92"
"8/29/21 11:10","28729.8933333333"
"8/29/21 11:15","32291.3866666667"
"8/29/21 11:20","30651.7066666667"
"8/29/21 11:25","37554.6666666667"
"8/29/21 11:30","33789.5466666667"
"8/29/21 11:35","85281.7866666667"
"8/29/21 11:40","83527.2"
"8/29/21 11:45","285257.2"
"8/29/21 11:50","178366.773333333"
"8/29/21 11:55","103165.653333333"
"8/29/21 12:00","100003.28"
"8/29/21 12:05","102813.493333333"
"8/29/21 12:10","99418.0"
"8/29/21 12:11",
"8/29/21 12:13","92647.6"
"8/29/21 12:14","93417.7333333333"
"8/29/21 12:15","101060.8"
"8/29/21 12:16","98817.2"
"8/29/21 12:17","98908.5333333333"
"8/29/21 12:18","109223.466666667"
"8/29/21 12:19","97227.6"
"8/29/21 12:20","99684.1333333333"
"8/29/21 12:21","101292.133333333"
"8/29/21 12:22","92068.6666666667"
"8/29/21 12:23","103802.266666667"
"8/29/21 12:24","116748.666666667"
"8/29/21 12:25","97230.5333333333"
"8/29/21 12:26","96035.6"
"8/29/21 12:27","109919.066666667"
"8/29/21 12:28","97324.5333333333"
"8/29/21 12:29","105697.466666667"
"8/29/21 12:30","113282.0"
"8/29/21 12:31","94321.4666666667"
"8/29/21 12:32","95508.5333333333"
"8/29/21 12:33","105306.0"
"8/29/21 12:34","101990.4"
"8/29/21 12:35","99283.7333333333"
"8/29/21 12:36","115412.266666667"
"8/29/21 12:37","99688.8"
"8/29/21 12:38","91644.5333333333"
"8/29/21 12:39","101360.4"
"8/29/21 12:40","102738.266666667"
"8/29/21 12:41","124611.2"
"8/29/21 12:42","119095.733333333"
"8/29/21 12:43","93272.6666666667"
"8/29/21 12:44","102236.266666667"
"8/29/21 12:45","127111.333333333"
"8/29/21 12:46","98870.9333333333"
"8/29/21 12:47","95789.6"
"8/29/21 12:48","110071.6"
"8/29/21 12:49","101356.8"
"8/29/21 12:50","104121.733333333"
"8/29/21 12:51","111467.6"
"8/29/21 12:52","97040.4"
"8/29/21 12:53","101375.333333333"
"8/29/21 12:54","102766.533333333"
"8/29/21 12:55","94739.8666666667"
"8/29/21 12:56","103577.866666667"
"8/29/21 12:57","128124.4"
"8/29/21 12:58","104774.0"
"8/29/21 12:59","137390.933333333"
"8/29/21 13:00","108655.733333333"
"8/29/21 13:01","106638.933333333"
"8/29/21 13:02","111798.8"
"8/29/21 13:03","111055.466666667"
"8/29/21 13:04","104765.6"
"8/29/21 13:05","105471.6"
"8/29/21 13:06","127011.866666667"
"8/29/21 13:07","100060.0"
"8/29/21 13:08","95953.4666666667"
"8/29/21 13:09","154032.933333333"
"8/29/21 13:10","124908.933333333"
"8/29/21 13:11","104445.2"
"8/29/21 13:12","112037.466666667"
"8/29/21 13:13","104988.533333333"
"8/29/21 13:14","107909.6"
"8/29/21 13:15","112877.333333333"
"8/29/21 13:16","110726.4"
"8/29/21 13:17","98959.8666666667"
"8/29/21 13:18","111082.266666667"
"8/29/21 13:19","96402.1333333333"
"8/29/21 13:20","102473.6"
"8/29/21 13:21","106620.8"
"8/29/21 13:22","98667.4666666667"
"8/29/21 13:23","95203.6"
"8/29/21 13:24","106330.8"
"8/29/21 13:25","93984.9333333333"
"8/29/21 13:26","115933.333333333"
"8/29/21 13:27","117025.066666667"
"8/29/21 13:28","116200.0"
"8/29/21 13:29","104409.466666667"
"8/29/21 13:30","117922.266666667"
"8/29/21 13:31","112693.733333333"
"8/29/21 13:32","113026.8"
"8/29/21 13:33","111347.2"
"8/29/21 13:34","107316.533333333"
"8/29/21 13:35","112108.133333333"
"8/29/21 13:36","121497.733333333"
"8/29/21 13:37","105338.4"
"8/29/21 13:38","97849.7333333333"
"8/29/21 13:39","109816.933333333"
"8/29/21 13:40","102427.333333333"
"8/29/21 13:41","95359.2"
"8/29/21 13:42","110227.6"
"8/29/21 13:43","103080.8"
"8/29/21 13:44","123512.266666667"
"8/29/21 13:45","109124.933333333"
"8/29/21 13:46","108937.066666667"
"8/29/21 13:47","100477.6"
"8/29/21 13:48","111464.266666667"
"8/29/21 13:49","114641.466666667"
"8/29/21 13:50","97629.8666666667"
"8/29/21 13:51","111408.0"
"8/29/21 13:52","96420.9333333333"
"8/29/21 13:53","99945.2"
"8/29/21 13:54","107017.066666667"
"8/29/21 13:55","102270.0"
"8/29/21 13:56","103523.066666667"
"8/29/21 13:57","124472.4"
"8/29/21 13:58","121569.866666667"
"8/29/21 13:59","122712.8"
"8/29/21 14:00","112362.933333333"
"8/29/21 14:01","99570.6666666667"
"8/29/21 14:02","126362.933333333"
"8/29/21 14:03","117717.2"
"8/29/21 14:04","109595.333333333"
"8/29/21 14:05","103432.933333333"
"8/29/21 14:06","118699.333333333"
"8/29/21 14:07","109314.8"
"8/29/21 14:08","103348.133333333"
"8/29/21 14:09","112099.066666667"
"8/29/21 14:10","103401.466666667"
"8/29/21 14:11","99921.2"
"8/29/21 14:12","109622.666666667"
"8/29/21 14:13","104142.8"
"8/29/21 14:14","102901.6"
"8/29/21 14:15","115566.8"
"8/29/21 14:16","109916.0"
"8/29/21 14:17","108316.666666667"
"8/29/21 14:18","114623.066666667"
"8/29/21 14:19","99904.2666666667"
"8/29/21 14:20","100567.6"
"8/29/21 14:21","108678.666666667"
"8/29/21 14:22","94967.0666666667"
"8/29/21 14:23","101295.466666667"
"8/29/21 14:24","111432.4"
"8/29/21 14:25","104519.6"
"8/29/21 14:26","107749.733333333"
"8/29/21 14:27","116575.066666667"
"8/29/21 14:28","102790.266666667"
"8/29/21 14:29","102632.266666667"
"8/29/21 14:30","116558.533333333"
"8/29/21 14:31","177046.8"
"8/29/21 14:32","897871.733333333"
"8/29/21 14:33","806046.4"
"8/29/21 14:34","180583.066666667"
"8/29/21 14:35","905857.866666667"
"8/29/21 14:36","669284.933333333"
"8/29/21 14:37","205958.133333333"
"8/29/21 14:38","217997.466666667"
"8/29/21 14:39","242530.533333333"
"8/29/21 14:40","262897.6"
"8/29/21 14:41","232598.533333333"
"8/29/21 14:42","909116.4"
"8/29/21 14:43","1200498.93333333"
"8/29/21 14:44","966490.4"
"8/29/21 14:45","413500.0"
"8/29/21 14:46","214348.133333333"
"8/29/21 14:47","196381.2"
"8/29/21 14:48","228987.066666667"
"8/29/21 14:49","350234.266666667"
"8/29/21 14:50","255884.4"
"8/29/21 14:51","249059.333333333"
"8/29/21 14:52","253490.933333333"
"8/29/21 14:53","178853.466666667"
"8/29/21 14:54","216168.266666667"
"8/29/21 14:55","196729.2"
"8/29/21 14:56","226354.666666667"
"8/29/21 14:57","179253.333333333"
"8/29/21 14:58","174689.866666667"
"8/29/21 14:59","227191.866666667"
"8/29/21 15:00","212121.466666667"
"8/29/21 15:01","187266.133333333"
"8/29/21 15:02","292124.666666667"
"8/29/21 15:03","191982.533333333"
"8/29/21 15:04","170569.466666667"
"8/29/21 15:05","233184.133333333"
"8/29/21 15:06","911522.8"
"8/29/21 15:07","698557.333333333"
"8/29/21 15:08","278538.933333333"
"8/29/21 15:09","411857.066666667"
"8/29/21 15:10","215536.0"
"8/29/21 15:11","342585.2"
"8/29/21 15:12","590911.333333333"
"8/29/21 15:13","513036.8"
"8/29/21 15:14","686751.866666667"
"8/29/21 15:15","699477.333333333"
"8/29/21 15:16","655535.866666667"
"8/29/21 15:17","629352.133333333"
"8/29/21 15:18","558725.066666667"
"8/29/21 15:19","1191204.0"
"8/29/21 15:20","1317278.4"
"8/29/21 15:21","997579.733333333"
"8/29/21 15:22","297744.8"
"8/29/21 15:23","308171.866666667"
"8/29/21 15:24","370147.466666667"
"8/29/21 15:25","386373.066666667"
"8/29/21 15:26","428922.666666667"
"8/29/21 15:27","458160.0"
"8/29/21 15:28","452002.933333333"
"8/29/21 15:29","484593.466666667"
"8/29/21 15:30","464520.266666667"
"8/29/21 15:31","604255.2"
"8/29/21 15:32","1079573.46666667"
"8/29/21 15:33","1029251.73333333"
"8/29/21 15:34","469919.2"
"8/29/21 15:35","995861.2"
"8/29/21 15:36","1111666.26666667"
"8/29/21 15:37","536687.6"
"8/29/21 15:38","347986.533333333"
"8/29/21 15:39","338936.266666667"
"8/29/21 15:40","572924.8"
"8/29/21 15:41","580437.466666667"
"8/29/21 15:42","1024990.8"
"8/29/21 15:43","1321094.26666667"
"8/29/21 15:44","1014283.73333333"
"8/29/21 15:45","254449.733333333"
"8/29/21 15:46","202255.466666667"
"8/29/21 15:47","294399.6"
"8/29/21 15:48","374216.933333333"
"8/29/21 15:49","470633.733333333"
"8/29/21 15:50","383830.666666667"
"8/29/21 15:51","379344.133333333"
"8/29/21 15:52","384320.933333333"
"8/29/21 15:53","371105.6"
"8/29/21 15:54","394727.466666667"
"8/29/21 15:55","340575.333333333"
"8/29/21 15:56","291145.466666667"
"8/29/21 15:57","331690.4"
"8/29/21 15:58","252846.8"
"8/29/21 15:59","233210.933333333"
"8/29/21 16:00","264548.133333333"
"8/29/21 16:01","225145.2"
"8/29/21 16:02","263098.666666667"
"8/29/21 16:03","227327.733333333"
"8/29/21 16:04","211968.533333333"
"8/29/21 16:05","289288.266666667"
"8/29/21 16:06","941810.666666667"
"8/29/21 16:07","828498.266666667"
"8/29/21 16:08","288368.933333333"
"8/29/21 16:09","316665.066666667"
"8/29/21 16:10","291590.133333333"
"8/29/21 16:11","247996.933333333"
"8/29/21 16:12","344634.8"
"8/29/21 16:13","249466.533333333"
"8/29/21 16:14","212261.466666667"
"8/29/21 16:15","312359.333333333"
"8/29/21 16:16","259264.933333333"
"8/29/21 16:17","331212.0"
"8/29/21 16:18","292245.333333333"
"8/29/21 16:19","981965.866666667"
"8/29/21 16:20","1384900.13333333"
"8/29/21 16:21","909826.666666667"
"8/29/21 16:22","214254.4"
"8/29/21 16:23","218242.8"
"8/29/21 16:24","212003.866666667"
"8/29/21 16:25","193668.666666667"
"8/29/21 16:26","271632.533333333"
"8/29/21 16:27","248293.333333333"
"8/29/21 16:28","199928.4"
"8/29/21 16:29","211922.4"
"8/29/21 16:30","252353.2"
"8/29/21 16:31","271527.733333333"
"8/29/21 16:32","931439.6"
"8/29/21 16:33","1011624.26666667"
"8/29/21 16:34","270928.4"
"8/29/21 16:35","933855.733333333"
"8/29/21 16:36","843769.866666667"
"8/29/21 16:37","341773.066666667"
"8/29/21 16:38","292749.066666667"
"8/29/21 16:39","296553.466666667"
"8/29/21 16:40","434520.933333333"
"8/29/21 16:41","440277.466666667"
"8/29/21 16:42","929160.533333333"
"8/29/21 16:43","1201956.8"
"8/29/21 16:44","1106344.93333333"
"8/29/21 16:45","637515.066666667"
"8/29/21 16:46","330531.066666667"
"8/29/21 16:47","594717.866666667"
"8/29/21 16:48","394785.6"
"8/29/21 16:49","631542.8"
"8/29/21 16:50","549844.4"
"8/29/21 16:51","282738.0"
"8/29/21 16:52","427583.2"
"8/29/21 16:53","354452.666666667"
"8/29/21 16:54","388192.0"
"8/29/21 16:55","371326.133333333"
"8/29/21 16:56","350379.466666667"
"8/29/21 16:57","281596.133333333"
"8/29/21 16:58","312292.933333333"
"8/29/21 16:59","233313.466666667"
"8/29/21 17:00","356812.0"
"8/29/21 17:01","212164.666666667"
"8/29/21 17:02","230315.2"
"8/29/21 17:03","233093.866666667"
"8/29/21 17:04","238345.066666667"
"8/29/21 17:05","357241.2"
"8/29/21 17:06","1106234.13333333"
"8/29/21 17:07","981365.2"
"8/29/21 17:08","359510.4"
"8/29/21 17:09","574001.066666667"
"8/29/21 17:10","515744.933333333"
"8/29/21 17:11","313440.0"
"8/29/21 17:12","421593.466666667"
"8/29/21 17:13","475318.533333333"
"8/29/21 17:14","305000.0"
"8/29/21 17:15","328702.8"
"8/29/21 17:16","410095.733333333"
"8/29/21 17:17","475602.0"
"8/29/21 17:18","833506.0"
"8/29/21 17:19","1135192.8"
"8/29/21 17:20","1343480.66666667"
"8/29/21 17:21","1270348.4"
"8/29/21 17:22","930116.133333333"
"8/29/21 17:23","527526.0"
"8/29/21 17:24","464776.8"
"8/29/21 17:25","606345.466666667"
"8/29/21 17:26","742957.733333333"
"8/29/21 17:27","682846.666666667"
"8/29/21 17:28","535466.8"
"8/29/21 17:29","600436.0"
"8/29/21 17:30","793760.933333333"
"8/29/21 17:31","761345.866666667"
"8/29/21 17:32","1184862.13333333"
"8/29/21 17:33","1293516.26666667"
"8/29/21 17:34","813670.666666667"
"8/29/21 17:35","1234688.13333333"
"8/29/21 17:36","1362467.46666667"
"8/29/21 17:37","1106831.73333333"
"8/29/21 17:38","1076083.6"
"8/29/21 17:39","802445.733333333"
"8/29/21 17:40","535402.266666667"
"8/29/21 17:41","630070.133333333"
"8/29/21 17:42","1089399.06666667"
"8/29/21 17:43","1299318.0"
"8/29/21 17:44","1339179.33333333"
"8/29/21 17:45","901114.533333333"
"8/29/21 17:46","629629.066666667"
"8/29/21 17:47","611240.933333333"
"8/29/21 17:48","717803.733333333"
"8/29/21 17:49","735240.266666667"
"8/29/21 17:50","443787.2"
"8/29/21 17:51","604106.0"
"8/29/21 17:52","831035.6"
"8/29/21 17:53","674596.8"
"8/29/21 17:54","573690.933333333"
"8/29/21 17:55","382414.8"
"8/29/21 17:56","393241.333333333"
"8/29/21 17:57","500470.133333333"
"8/29/21 17:58","368594.666666667"
"8/29/21 17:59","305081.333333333"
"8/29/21 18:00","405057.466666667"
"8/29/21 18:01","388238.4"
"8/29/21 18:02","290344.133333333"
"8/29/21 18:03","258931.2"
"8/29/21 18:04","482843.333333333"
"8/29/21 18:05","473791.333333333"
"8/29/21 18:06","1078367.06666667"
"8/29/21 18:07","842255.733333333"
"8/29/21 18:08","295524.0"
"8/29/21 18:09","283408.933333333"
"8/29/21 18:10","366454.0"
"8/29/21 18:11","263146.133333333"
"8/29/21 18:12","288352.133333333"
"8/29/21 18:13","305233.333333333"
"8/29/21 18:14","226659.333333333"
"8/29/21 18:15","309557.733333333"
"8/29/21 18:16","212473.2"
"8/29/21 18:17","273285.2"
"8/29/21 18:18","259424.8"
"8/29/21 18:19","1020692.66666667"
"8/29/21 18:20","1362605.6"
"8/29/21 18:21","1018576.4"
"8/29/21 18:22","251773.733333333"
"8/29/21 18:23","280199.733333333"
"8/29/21 18:24","284021.066666667"
"8/29/21 18:25","269479.333333333"
"8/29/21 18:26","281324.266666667"
"8/29/21 18:27","267553.733333333"
"8/29/21 18:28","203600.133333333"
"8/29/21 18:29","204556.266666667"
"8/29/21 18:30","239099.733333333"
"8/29/21 18:31","204052.8"
"8/29/21 18:32","912808.0"
"8/29/21 18:33","987775.466666667"
"8/29/21 18:34","229035.2"
"8/29/21 18:35","921644.0"
"8/29/21 18:36","818202.266666667"
"8/29/21 18:37","311513.466666667"
"8/29/21 18:38","275851.2"
"8/29/21 18:39","243597.333333333"
"8/29/21 18:40","245091.066666667"
"8/29/21 18:41","238510.133333333"
"8/29/21 18:42","931290.0"
"8/29/21 18:43","1290239.6"
"8/29/21 18:44","1099743.6"
"8/29/21 18:45","369006.133333333"
"8/29/21 18:46","240599.466666667"
"8/29/21 18:47","218472.4"
"8/29/21 18:48","258397.866666667"
"8/29/21 18:49","356099.866666667"
"8/29/21 18:50","267028.4"
"8/29/21 18:51","261123.6"
"8/29/21 18:52","350761.066666667"
"8/29/21 18:53","255605.2"
"8/29/21 18:54","287830.666666667"
"8/29/21 18:55","294973.2"
"8/29/21 18:56","367909.466666667"
"8/29/21 18:57","290432.933333333"
"8/29/21 18:58","255038.8"
"8/29/21 18:59","252250.666666667"
"8/29/21 19:00","386782.533333333"
"8/29/21 19:01","271686.933333333"
"8/29/21 19:02","259887.066666667"
"8/29/21 19:03","303211.066666667"
"8/29/21 19:04","237109.466666667"
"8/29/21 19:05","319706.4"
"8/29/21 19:06","935412.4"
"8/29/21 19:07","819194.133333333"
"8/29/21 19:08","222278.933333333"
"8/29/21 19:09","239116.266666667"
"8/29/21 19:10","308849.6"
"8/29/21 19:11","329578.133333333"
"8/29/21 19:12","351230.133333333"
"8/29/21 19:13","335188.0"
"8/29/21 19:14","410971.733333333"
"8/29/21 19:15","330312.933333333"
"8/29/21 19:16","319104.666666667"
"8/29/21 19:17","490756.0"
"8/29/21 19:18","424034.266666667"
"8/29/21 19:19","1077717.86666667"
"8/29/21 19:20","1334239.06666667"
"8/29/21 19:21","1144280.93333333"
"8/29/21 19:22","305348.4"
"8/29/21 19:23","343857.333333333"
"8/29/21 19:24","406919.733333333"
"8/29/21 19:25","316825.733333333"
"8/29/21 19:26","303135.333333333"
"8/29/21 19:27","321692.0"
"8/29/21 19:28","281247.733333333"
"8/29/21 19:29","254354.666666667"
"8/29/21 19:30","315256.0"
"8/29/21 19:31","300331.466666667"
"8/29/21 19:32","1027670.26666667"
"8/29/21 19:33","1005032.4"
"8/29/21 19:34","377622.0"
"8/29/21 19:35","1325733.86666667"
"8/29/21 19:36","1288167.6"
"8/29/21 19:37","1230669.06666667"
"8/29/21 19:38","479348.4"
"8/29/21 19:39","410124.0"
"8/29/21 19:40","338076.666666667"
"8/29/21 19:41","329654.933333333"
"8/29/21 19:42","996141.466666667"
"8/29/21 19:43","1323157.6"
"8/29/21 19:44","1140543.73333333"
"8/29/21 19:45","329206.666666667"
"8/29/21 19:46","310991.066666667"
"8/29/21 19:47","312484.266666667"
"8/29/21 19:48","321122.4"
"8/29/21 19:49","380609.866666667"
"8/29/21 19:50","291285.333333333"
"8/29/21 19:51","274709.2"
"8/29/21 19:52","252608.933333333"
"8/29/21 19:53","284714.933333333"
"8/29/21 19:54","269559.6"
"8/29/21 19:55","343607.466666667"
"8/29/21 19:56","320493.733333333"
"8/29/21 19:57","277750.666666667"
"8/29/21 19:58","249304.0"
"8/29/21 19:59","228848.533333333"
"8/29/21 20:00","258576.0"
"8/29/21 20:01","250864.533333333"
"8/29/21 20:02","244754.533333333"
"8/29/21 20:03","226207.6"
"8/29/21 20:04","318316.8"
"8/29/21 20:05","309174.266666667"
"8/29/21 20:06","882924.533333333"
"8/29/21 20:07","944412.933333333"
"8/29/21 20:08","283112.533333333"
"8/29/21 20:09","280540.933333333"
"8/29/21 20:10","269602.0"
"8/29/21 20:11","253774.933333333"
"8/29/21 20:12","249678.8"
"8/29/21 20:13","276310.933333333"
"8/29/21 20:14","243658.666666667"
"8/29/21 20:15","239350.533333333"
"8/29/21 20:16","242734.266666667"
"8/29/21 20:17","310632.133333333"
"8/29/21 20:18","247407.2"
"8/29/21 20:19","1021455.6"
"8/29/21 20:20","1354421.6"
"8/29/21 20:21","1117297.73333333"
"8/29/21 20:22","243918.133333333"
"8/29/21 20:23","268880.133333333"
"8/29/21 20:24","263826.933333333"
"8/29/21 20:25","231796.266666667"
"8/29/21 20:26","272262.0"
"8/29/21 20:27","322127.2"
"8/29/21 20:28","287208.666666667"
"8/29/21 20:29","257370.933333333"
"8/29/21 20:30","289465.066666667"
"8/29/21 20:31","258529.6"
"8/29/21 20:32","1023903.86666667"
"8/29/21 20:33","836620.266666667"
"8/29/21 20:34","206737.333333333"
"8/29/21 20:35","926460.933333333"
"8/29/21 20:36","807640.4"
"8/29/21 20:37","312732.8"
"8/29/21 20:38","342798.133333333"
"8/29/21 20:39","427922.133333333"
"8/29/21 20:40","316200.0"
"8/29/21 20:41","356398.266666667"
"8/29/21 20:42","990044.0"
"8/29/21 20:43","1326454.8"
"8/29/21 20:44","971557.2"
"8/29/21 20:45","276080.933333333"
"8/29/21 20:46","306582.533333333"
"8/29/21 20:47","289704.266666667"
"8/29/21 20:48","337895.333333333"
"8/29/21 20:49","672168.8"
"8/29/21 20:50","284144.0"
"8/29/21 20:51","295359.866666667"
"8/29/21 20:52","298258.533333333"
"8/29/21 20:53","399493.866666667"
"8/29/21 20:54","244878.8"
"8/29/21 20:55","246251.466666667"
"8/29/21 20:56","308938.133333333"
"8/29/21 20:57","288173.2"
"8/29/21 20:58","459922.666666667"
"8/29/21 20:59","726824.4"
"8/29/21 21:00","356424.8"
"8/29/21 21:01","385162.666666667"
"8/29/21 21:02","569044.666666667"
"8/29/21 21:03","512556.4"
"8/29/21 21:04","694969.6"
"8/29/21 21:05","1162895.86666667"
"8/29/21 21:06","1148967.6"
"8/29/21 21:07","1209974.13333333"
"8/29/21 21:08","581358.533333333"
"8/29/21 21:09","481718.133333333"
"8/29/21 21:10","418355.333333333"
"8/29/21 21:11","451730.133333333"
"8/29/21 21:12","329810.8"
"8/29/21 21:13","844096.933333333"
"8/29/21 21:14","812094.266666667"
"8/29/21 21:15","889020.533333333"
"8/29/21 21:16","416998.133333333"
"8/29/21 21:17","413163.6"
"8/29/21 21:18","277142.133333333"
"8/29/21 21:19","1027676.0"
"8/29/21 21:20","1356360.0"
"8/29/21 21:21","1034952.8"
"8/29/21 21:22","344446.8"
"8/29/21 21:23","279696.8"
"8/29/21 21:24","435226.266666667"
"8/29/21 21:25","708577.466666667"
"8/29/21 21:26","298312.133333333"
"8/29/21 21:27","307299.333333333"
"8/29/21 21:28","274549.2"
"8/29/21 21:29","235076.8"
"8/29/21 21:30","255444.666666667"
"8/29/21 21:31","261233.866666667"
"8/29/21 21:32","927085.066666667"
"8/29/21 21:33","881644.666666667"
"8/29/21 21:34","458181.2"
"8/29/21 21:35","1239829.2"
"8/29/21 21:36","842509.066666667"
"8/29/21 21:37","390921.333333333"
"8/29/21 21:38","237493.6"
"8/29/21 21:39","307961.2"
"8/29/21 21:40","313150.133333333"
"8/29/21 21:41","306366.666666667"
"8/29/21 21:42","957217.066666667"
"8/29/21 21:43","849134.533333333"
"8/29/21 21:44","293932.666666667"
"8/29/21 21:45","298901.333333333"
"8/29/21 21:46","727714.666666667"
"8/29/21 21:47","299093.733333333"
"8/29/21 21:48","264923.066666667"
"8/29/21 21:49","786196.933333333"
"8/29/21 21:50","320850.133333333"
"8/29/21 21:51","393357.733333333"
"8/29/21 21:52","297357.066666667"
"8/29/21 21:53","258861.6"
"8/29/21 21:54","293174.266666667"
"8/29/21 21:55","252761.6"
"8/29/21 21:56","257613.733333333"
"8/29/21 21:57","229807.466666667"
"8/29/21 21:58","221402.0"
"8/29/21 21:59","296895.466666667"
"8/29/21 22:00","336216.933333333"
"8/29/21 22:01","275674.8"
"8/29/21 22:02","272521.333333333"
"8/29/21 22:03","1194523.73333333"
"8/29/21 22:04","522792.133333333"
"8/29/21 22:05","313252.133333333"
"8/29/21 22:06","940974.4"
"8/29/21 22:07","787247.333333333"
"8/29/21 22:08","225730.533333333"
"8/29/21 22:09","263638.266666667"
"8/29/21 22:10","271010.8"
"8/29/21 22:11","273612.533333333"
"8/29/21 22:12","486169.6"
"8/29/21 22:13","245260.133333333"
"8/29/21 22:14","259462.266666667"
"8/29/21 22:15","269769.733333333"
"8/29/21 22:16","237392.266666667"
"8/29/21 22:17","295085.066666667"
"8/29/21 22:18","289049.6"
"8/29/21 22:19","1015271.86666667"
"8/29/21 22:20","1351861.06666667"
"8/29/21 22:21","1052675.46666667"
"8/29/21 22:22","253517.6"
"8/29/21 22:23","356637.066666667"
"8/29/21 22:24","229330.133333333"
"8/29/21 22:25","234852.266666667"
"8/29/21 22:26","229613.333333333"
"8/29/21 22:27","255658.0"
"8/29/21 22:28","216477.866666667"
"8/29/21 22:29","238059.2"
"8/29/21 22:30","234075.733333333"
"8/29/21 22:31","229996.8"
"8/29/21 22:32","901472.4"
"8/29/21 22:33","888248.4"
"8/29/21 22:34","205370.4"
"8/29/21 22:35","934533.2"
"8/29/21 22:36","781773.6"
"8/29/21 22:37","301397.333333333"
"8/29/21 22:38","322520.4"
"8/29/21 22:39","331197.866666667"
"8/29/21 22:40","293086.933333333"
"8/29/21 22:41","248110.4"
"8/29/21 22:42","927355.866666667"
"8/29/21 22:43","844481.333333333"
"8/29/21 22:44","269231.733333333"
"8/29/21 22:45","309830.666666667"
"8/29/21 22:46","398650.4"
"8/29/21 22:47","227744.8"
"8/29/21 22:48","259936.266666667"
"8/29/21 22:49","373525.866666667"
"8/29/21 22:50","268355.733333333"
"8/29/21 22:51","286166.533333333"
"8/29/21 22:52","382660.0"
"8/29/21 22:53","281152.133333333"
"8/29/21 22:54","278994.133333333"
"8/29/21 22:55","321057.733333333"
"8/29/21 22:56","360396.4"
"8/29/21 22:57","414068.4"
"8/29/21 22:58","238218.533333333"
"8/29/21 22:59","210948.533333333"
"8/29/21 23:00","213244.0"
"8/29/21 23:01","195400.133333333"
"8/29/21 23:02","192880.4"
"8/29/21 23:03","897012.266666667"
"8/29/21 23:04","755058.0"
"8/29/21 23:05","451870.266666667"
"8/29/21 23:06","954133.066666667"
"8/29/21 23:07","847575.333333333"
"8/29/21 23:08","283551.2"
"8/29/21 23:09","378431.066666667"
"8/29/21 23:10","248384.533333333"
"8/29/21 23:11","313828.4"
"8/29/21 23:12","342516.533333333"
"8/29/21 23:13","320760.8"
"8/29/21 23:14","335753.066666667"
"8/29/21 23:15","275295.733333333"
"8/29/21 23:16","237531.333333333"
"8/29/21 23:17","400952.133333333"
"8/29/21 23:18","271798.4"
"8/29/21 23:19","1004927.73333333"
"8/29/21 23:20","1357798.4"
"8/29/21 23:21","988169.733333333"
"8/29/21 23:22","260404.4"
"8/29/21 23:23","262662.133333333"
"8/29/21 23:24","288172.533333333"
"8/29/21 23:25","252800.4"
"8/29/21 23:26","354578.666666667"
"8/29/21 23:27","320312.266666667"
"8/29/21 23:28","257341.2"
"8/29/21 23:29","225993.866666667"
"8/29/21 23:30","291882.533333333"
"8/29/21 23:31","285841.6"
"8/29/21 23:32","949546.0"
"8/29/21 23:33","1024106.4"
"8/29/21 23:34","384481.6"
"8/29/21 23:35","1031553.2"
"8/29/21 23:36","1177813.73333333"
"8/29/21 23:37","591300.0"
"8/29/21 23:38","624255.333333333"
"8/29/21 23:39","426398.266666667"
"8/29/21 23:40","280976.133333333"
"8/29/21 23:41","286243.733333333"
"8/29/21 23:42","1016366.66666667"
"8/29/21 23:43","841007.866666667"
"8/29/21 23:44","327632.4"
"8/29/21 23:45","512735.333333333"
"8/29/21 23:46","445376.0"
"8/29/21 23:47","648299.866666667"
"8/29/21 23:48","355570.4"
"8/29/21 23:49","522146.933333333"
"8/29/21 23:50","293200.533333333"
"8/29/21 23:51","296441.2"
"8/29/21 23:52","428732.666666667"
"8/29/21 23:53","273766.533333333"
"8/29/21 23:54","316243.6"
"8/29/21 23:55","414268.933333333"
"8/29/21 23:56","252074.8"
"8/29/21 23:57","298514.133333333"
"8/29/21 23:58","308861.2"
"8/29/21 23:59","204691.733333333"
"8/30/21 0:00","226373.733333333"
"8/30/21 0:01","219458.0"
"8/30/21 0:02","233140.666666667"
"8/30/21 0:03","950064.533333333"
"8/30/21 0:04","763279.733333333"
"8/30/21 0:05","300594.4"
"8/30/21 0:06","1031225.46666667"
"8/30/21 0:07","791394.666666667"
"8/30/21 0:08","276644.4"
"8/30/21 0:09","294420.266666667"
"8/30/21 0:10","233441.333333333"
"8/30/21 0:11","257460.0"
"8/30/21 0:12","230556.4"
"8/30/21 0:13","327650.4"
"8/30/21 0:14","376660.8"
"8/30/21 0:15","346662.133333333"
"8/30/21 0:16","230525.466666667"
"8/30/21 0:17","237852.0"
"8/30/21 0:18","206836.133333333"
"8/30/21 0:19","1007334.13333333"
"8/30/21 0:20","1230593.73333333"
"8/30/21 0:21","919471.066666667"
"8/30/21 0:22","227085.2"
"8/30/21 0:23","325977.333333333"
"8/30/21 0:24","256340.133333333"
"8/30/21 0:25","275388.4"
"8/30/21 0:26","262572.933333333"
"8/30/21 0:27","285483.2"
"8/30/21 0:28","240738.133333333"
"8/30/21 0:29","257932.266666667"
"8/30/21 0:30","243444.8"
"8/30/21 0:31","252936.933333333"
"8/30/21 0:32","872380.4"
"8/30/21 0:33","796763.2"
"8/30/21 0:34","256175.866666667"
"8/30/21 0:35","922122.4"
"8/30/21 0:36","776475.733333333"
"8/30/21 0:37","250834.8"
"8/30/21 0:38","237674.533333333"
"8/30/21 0:39","345288.4"
"8/30/21 0:40","332592.8"
"8/30/21 0:41","224372.533333333"
"8/30/21 0:42","921323.466666667"
"8/30/21 0:43","771539.466666667"
"8/30/21 0:44","220968.933333333"
"8/30/21 0:45","218397.2"
"8/30/21 0:46","233156.133333333"
"8/30/21 0:47","203862.533333333"
"8/30/21 0:48","206439.333333333"
"8/30/21 0:49","280961.733333333"
"8/30/21 0:50","191333.333333333"
"8/30/21 0:51","202235.733333333"
"8/30/21 0:52","217519.2"
"8/30/21 0:53","219113.6"
"8/30/21 0:54","223862.0"
"8/30/21 0:55","230446.4"
"8/30/21 0:56","198722.533333333"
"8/30/21 0:57","206972.0"
"8/30/21 0:58","189935.6"
"8/30/21 0:59","206257.733333333"
"8/30/21 1:00","270618.8"
"8/30/21 1:01","205769.466666667"
"8/30/21 1:02","183197.866666667"
"8/30/21 1:03","1046860.26666667"
"8/30/21 1:04","787256.4"
"8/30/21 1:05","395075.866666667"
"8/30/21 1:06","969655.866666667"
"8/30/21 1:07","827015.6"
"8/30/21 1:08","245614.933333333"
"8/30/21 1:09","351259.466666667"
"8/30/21 1:10","286733.333333333"
"8/30/21 1:11","351802.0"
"8/30/21 1:12","349706.666666667"
"8/30/21 1:13","323742.0"
"8/30/21 1:14","220744.4"
"8/30/21 1:15","283774.133333333"
"8/30/21 1:16","301268.666666667"
"8/30/21 1:17","367581.866666667"
"8/30/21 1:18","305572.666666667"
"8/30/21 1:19","904796.266666667"
"8/30/21 1:20","1368559.46666667"
"8/30/21 1:21","1014276.66666667"
"8/30/21 1:22","309809.6"
"8/30/21 1:23","260575.066666667"
"8/30/21 1:24","225908.0"
"8/30/21 1:25","257506.266666667"
"8/30/21 1:26","360444.0"
"8/30/21 1:27","326926.533333333"
"8/30/21 1:28","295581.733333333"
"8/30/21 1:29","285317.466666667"
"8/30/21 1:30","324768.4"
"8/30/21 1:31","958635.466666667"
"8/30/21 1:32","879157.066666667"
"8/30/21 1:33","604302.933333333"
"8/30/21 1:34","472972.0"
"8/30/21 1:35","374653.333333333"
"8/30/21 1:36","362854.933333333"
"8/30/21 1:37","349617.733333333"
"8/30/21 1:38","322495.733333333"
"8/30/21 1:39","378305.066666667"
"8/30/21 1:40","394096.8"
"8/30/21 1:41","348022.666666667"
"8/30/21 1:42","376181.6"
"8/30/21 1:43","238715.733333333"
"8/30/21 1:44","260686.666666667"
"8/30/21 1:45","270055.2"
"8/30/21 1:46","327688.0"
"8/30/21 1:47","294150.666666667"
"8/30/21 1:48","314480.133333333"
"8/30/21 1:49","524316.666666667"
"8/30/21 1:50","267973.333333333"
"8/30/21 1:51","348619.866666667"
"8/30/21 1:52","478700.0"
"8/30/21 1:53","365224.266666667"
"8/30/21 1:54","262255.733333333"
"8/30/21 1:55","313736.8"
"8/30/21 1:56","282812.266666667"
"8/30/21 1:57","538820.666666667"
"8/30/21 1:58","1386031.33333333"
"8/30/21 1:59","1325237.2"
"8/30/21 2:00","1322018.13333333"
"8/30/21 2:01","568588.933333333"
"8/30/21 2:02","235006.933333333"
"8/30/21 2:03","269347.066666667"
"8/30/21 2:04","231318.933333333"
"8/30/21 2:05","263559.2"
"8/30/21 2:06","230155.2"
"8/30/21 2:07","223358.666666667"
"8/30/21 2:08","243471.066666667"
"8/30/21 2:09","320577.866666667"
"8/30/21 2:10","242349.066666667"
"8/30/21 2:11","238499.6"
"8/30/21 2:12","297679.866666667"
"8/30/21 2:13","199921.6"
"8/30/21 2:14","203150.0"
"8/30/21 2:15","212173.6"
"8/30/21 2:16","237308.933333333"
"8/30/21 2:17","268871.2"
"8/30/21 2:18","953663.333333333"
"8/30/21 2:19","691970.266666667"
"8/30/21 2:20","994659.733333333"
"8/30/21 2:21","678076.8"
"8/30/21 2:22","933386.8"
"8/30/21 2:23","653413.2"
"8/30/21 2:24","206487.333333333"
"8/30/21 2:25","200086.133333333"
"8/30/21 2:26","218028.666666667"
"8/30/21 2:27","211862.0"
"8/30/21 2:28","190380.666666667"
"8/30/21 2:29","212890.0"
"8/30/21 2:30","246152.266666667"
"8/30/21 2:31","945006.666666667"
"8/30/21 2:32","757352.4"
"8/30/21 2:33","309106.0"
"8/30/21 2:34","185245.2"
"8/30/21 2:35","202564.666666667"
"8/30/21 2:36","222747.733333333"
"8/30/21 2:37","231912.533333333"
"8/30/21 2:38","241231.733333333"
"8/30/21 2:39","265474.4"
"8/30/21 2:40","283013.733333333"
"8/30/21 2:41","273032.266666667"
"8/30/21 2:42","320433.866666667"
"8/30/21 2:43","281019.466666667"
"8/30/21 2:44","240538.266666667"
"8/30/21 2:45","260306.266666667"
"8/30/21 2:46","258418.533333333"
"8/30/21 2:47","229484.266666667"
"8/30/21 2:48","310021.6"
"8/30/21 2:49","319790.266666667"
"8/30/21 2:50","312507.866666667"
"8/30/21 2:51","237234.8"
"8/30/21 2:52","220147.2"
"8/30/21 2:53","263258.4"
"8/30/21 2:54","274121.466666667"
"8/30/21 2:55","221573.466666667"
"8/30/21 2:56","936316.933333333"
"8/30/21 2:57","686966.666666667"
"8/30/21 2:58","994261.6"
"8/30/21 2:59","1253683.33333333"
"8/30/21 3:00","890694.666666667"
"8/30/21 3:01","231796.533333333"
"8/30/21 3:02","239278.133333333"
"8/30/21 3:03","231087.066666667"
"8/30/21 3:04","243501.2"
"8/30/21 3:05","281768.666666667"
"8/30/21 3:06","229264.266666667"
"8/30/21 3:07","206054.133333333"
"8/30/21 3:08","274054.8"
"8/30/21 3:09","288780.8"
"8/30/21 3:10","414989.733333333"
"8/30/21 3:11","267058.666666667"
"8/30/21 3:12","380661.466666667"
"8/30/21 3:13","294154.0"
"8/30/21 3:14","301739.066666667"
"8/30/21 3:15","285169.866666667"
"8/30/21 3:16","271794.533333333"
"8/30/21 3:17","331294.8"
"8/30/21 3:18","972410.266666667"
"8/30/21 3:19","859140.0"
"8/30/21 3:20","982151.466666667"
"8/30/21 3:21","848647.333333333"
"8/30/21 3:22","986149.2"
"8/30/21 3:23","773456.133333333"
"8/30/21 3:24","395589.733333333"
"8/30/21 3:25","262035.866666667"
"8/30/21 3:26","295906.933333333"
"8/30/21 3:27","284083.733333333"
"8/30/21 3:28","267507.333333333"
"8/30/21 3:29","273820.4"
"8/30/21 3:30","323742.933333333"
"8/30/21 3:31","1046318.66666667"
"8/30/21 3:32","828465.2"
"8/30/21 3:33","320656.266666667"
"8/30/21 3:34","186453.2"
"8/30/21 3:35","165724.666666667"
"8/30/21 3:36","219699.066666667"
"8/30/21 3:37","204294.666666667"
"8/30/21 3:38","242449.2"
"8/30/21 3:39","175008.133333333"
"8/30/21 3:40","156815.733333333"
"8/30/21 3:41","224810.8"
"8/30/21 3:42","578692.4"
"8/30/21 3:43","287251.866666667"
"8/30/21 3:44","419289.733333333"
"8/30/21 3:45","216963.866666667"
"8/30/21 3:46","220890.133333333"
"8/30/21 3:47","249521.733333333"
"8/30/21 3:48","251864.533333333"
"8/30/21 3:49","343728.133333333"
"8/30/21 3:50","262523.466666667"
"8/30/21 3:51","246608.533333333"
"8/30/21 3:52","215252.666666667"
"8/30/21 3:53","199968.666666667"
"8/30/21 3:54","250480.4"
"8/30/21 3:55","247754.133333333"
"8/30/21 3:56","968746.8"
"8/30/21 3:57","694557.866666667"
"8/30/21 3:58","945042.666666667"
"8/30/21 3:59","1257036.53333333"
"8/30/21 4:00","856586.266666667"
"8/30/21 4:01","215127.2"
"8/30/21 4:02","568563.6"
"8/30/21 4:03","238734.666666667"
"8/30/21 4:04","242080.0"
"8/30/21 4:05","244288.4"
"8/30/21 4:06","321089.066666667"
"8/30/21 4:07","295347.6"
"8/30/21 4:08","224680.666666667"
"8/30/21 4:09","228978.533333333"
"8/30/21 4:10","284664.8"
"8/30/21 4:11","263844.8"
"8/30/21 4:12","318696.666666667"
"8/30/21 4:13","231284.933333333"
"8/30/21 4:14","288918.533333333"
"8/30/21 4:15","228843.733333333"
"8/30/21 4:16","237637.866666667"
"8/30/21 4:17","277371.866666667"
"8/30/21 4:18","967114.266666667"
"8/30/21 4:19","825160.666666667"
"8/30/21 4:20","976595.733333333"
"8/30/21 4:21","717002.533333333"
"8/30/21 4:22","971302.933333333"
"8/30/21 4:23","724236.533333333"
"8/30/21 4:24","237602.266666667"
"8/30/21 4:25","411623.333333333"
"8/30/21 4:26","227531.466666667"
"8/30/21 4:27","241371.333333333"
"8/30/21 4:28","252094.533333333"
"8/30/21 4:29","212060.4"
"8/30/21 4:30","418772.533333333"
"8/30/21 4:31","980682.0"
"8/30/21 4:32","679914.4"
"8/30/21 4:33","259901.066666667"
"8/30/21 4:34","189184.4"
"8/30/21 4:35","197724.8"
"8/30/21 4:36","236223.066666667"
"8/30/21 4:37","216115.866666667"
"8/30/21 4:38","177550.0"
"8/30/21 4:39","223552.933333333"
"8/30/21 4:40","305907.866666667"
"8/30/21 4:41","351769.6"
"8/30/21 4:42","308632.0"
"8/30/21 4:43","224569.866666667"
"8/30/21 4:44","258974.533333333"
"8/30/21 4:45","266615.733333333"
"8/30/21 4:46","281335.2"
"8/30/21 4:47","242472.4"
"8/30/21 4:48","242477.866666667"
"8/30/21 4:49","253311.466666667"
"8/30/21 4:50","237752.133333333"
"8/30/21 4:51","295629.866666667"
"8/30/21 4:52","498577.866666667"
"8/30/21 4:53","247429.333333333"
"8/30/21 4:54","313630.266666667"
"8/30/21 4:55","233157.866666667"
"8/30/21 4:56","1007046.0"
"8/30/21 4:57","856890.666666667"
"8/30/21 4:58","979971.733333333"
"8/30/21 4:59","1234857.2"
"8/30/21 5:00","883480.266666667"
"8/30/21 5:01","209250.8"
"8/30/21 5:02","248606.266666667"
"8/30/21 5:03","340882.666666667"
"8/30/21 5:04","251791.6"
"8/30/21 5:05","299184.4"
"8/30/21 5:06","336186.666666667"
"8/30/21 5:07","224373.2"
"8/30/21 5:08","208311.866666667"
"8/30/21 5:09","263499.733333333"
"8/30/21 5:10","271924.4"
"8/30/21 5:11","254887.6"
"8/30/21 5:12","279514.0"
"8/30/21 5:13","270284.4"
"8/30/21 5:14","378173.6"
"8/30/21 5:15","265750.4"
"8/30/21 5:16","378228.666666667"
"8/30/21 5:17","261858.0"
"8/30/21 5:18","939384.0"
"8/30/21 5:19","815217.2"
"8/30/21 5:20","1020785.73333333"
"8/30/21 5:21","744460.133333333"
"8/30/21 5:22","960156.266666667"
"8/30/21 5:23","874340.266666667"
"8/30/21 5:24","282641.6"
"8/30/21 5:25","267495.6"
"8/30/21 5:26","268883.6"
"8/30/21 5:27","277384.666666667"
"8/30/21 5:28","269243.333333333"
"8/30/21 5:29","257756.0"
"8/30/21 5:30","270990.933333333"
"8/30/21 5:31","957398.4"
"8/30/21 5:32","717245.733333333"
"8/30/21 5:33","315065.6"
"8/30/21 5:34","246998.133333333"
"8/30/21 5:35","233837.066666667"
"8/30/21 5:36","242592.8"
"8/30/21 5:37","241913.733333333"
"8/30/21 5:38","234140.533333333"
"8/30/21 5:39","237926.0"
"8/30/21 5:40","328377.466666667"
"8/30/21 5:41","220838.533333333"
"8/30/21 5:42","280230.666666667"
"8/30/21 5:43","200534.133333333"
"8/30/21 5:44","220428.266666667"
"8/30/21 5:45","235932.133333333"
"8/30/21 5:46","225524.133333333"
"8/30/21 5:47","213757.333333333"
"8/30/21 5:48","215089.733333333"
"8/30/21 5:49","202892.4"
"8/30/21 5:50","186410.933333333"
"8/30/21 5:51","189714.133333333"
"8/30/21 5:52","180429.866666667"
"8/30/21 5:53","175066.666666667"
"8/30/21 5:54","213244.933333333"
"8/30/21 5:55","197540.266666667"
"8/30/21 5:56","977989.2"
"8/30/21 5:57","713211.733333333"
"8/30/21 5:58","970191.066666667"
"8/30/21 5:59","1226241.33333333"
"8/30/21 6:00","748386.533333333"
"8/30/21 6:01","351511.733333333"
"8/30/21 6:02","226569.066666667"
"8/30/21 6:03","268220.8"
"8/30/21 6:04","203953.733333333"
"8/30/21 6:05","291146.533333333"
"8/30/21 6:06","305877.6"
"8/30/21 6:07","283074.533333333"
"8/30/21 6:08","246381.6"
"8/30/21 6:09","241002.666666667"
"8/30/21 6:10","289291.866666667"
"8/30/21 6:11","221570.933333333"
"8/30/21 6:12","320631.066666667"
"8/30/21 6:13","226689.333333333"
"8/30/21 6:14","227521.066666667"
"8/30/21 6:15","263060.533333333"
"8/30/21 6:16","269961.466666667"
"8/30/21 6:17","288176.8"
"8/30/21 6:18","1072584.13333333"
"8/30/21 6:19","792184.933333333"
"8/30/21 6:20","965574.8"
"8/30/21 6:21","807312.533333333"
"8/30/21 6:22","969048.0"
"8/30/21 6:23","729892.0"
"8/30/21 6:24","398952.666666667"
"8/30/21 6:25","283216.666666667"
"8/30/21 6:26","301387.733333333"
"8/30/21 6:27","281238.933333333"
"8/30/21 6:28","242842.933333333"
"8/30/21 6:29","263013.466666667"
"8/30/21 6:30","258458.533333333"
"8/30/21 6:31","952877.6"
"8/30/21 6:32","792513.866666667"
"8/30/21 6:33","233207.066666667"
"8/30/21 6:34","234512.8"
"8/30/21 6:35","243185.866666667"
"8/30/21 6:36","257741.6"
"8/30/21 6:37","259345.466666667"
"8/30/21 6:38","226876.933333333"
"8/30/21 6:39","257773.733333333"
"8/30/21 6:40","315705.333333333"
"8/30/21 6:41","212737.2"
"8/30/21 6:42","217501.466666667"
"8/30/21 6:43","215045.466666667"
"8/30/21 6:44","287590.8"
"8/30/21 6:45","278112.933333333"
"8/30/21 6:46","249660.533333333"
"8/30/21 6:47","213740.0"
"8/30/21 6:48","331335.466666667"
"8/30/21 6:49","224883.733333333"
"8/30/21 6:50","216919.2"
"8/30/21 6:51","210883.066666667"
"8/30/21 6:52","203840.266666667"
"8/30/21 6:53","239566.666666667"
"8/30/21 6:54","246117.2"
"8/30/21 6:55","266515.2"
"8/30/21 6:56","965474.4"
"8/30/21 6:57","874843.733333333"
"8/30/21 6:58","960872.133333333"
"8/30/21 6:59","1238157.2"
"8/30/21 7:00","892393.733333333"
"8/30/21 7:01","236390.533333333"
"8/30/21 7:02","221054.266666667"
"8/30/21 7:03","322089.6"
"8/30/21 7:04","275206.933333333"
"8/30/21 7:05","312345.333333333"
"8/30/21 7:06","373197.866666667"
"8/30/21 7:07","287355.2"
"8/30/21 7:08","298101.066666667"
"8/30/21 7:09","277421.2"
"8/30/21 7:10","334852.266666667"
"8/30/21 7:11","321037.066666667"
"8/30/21 7:12","439038.0"
"8/30/21 7:13","281837.066666667"
"8/30/21 7:14","287647.866666667"
"8/30/21 7:15","333247.2"
"8/30/21 7:16","282644.133333333"
"8/30/21 7:17","309919.2"
"8/30/21 7:18","1004892.13333333"
"8/30/21 7:19","937415.866666667"
"8/30/21 7:20","1005891.6"
"8/30/21 7:21","832220.933333333"
"8/30/21 7:22","977558.4"
"8/30/21 7:23","815099.866666667"
"8/30/21 7:24","306938.266666667"
"8/30/21 7:25","254939.066666667"
"8/30/21 7:26","316501.2"
"8/30/21 7:27","261931.733333333"
"8/30/21 7:28","232637.466666667"
"8/30/21 7:29","230167.066666667"
"8/30/21 7:30","245332.4"
"8/30/21 7:31","968815.2"
"8/30/21 7:32","736582.133333333"
"8/30/21 7:33","260113.333333333"
"8/30/21 7:34","209361.066666667"
"8/30/21 7:35","212461.333333333"
"8/30/21 7:36","229764.266666667"
"8/30/21 7:37","248956.933333333"
"8/30/21 7:38","223118.133333333"
"8/30/21 7:39","232925.466666667"
"8/30/21 7:40","341460.8"
"8/30/21 7:41","247931.6"
"8/30/21 7:42","253179.866666667"
"8/30/21 7:43","330927.466666667"
"8/30/21 7:44","213364.4"
"8/30/21 7:45","255761.466666667"
"8/30/21 7:46","268121.866666667"
"8/30/21 7:47","274596.8"
"8/30/21 7:48","279549.2"
"8/30/21 7:49","265217.466666667"
"8/30/21 7:50","294642.4"
"8/30/21 7:51","262430.933333333"
"8/30/21 7:52","383002.533333333"
"8/30/21 7:53","260776.133333333"
"8/30/21 7:54","253475.066666667"
"8/30/21 7:55","237545.6"
"8/30/21 7:56","1011698.26666667"
"8/30/21 7:57","807990.933333333"
"8/30/21 7:58","980886.133333333"
"8/30/21 7:59","1221693.2"
"8/30/21 8:00","1096896.26666667"
"8/30/21 8:01","265649.733333333"
"8/30/21 8:02","218725.733333333"
"8/30/21 8:03","289520.133333333"
"8/30/21 8:04","270127.466666667"
"8/30/21 8:05","318592.8"
"8/30/21 8:06","320620.666666667"
"8/30/21 8:07","265540.666666667"
"8/30/21 8:08","255047.333333333"
"8/30/21 8:09","303193.2"
"8/30/21 8:10","318342.133333333"
"8/30/21 8:11","351133.333333333"
"8/30/21 8:12","391839.066666667"
"8/30/21 8:13","243386.0"
"8/30/21 8:14","225129.866666667"
"8/30/21 8:15","257271.6"
"8/30/21 8:16","239717.733333333"
"8/30/21 8:17","320189.333333333"
"8/30/21 8:18","1003278.53333333"
"8/30/21 8:19","778511.733333333"
"8/30/21 8:20","1005175.46666667"
"8/30/21 8:21","828365.866666667"
"8/30/21 8:22","960411.866666667"
"8/30/21 8:23","692888.266666667"
"8/30/21 8:24","245130.0"
"8/30/21 8:25","235980.266666667"
"8/30/21 8:26","242841.733333333"
"8/30/21 8:27","278320.666666667"
"8/30/21 8:28","276966.933333333"
"8/30/21 8:29","241864.533333333"
"8/30/21 8:30","256352.4"
"8/30/21 8:31","949410.933333333"
"8/30/21 8:32","789883.2"
"8/30/21 8:33","313218.533333333"
"8/30/21 8:34","216776.4"
"8/30/21 8:35","245535.066666667"
"8/30/21 8:36","269205.866666667"
"8/30/21 8:37","308705.6"
"8/30/21 8:38","294352.133333333"
"8/30/21 8:39","252587.866666667"
"8/30/21 8:40","477134.0"
"8/30/21 8:41","221561.466666667"
"8/30/21 8:42","384574.933333333"
"8/30/21 8:43","262517.733333333"
"8/30/21 8:44","252683.333333333"
"8/30/21 8:45","279933.066666667"
"8/30/21 8:46","315403.6"
"8/30/21 8:47","304494.4"
"8/30/21 8:48","258804.666666667"
"8/30/21 8:49","238996.0"
"8/30/21 8:50","266828.4"
"8/30/21 8:51","280845.6"
"8/30/21 8:52","244257.466666667"
"8/30/21 8:53","229363.066666667"
"8/30/21 8:54","223967.6"
"8/30/21 8:55","238659.866666667"
"8/30/21 8:56","995932.266666667"
"8/30/21 8:57","787436.133333333"
"8/30/21 8:58","983655.066666667"
"8/30/21 8:59","1291317.86666667"
"8/30/21 9:00","946198.666666667"
"8/30/21 9:01","299303.466666667"
"8/30/21 9:02","273373.466666667"
"8/30/21 9:03","322321.466666667"
"8/30/21 9:04","235948.266666667"
"8/30/21 9:05","323897.466666667"
"8/30/21 9:06","314399.866666667"
"8/30/21 9:07","266607.333333333"
"8/30/21 9:08","270521.2"
"8/30/21 9:09","386182.533333333"
"8/30/21 9:10","360010.933333333"
"8/30/21 9:11","338423.066666667"
"8/30/21 9:12","286495.2"
"8/30/21 9:13","269734.933333333"
"8/30/21 9:14","376064.4"
"8/30/21 9:15","359614.933333333"
"8/30/21 9:16","297103.733333333"
"8/30/21 9:17","347361.2"
"8/30/21 9:18","1017868.4"
"8/30/21 9:19","817174.533333333"
"8/30/21 9:20","1006842.13333333"
"8/30/21 9:21","846988.4"
"8/30/21 9:22","987617.733333333"
"8/30/21 9:23","780914.533333333"
"8/30/21 9:24","378953.466666667"
"8/30/21 9:25","268957.733333333"
"8/30/21 9:26","371380.266666667"
"8/30/21 9:27","321375.866666667"
"8/30/21 9:28","241969.333333333"
"8/30/21 9:29","264483.466666667"
"8/30/21 9:30","283771.466666667"
"8/30/21 9:31","967445.866666667"
"8/30/21 9:32","801876.133333333"
"8/30/21 9:33","241659.333333333"
"8/30/21 9:34","212235.066666667"
"8/30/21 9:35","233650.133333333"
"8/30/21 9:36","230558.933333333"
"8/30/21 9:37","191271.2"
"8/30/21 9:38","199745.066666667"
"8/30/21 9:39","199171.6"
"8/30/21 9:40","344064.933333333"
"8/30/21 9:41","232038.0"
"8/30/21 9:42","283803.333333333"
"8/30/21 9:43","239518.666666667"
"8/30/21 9:44","190512.0"
"8/30/21 9:45","277169.066666667"
"8/30/21 9:46","246764.666666667"
"8/30/21 9:47","195012.666666667"
"8/30/21 9:48","270886.266666667"
"8/30/21 9:49","234945.066666667"
"8/30/21 9:50","338220.266666667"
"8/30/21 9:51","239648.933333333"
"8/30/21 9:52","499430.533333333"
"8/30/21 9:53","217494.933333333"
"8/30/21 9:54","264640.933333333"
"8/30/21 9:55","247185.066666667"
"8/30/21 9:56","975143.866666667"
"8/30/21 9:57","782755.733333333"
"8/30/21 9:58","975686.133333333"
"8/30/21 9:59","1184582.8"
"8/30/21 10:00","1136227.86666667"
"8/30/21 10:01","246826.4"
"8/30/21 10:02","232423.466666667"
"8/30/21 10:03","254868.666666667"
"8/30/21 10:04","381613.466666667"
"8/30/21 10:05","285607.866666667"
"8/30/21 10:06","302168.266666667"
"8/30/21 10:07","225239.866666667"
"8/30/21 10:08","192323.866666667"
"8/30/21 10:09","259788.933333333"
"8/30/21 10:10","316741.066666667"
"8/30/21 10:11","246842.133333333"
"8/30/21 10:12","346935.6"
"8/30/21 10:13","236358.0"
"8/30/21 10:14","203247.333333333"
"8/30/21 10:15","247626.4"
"8/30/21 10:16","214480.933333333"
"8/30/21 10:17","217262.533333333"
"8/30/21 10:18","1022343.2"
"8/30/21 10:19","749249.333333333"
"8/30/21 10:20","975016.933333333"
"8/30/21 10:21","857295.6"
"8/30/21 10:22","1000933.46666667"
"8/30/21 10:23","838521.733333333"
"8/30/21 10:24","398835.866666667"
"8/30/21 10:25","263067.066666667"
"8/30/21 10:26","323667.6"
"8/30/21 10:27","298435.333333333"
"8/30/21 10:28","262717.466666667"
"8/30/21 10:29","260121.733333333"
"8/30/21 10:30","296495.333333333"
"8/30/21 10:31","1016192.66666667"
"8/30/21 10:32","771927.733333333"
"8/30/21 10:33","290963.066666667"
"8/30/21 10:34","275397.866666667"
"8/30/21 10:35","270447.733333333"
"8/30/21 10:36","323103.733333333"
"8/30/21 10:37","423772.533333333"
"8/30/21 10:38","481096.4"
"8/30/21 10:39","661193.2"
"8/30/21 10:40","741591.466666667"
"8/30/21 10:41","680351.466666667"
"8/30/21 10:42","561544.533333333"
"8/30/21 10:43","688768.266666667"
"8/30/21 10:44","600066.933333333"
"8/30/21 10:45","722607.466666667"
"8/30/21 10:46","640739.866666667"
"8/30/21 10:47","559542.933333333"
"8/30/21 10:48","588353.866666667"
"8/30/21 10:49","349110.266666667"
"8/30/21 10:50","301231.2"
"8/30/21 10:51","268865.466666667"
"8/30/21 10:52","407263.733333333"
"8/30/21 10:53","262000.266666667"
"8/30/21 10:54","270028.8"
"8/30/21 10:55","289581.866666667"
"8/30/21 10:56","982070.4"
"8/30/21 10:57","803600.8"
"8/30/21 10:58","947282.0"
"8/30/21 10:59","1273715.6"
"8/30/21 11:00","892764.8"
"8/30/21 11:01","265206.133333333"
"8/30/21 11:02","322409.2"
"8/30/21 11:03","311944.533333333"
"8/30/21 11:04","357278.133333333"
"8/30/21 11:05","352164.0"
"8/30/21 11:06","414219.866666667"
"8/30/21 11:07","309800.533333333"
"8/30/21 11:08","236960.933333333"
"8/30/21 11:09","263440.933333333"
"8/30/21 11:10","305929.6"
"8/30/21 11:11","306275.2"
"8/30/21 11:12","262831.466666667"
"8/30/21 11:13","238081.733333333"
"8/30/21 11:14","280815.466666667"
"8/30/21 11:15","252429.6"
"8/30/21 11:16","251854.0"
"8/30/21 11:17","202476.0"
"8/30/21 11:18","960443.333333333"
"8/30/21 11:19","904110.4"
"8/30/21 11:20","966050.266666667"
"8/30/21 11:21","714347.333333333"
"8/30/21 11:22","974850.266666667"
"8/30/21 11:23","764858.933333333"
"8/30/21 11:24","243598.133333333"
"8/30/21 11:25","320156.4"
"8/30/21 11:26","243989.333333333"
"8/30/21 11:27","285090.8"
"8/30/21 11:28","301132.8"
"8/30/21 11:29","218058.4"
"8/30/21 11:30","267745.733333333"
"8/30/21 11:31","965937.466666667"
"8/30/21 11:32","865343.466666667"
"8/30/21 11:33","228888.933333333"
"8/30/21 11:34","235641.466666667"
"8/30/21 11:35","260252.8"
"8/30/21 11:36","247626.266666667"
"8/30/21 11:37","237470.266666667"
"8/30/21 11:38","221439.066666667"
"8/30/21 11:39","219511.2"
"8/30/21 11:40","377670.266666667"
"8/30/21 11:41","214265.333333333"
"8/30/21 11:42","329918.4"
"8/30/21 11:43","224687.6"
"8/30/21 11:44","286970.0"
"8/30/21 11:45","237130.266666667"
"8/30/21 11:46","228524.266666667"
"8/30/21 11:47","210743.066666667"
"8/30/21 11:48","265183.333333333"
"8/30/21 11:49","263004.133333333"
"8/30/21 11:50","191986.266666667"
"8/30/21 11:51","229590.266666667"
"8/30/21 11:52","213242.933333333"
"8/30/21 11:53","189330.133333333"
"8/30/21 11:54","227701.066666667"
"8/30/21 11:55","207497.333333333"
"8/30/21 11:56","988833.866666667"
"8/30/21 11:57","851907.6"
"8/30/21 11:58","957919.866666667"
"8/30/21 11:59","1288747.46666667"
"8/30/21 12:00","842215.066666667"
"8/30/21 12:01","274531.2"
"8/30/21 12:02","256065.333333333"
"8/30/21 12:03","314164.0"
"8/30/21 12:04","264301.6"
"8/30/21 12:05","305887.2"
"8/30/21 12:06","418925.2"
"8/30/21 12:07","259926.133333333"
"8/30/21 12:08","236316.533333333"
"8/30/21 12:09","298345.066666667"
"8/30/21 12:10","304257.333333333"
"8/30/21 12:11","258577.733333333"
"8/30/21 12:12","273952.666666667"
"8/30/21 12:13","277724.666666667"
"8/30/21 12:14","289226.666666667"
"8/30/21 12:15","254225.866666667"
"8/30/21 12:16","364083.333333333"
"8/30/21 12:17","272736.666666667"
"8/30/21 12:18","1000999.06666667"
"8/30/21 12:19","788924.533333333"
"8/30/21 12:20","991843.866666667"
"8/30/21 12:21","766124.0"
"8/30/21 12:22","988196.8"
"8/30/21 12:23","822186.666666667"
"8/30/21 12:24","415974.4"
"8/30/21 12:25","298008.533333333"
"8/30/21 12:26","272834.666666667"
"8/30/21 12:27","286046.666666667"
"8/30/21 12:28","255228.8"
"8/30/21 12:29","239947.333333333"
"8/30/21 12:30","273731.6"
"8/30/21 12:31","966450.8"
"8/30/21 12:32","752410.8"
"8/30/21 12:33","239511.466666667"
"8/30/21 12:34","250555.2"
"8/30/21 12:35","244290.533333333"
"8/30/21 12:36","291212.133333333"
"8/30/21 12:37","309556.0"
"8/30/21 12:38","282072.266666667"
"8/30/21 12:39","236467.333333333"
"8/30/21 12:40","317233.333333333"
"8/30/21 12:41","237695.733333333"
"8/30/21 12:42","324575.2"
"8/30/21 12:43","256339.466666667"
"8/30/21 12:44","271763.866666667"
"8/30/21 12:45","267117.333333333"
"8/30/21 12:46","272959.866666667"
"8/30/21 12:47","234990.266666667"
"8/30/21 12:48","229721.333333333"
"8/30/21 12:49","211731.866666667"
"8/30/21 12:50","223446.666666667"
"8/30/21 12:51","256611.6"
"8/30/21 12:52","278325.733333333"
"8/30/21 12:53","293583.6"
"8/30/21 12:54","266498.8"
"8/30/21 12:55","255447.066666667"
"8/30/21 12:56","1046637.06666667"
"8/30/21 12:57","960321.733333333"
"8/30/21 12:58","995757.866666667"
"8/30/21 12:59","1297181.6"
"8/30/21 13:00","1065535.2"
"8/30/21 13:01","300954.4"
"8/30/21 13:02","291895.2"
"8/30/21 13:03","365551.466666667"
"8/30/21 13:04","334522.533333333"
"8/30/21 13:05","308104.8"
"8/30/21 13:06","374255.066666667"
"8/30/21 13:07","289538.666666667"
"8/30/21 13:08","280879.2"
"8/30/21 13:09","289942.0"
"8/30/21 13:10","371389.466666667"
"8/30/21 13:11","283822.266666667"
"8/30/21 13:12","556916.4"
"8/30/21 13:13","250072.533333333"
"8/30/21 13:14","275736.8"
"8/30/21 13:15","296857.733333333"
"8/30/21 13:16","279489.333333333"
"8/30/21 13:17","348981.866666667"
"8/30/21 13:18","994392.0"
"8/30/21 13:19","850677.466666667"
"8/30/21 13:20","1007548.53333333"
"8/30/21 13:21","757776.133333333"
"8/30/21 13:22","980370.133333333"
"8/30/21 13:23","718296.8"
"8/30/21 13:24","263438.266666667"
"8/30/21 13:25","297786.0"
"8/30/21 13:26","265398.133333333"
"8/30/21 13:27","219327.066666667"
"8/30/21 13:28","135550.8"
"8/30/21 13:29","135863.6"
"8/30/21 13:30","147446.533333333"
"8/30/21 13:31","913426.0"
"8/30/21 13:32","606978.933333333"
"8/30/21 13:33","130295.333333333"
"8/30/21 13:34","137238.266666667"
"8/30/21 13:35","117490.266666667"
"8/30/21 13:36","200920.4"
"8/30/21 13:37","198392.666666667"
"8/30/21 13:38","229511.333333333"
"8/30/21 13:39","217990.133333333"
"8/30/21 13:40","316710.666666667"
"8/30/21 13:41","214354.266666667"
"8/30/21 13:42","242798.133333333"
"8/30/21 13:43","242213.066666667"
"8/30/21 13:44","229346.8"
"8/30/21 13:45","257947.333333333"
"8/30/21 13:46","251582.266666667"
"8/30/21 13:47","360524.533333333"
"8/30/21 13:48","282647.2"
"8/30/21 13:49","376871.066666667"
"8/30/21 13:50","384466.133333333"
"8/30/21 13:51","982331.2"
"8/30/21 13:52","853820.4"
"8/30/21 13:53","401535.333333333"
"8/30/21 13:54","302449.2"
"8/30/21 13:55","338348.4"
"8/30/21 13:56","999674.933333333"
"8/30/21 13:57","894248.933333333"
"8/30/21 13:58","969853.866666667"
"8/30/21 13:59","1270443.73333333"
"8/30/21 14:00","924433.866666667"
"8/30/21 14:01","1022216.66666667"
"8/30/21 14:02","758015.333333333"
"8/30/21 14:03","316058.933333333"
"8/30/21 14:04","279316.8"
"8/30/21 14:05","334174.8"
"8/30/21 14:06","331714.933333333"
"8/30/21 14:07","228248.933333333"
"8/30/21 14:08","265072.933333333"
"8/30/21 14:09","240221.333333333"
"8/30/21 14:10","280215.466666667"
"8/30/21 14:11","235550.4"
"8/30/21 14:12","225946.933333333"
"8/30/21 14:13","214017.2"
"8/30/21 14:14","211786.4"
"8/30/21 14:15","225970.8"
"8/30/21 14:16","239170.933333333"
"8/30/21 14:17","245606.266666667"
"8/30/21 14:18","961492.0"
"8/30/21 14:19","712092.666666667"
"8/30/21 14:20","981540.4"
"8/30/21 14:21","670127.733333333"
"8/30/21 14:22","939928.133333333"
"8/30/21 14:23","741573.2"
"8/30/21 14:24","234194.666666667"
"8/30/21 14:25","232562.666666667"
"8/30/21 14:26","232642.533333333"
"8/30/21 14:27","234637.6"
"8/30/21 14:28","347169.066666667"
"8/30/21 14:29","227983.333333333"
"8/30/21 14:30","260992.533333333"
"8/30/21 14:31","962669.333333333"
"8/30/21 14:32","704604.8"
"8/30/21 14:33","216889.866666667"
"8/30/21 14:34","236162.933333333"
"8/30/21 14:35","236198.4"
"8/30/21 14:36","245708.666666667"
"8/30/21 14:37","258396.533333333"
"8/30/21 14:38","254970.4"
"8/30/21 14:39","281401.066666667"
"8/30/21 14:40","335544.666666667"
"8/30/21 14:41","257642.4"
"8/30/21 14:42","367262.533333333"
"8/30/21 14:43","300882.0"
"8/30/21 14:44","308508.666666667"
"8/30/21 14:45","261383.866666667"
"8/30/21 14:46","333489.333333333"
"8/30/21 14:47","294537.866666667"
"8/30/21 14:48","283288.666666667"
"8/30/21 14:49","303018.0"
"8/30/21 14:50","274280.266666667"
"8/30/21 14:51","378918.8"
"8/30/21 14:52","521723.066666667"
"8/30/21 14:53","450237.333333333"
"8/30/21 14:54","441743.866666667"
"8/30/21 14:55","386027.866666667"
"8/30/21 14:56","1035883.73333333"
"8/30/21 14:57","1025302.93333333"
"8/30/21 14:58","964548.133333333"
"8/30/21 14:59","984034.933333333"
"8/30/21 15:00","1299072.66666667"
"8/30/21 15:01","1042088.66666667"
"8/30/21 15:02","523710.0"
"8/30/21 15:03","639912.266666667"
"8/30/21 15:04","544783.066666667"
"8/30/21 15:05","577060.4"
"8/30/21 15:06","568282.133333333"
"8/30/21 15:07","603227.733333333"
"8/30/21 15:08","531355.466666667"
"8/30/21 15:09","511698.933333333"
"8/30/21 15:10","491751.466666667"
"8/30/21 15:11","457505.466666667"
"8/30/21 15:12","433237.6"
"8/30/21 15:13","481715.466666667"
"8/30/21 15:14","446513.466666667"
"8/30/21 15:15","476421.066666667"
"8/30/21 15:16","455154.133333333"
"8/30/21 15:17","493993.866666667"
"8/30/21 15:18","1103864.26666667"
"8/30/21 15:19","1009004.66666667"
"8/30/21 15:20","1019042.13333333"
"8/30/21 15:21","964785.866666667"
"8/30/21 15:22","648077.733333333"
"8/30/21 15:23","1121674.26666667"
"8/30/21 15:24","969683.2"
"8/30/21 15:25","465186.8"
"8/30/21 15:26","555762.933333333"
"8/30/21 15:27","466216.666666667"
"8/30/21 15:28","542842.0"
"8/30/21 15:29","414091.866666667"
"8/30/21 15:30","457396.533333333"
"8/30/21 15:31","1051994.8"
"8/30/21 15:32","888504.8"
"8/30/21 15:33","831321.066666667"
"8/30/21 15:34","459530.666666667"
"8/30/21 15:35","482092.133333333"
"8/30/21 15:36","494927.066666667"
"8/30/21 15:37","586289.466666667"
"8/30/21 15:38","687317.866666667"
"8/30/21 15:39","711300.533333333"
"8/30/21 15:40","795536.4"
"8/30/21 15:41","631848.4"
"8/30/21 15:42","441474.133333333"
"8/30/21 15:43","586577.333333333"
"8/30/21 15:44","471060.0"
"8/30/21 15:45","540604.8"
"8/30/21 15:46","525504.8"
"8/30/21 15:47","617026.8"
"8/30/21 15:48","669624.0"
"8/30/21 15:49","769756.533333333"
"8/30/21 15:50","554498.8"
"8/30/21 15:51","672282.0"
"8/30/21 15:52","765588.533333333"
"8/30/21 15:53","641494.8"
"8/30/21 15:54","755205.733333333"
"8/30/21 15:55","713268.266666667"
"8/30/21 15:56","1104914.13333333"
"8/30/21 15:57","1265795.73333333"
"8/30/21 15:58","1218492.13333333"
"8/30/21 15:59","1267610.93333333"
"8/30/21 16:00","1270309.86666667"
"8/30/21 16:01","1100505.33333333"
"8/30/21 16:02","729198.133333333"
"8/30/21 16:03","713507.2"
"8/30/21 16:04","440224.0"
"8/30/21 16:05","484901.333333333"
"8/30/21 16:06","556373.333333333"
"8/30/21 16:07","471436.666666667"
"8/30/21 16:08","421629.2"
"8/30/21 16:09","475413.866666667"
"8/30/21 16:10","505178.133333333"
"8/30/21 16:11","548147.466666667"
"8/30/21 16:12","754514.266666667"
"8/30/21 16:13","645487.6"
"8/30/21 16:14","463218.533333333"
"8/30/21 16:15","436517.733333333"
"8/30/21 16:16","426750.133333333"
"8/30/21 16:17","578331.333333333"
"8/30/21 16:18","1062801.86666667"
"8/30/21 16:19","1071082.26666667"
"8/30/21 16:20","1135538.93333333"
"8/30/21 16:21","1014837.06666667"
"8/30/21 16:22","1246774.93333333"
"8/30/21 16:23","993271.466666667"
"8/30/21 16:24","1110538.53333333"
"8/30/21 16:25","471306.8"
"8/30/21 16:26","478439.466666667"
"8/30/21 16:27","490842.533333333"
"8/30/21 16:28","483786.933333333"
"8/30/21 16:29","452284.933333333"
"8/30/21 16:30","645029.733333333"
"8/30/21 16:31","667676.8"
"8/30/21 16:32","943976.133333333"
"8/30/21 16:33","1016870.93333333"
"8/30/21 16:34","590014.666666667"
"8/30/21 16:35","526741.066666667"
"8/30/21 16:36","590414.266666667"
"8/30/21 16:37","500305.866666667"
"8/30/21 16:38","525446.933333333"
"8/30/21 16:39","502399.866666667"
"8/30/21 16:40","600508.533333333"
"8/30/21 16:41","513338.133333333"
"8/30/21 16:42","480409.2"
"8/30/21 16:43","607875.466666667"
"8/30/21 16:44","529809.6"
"8/30/21 16:45","586248.8"
"8/30/21 16:46","619656.933333333"
"8/30/21 16:47","517135.466666667"
"8/30/21 16:48","735426.266666667"
"8/30/21 16:49","628555.866666667"
"8/30/21 16:50","555220.8"
"8/30/21 16:51","617739.866666667"
"8/30/21 16:52","537437.333333333"
"8/30/21 16:53","520300.533333333"
"8/30/21 16:54","678946.0"
"8/30/21 16:55","637400.8"
"8/30/21 16:56","1057852.0"
"8/30/21 16:57","1106728.26666667"
"8/30/21 16:58","1115687.2"
"8/30/21 16:59","1174109.2"
"8/30/21 17:00","1276303.6"
"8/30/21 17:01","1030908.8"
"8/30/21 17:02","658620.133333333"
"8/30/21 17:03","643463.2"
"8/30/21 17:04","591674.8"
"8/30/21 17:05","575567.466666667"
"8/30/21 17:06","610034.933333333"
"8/30/21 17:07","564769.733333333"
"8/30/21 17:08","550809.333333333"
"8/30/21 17:09","652213.2"
"8/30/21 17:10","670582.133333333"
"8/30/21 17:11","556494.4"
"8/30/21 17:12","930135.2"
"8/30/21 17:13","607399.333333333"
"8/30/21 17:14","564102.666666667"
"8/30/21 17:15","538843.066666667"
"8/30/21 17:16","529303.466666667"
"8/30/21 17:17","625935.466666667"
"8/30/21 17:18","1075355.2"
"8/30/21 17:19","1111552.26666667"
"8/30/21 17:20","1151058.13333333"
"8/30/21 17:21","921215.066666667"
"8/30/21 17:22","1121252.8"
"8/30/21 17:23","861868.266666667"
"8/30/21 17:24","650849.733333333"
"8/30/21 17:25","334640.8"
"8/30/21 17:26","316062.133333333"
"8/30/21 17:27","289417.066666667"
"8/30/21 17:28","304067.6"
"8/30/21 17:29","258527.866666667"
"8/30/21 17:30","247361.6"
"8/30/21 17:31","809755.466666667"
"8/30/21 17:32","991669.866666667"
"8/30/21 17:33","262675.2"
"8/30/21 17:34","245002.8"
"8/30/21 17:35","280508.666666667"
"8/30/21 17:36","357871.866666667"
"8/30/21 17:37","269819.466666667"
"8/30/21 17:38","272172.933333333"
"8/30/21 17:39","296660.133333333"
"8/30/21 17:40","333157.733333333"
"8/30/21 17:41","268887.733333333"
"8/30/21 17:42","392641.733333333"
"8/30/21 17:43","244012.4"
"8/30/21 17:44","334450.266666667"
"8/30/21 17:45","236376.666666667"
"8/30/21 17:46","225377.066666667"
"8/30/21 17:47","238730.533333333"
"8/30/21 17:48","248840.0"
"8/30/21 17:49","260221.333333333"
"8/30/21 17:50","230221.733333333"
"8/30/21 17:51","226970.0"
"8/30/21 17:52","215871.866666667"
"8/30/21 17:53","188892.266666667"
"8/30/21 17:54","208472.666666667"
"8/30/21 17:55","185906.266666667"
"8/30/21 17:56","1169924.93333333"
"8/30/21 17:57","595493.733333333"
"8/30/21 17:58","213273.6"
"8/30/21 17:59","899971.733333333"
"8/30/21 18:00","792678.8"
"8/30/21 18:01","208784.666666667"
"8/30/21 18:02","227547.733333333"
"8/30/21 18:03","271389.2"
"8/30/21 18:04","308750.533333333"
"8/30/21 18:05","274243.733333333"
"8/30/21 18:06","253929.866666667"
"8/30/21 18:07","224540.533333333"
"8/30/21 18:08","226943.2"
"8/30/21 18:09","274929.066666667"
"8/30/21 18:10","311104.266666667"
"8/30/21 18:11","215522.666666667"
"8/30/21 18:12","356703.466666667"
"8/30/21 18:13","244036.4"
"8/30/21 18:14","237632.533333333"
"8/30/21 18:15","268078.666666667"
"8/30/21 18:16","224111.866666667"
"8/30/21 18:17","272453.866666667"
"8/30/21 18:18","941756.0"
"8/30/21 18:19","813455.2"
"8/30/21 18:20","422266.933333333"
"8/30/21 18:21","711780.8"
"8/30/21 18:22","1210768.66666667"
"8/30/21 18:23","1095312.66666667"
"8/30/21 18:24","387923.866666667"
"8/30/21 18:25","300350.8"
"8/30/21 18:26","338509.2"
"8/30/21 18:27","269439.333333333"
"8/30/21 18:28","248797.066666667"
"8/30/21 18:29","243184.133333333"
"8/30/21 18:30","250558.8"
"8/30/21 18:31","915815.066666667"
"8/30/21 18:32","819359.066666667"
"8/30/21 18:33","290770.4"
"8/30/21 18:34","254451.733333333"
"8/30/21 18:35","256024.8"
"8/30/21 18:36","287102.4"
"8/30/21 18:37","299743.333333333"
"8/30/21 18:38","253392.666666667"
"8/30/21 18:39","281034.133333333"
"8/30/21 18:40","328317.2"
"8/30/21 18:41","263770.533333333"
"8/30/21 18:42","272520.0"
"8/30/21 18:43","251648.0"
"8/30/21 18:44","250958.266666667"
"8/30/21 18:45","630584.4"
"8/30/21 18:46","559010.266666667"
"8/30/21 18:47","415032.4"
"8/30/21 18:48","521057.866666667"
"8/30/21 18:49","508459.066666667"
"8/30/21 18:50","397345.333333333"
"8/30/21 18:51","495910.533333333"
"8/30/21 18:52","376323.466666667"
"8/30/21 18:53","296324.0"
"8/30/21 18:54","359655.333333333"
"8/30/21 18:55","417257.466666667"
"8/30/21 18:56","989226.4"
"8/30/21 18:57","878428.666666667"
"8/30/21 18:58","342967.2"
"8/30/21 18:59","806891.6"
"8/30/21 19:00","1201887.86666667"
"8/30/21 19:01","398843.866666667"
"8/30/21 19:02","255659.866666667"
"8/30/21 19:03","353675.866666667"
"8/30/21 19:04","317774.133333333"
"8/30/21 19:05","510889.333333333"
"8/30/21 19:06","294254.933333333"
"8/30/21 19:07","318003.6"
"8/30/21 19:08","306622.666666667"
"8/30/21 19:09","395635.066666667"
"8/30/21 19:10","356492.133333333"
"8/30/21 19:11","411692.4"
"8/30/21 19:12","547840.933333333"
"8/30/21 19:13","532682.0"
"8/30/21 19:14","947338.4"
"8/30/21 19:15","923900.4"
"8/30/21 19:16","1045472.4"
"8/30/21 19:17","659401.466666667"
"8/30/21 19:18","1034977.86666667"
"8/30/21 19:19","905226.533333333"
"8/30/21 19:20","1064224.66666667"
"8/30/21 19:21","1165186.93333333"
"8/30/21 19:22","1220684.53333333"
"8/30/21 19:23","628623.6"
"8/30/21 19:24","686242.133333333"
"8/30/21 19:25","1257105.6"
"8/30/21 19:26","859915.066666667"
"8/30/21 19:27","605689.6"
"8/30/21 19:28","481100.666666667"
"8/30/21 19:29","384669.866666667"
"8/30/21 19:30","285295.866666667"
"8/30/21 19:31","276206.933333333"
"8/30/21 19:32","362478.533333333"
"8/30/21 19:33","667653.333333333"
"8/30/21 19:34","468177.2"
"8/30/21 19:35","499520.666666667"
"8/30/21 19:36","439795.333333333"
"8/30/21 19:37","456308.8"
"8/30/21 19:38","317480.666666667"
"8/30/21 19:39","233741.6"
"8/30/21 19:40","297287.066666667"
"8/30/21 19:41","331310.933333333"
"8/30/21 19:42","282142.4"
"8/30/21 19:43","313543.733333333"
"8/30/21 19:44","364766.8"
"8/30/21 19:45","250741.066666667"
"8/30/21 19:46","284678.133333333"
"8/30/21 19:47","245307.2"
"8/30/21 19:48","237330.0"
"8/30/21 19:49","649694.4"
"8/30/21 19:50","912034.133333333"
"8/30/21 19:51","506695.866666667"
"8/30/21 19:52","298974.4"
"8/30/21 19:53","261961.866666667"
"8/30/21 19:54","346550.133333333"
"8/30/21 19:55","720688.4"
"8/30/21 19:56","1170988.93333333"
"8/30/21 19:57","904165.466666667"
"8/30/21 19:58","454873.466666667"
"8/30/21 19:59","975642.933333333"
"8/30/21 20:00","848981.6"
"8/30/21 20:01","281393.2"
"8/30/21 20:02","314853.466666667"
"8/30/21 20:03","602681.733333333"
"8/30/21 20:04","314458.666666667"
"8/30/21 20:05","605339.066666667"
"8/30/21 20:06","346175.733333333"
"8/30/21 20:07","287650.4"
"8/30/21 20:08","488295.733333333"
"8/30/21 20:09","1035435.46666667"
"8/30/21 20:10","381593.333333333"
"8/30/21 20:11","852536.533333333"
"8/30/21 20:12","501817.066666667"
"8/30/21 20:13","953707.066666667"
"8/30/21 20:14","865229.333333333"
"8/30/21 20:15","310122.266666667"
"8/30/21 20:16","273228.4"
"8/30/21 20:17","371852.4"
"8/30/21 20:18","1277627.46666667"
"8/30/21 20:19","1267616.53333333"
"8/30/21 20:20","1283700.4"
"8/30/21 20:21","908326.0"
"8/30/21 20:22","1233025.73333333"
"8/30/21 20:23","1325254.93333333"
"8/30/21 20:24","1080336.53333333"
"8/30/21 20:25","639074.4"
"8/30/21 20:26","781391.2"
"8/30/21 20:27","701768.4"
"8/30/21 20:28","1094802.0"
"8/30/21 20:29","780903.333333333"
"8/30/21 20:30","593714.533333333"
"8/30/21 20:31","512820.8"
"8/30/21 20:32","465709.066666667"
"8/30/21 20:33","474581.866666667"
"8/30/21 20:34","524985.333333333"
"8/30/21 20:35","460891.6"
"8/30/21 20:36","390208.4"
"8/30/21 20:37","545077.466666667"
"8/30/21 20:38","524276.133333333"
"8/30/21 20:39","505987.6"
"8/30/21 20:40","603565.6"
"8/30/21 20:41","443863.2"
"8/30/21 20:42","665409.2"
"8/30/21 20:43","653858.933333333"
"8/30/21 20:44","417715.733333333"
"8/30/21 20:45","527963.6"
"8/30/21 20:46","498097.066666667"
"8/30/21 20:47","603152.533333333"
"8/30/21 20:48","664478.933333333"
"8/30/21 20:49","573217.466666667"
"8/30/21 20:50","560198.533333333"
"8/30/21 20:51","536446.533333333"
"8/30/21 20:52","500921.733333333"
"8/30/21 20:53","686347.866666667"
"8/30/21 20:54","614721.466666667"
"8/30/21 20:55","504806.181818182"
"8/30/21 20:56","1066959.40740741"
"8/30/21 20:57","940335.333333333"
"8/30/21 20:58","687862.533333333"
"8/30/21 20:59","987342.933333333"
"8/30/21 21:00","1320793.33333333"
"8/30/21 21:01","1035960.66666667"
"8/30/21 21:02","966570.933333333"
"8/30/21 21:03","593171.6"
"8/30/21 21:04","728219.333333333"
"8/30/21 21:05","566913.066666667"
"8/30/21 21:06","605099.2"
"8/30/21 21:07","562227.6"
"8/30/21 21:08","740104.4"
"8/30/21 21:09","945550.533333333"
"8/30/21 21:10","735498.4"
"8/30/21 21:11","477285.2"
"8/30/21 21:12","962847.866666667"
"8/30/21 21:13","1193471.46666667"
"8/30/21 21:14","1194809.73333333"
"8/30/21 21:15","1338904.53333333"
"8/30/21 21:16","873315.066666667"
"8/30/21 21:17","1151349.73333333"
"8/30/21 21:18","1275218.4"
"8/30/21 21:19","1200961.33333333"
"8/30/21 21:20","1265075.46666667"
"8/30/21 21:21","1295935.33333333"
"8/30/21 21:22","1324701.06666667"
"8/30/21 21:23","1258904.66666667"
"8/30/21 21:24","1105592.4"
"8/30/21 21:25","576192.133333333"
"8/30/21 21:26","547094.533333333"
"8/30/21 21:27","587067.6"
"8/30/21 21:28","778766.8"
"8/30/21 21:29","666597.333333333"
"8/30/21 21:30","670234.666666667"
"8/30/21 21:31","498028.533333333"
"8/30/21 21:32","605837.466666667"
"8/30/21 21:33","1022455.73333333"
"8/30/21 21:34","407189.6"
"8/30/21 21:35","387894.933333333"
"8/30/21 21:36","520114.533333333"
"8/30/21 21:37","540052.933333333"
"8/30/21 21:38","920207.733333333"
"8/30/21 21:39","767831.733333333"
"8/30/21 21:40","683504.533333333"
"8/30/21 21:41","545771.333333333"
"8/30/21 21:42","654581.466666667"
"8/30/21 21:43","490569.333333333"
"8/30/21 21:44","433310.266666667"
"8/30/21 21:45","844796.933333333"
"8/30/21 21:46","578332.4"
"8/30/21 21:47","610931.333333333"
"8/30/21 21:48","534621.333333333"
"8/30/21 21:49","495121.2"
"8/30/21 21:50","389330.8"
"8/30/21 21:51","482909.466666667"
"8/30/21 21:52","455407.466666667"
"8/30/21 21:53","865663.333333333"
"8/30/21 21:54","405944.8"
"8/30/21 21:55","585876.933333333"
"8/30/21 21:56","922556.4"
"8/30/21 21:57","1165985.46666667"
"8/30/21 21:58","883538.666666667"
"8/30/21 21:59","895728.933333333"
"8/30/21 22:00","1022435.73333333"
"8/30/21 22:01","510001.066666667"
"8/30/21 22:02","424185.333333333"
"8/30/21 22:03","402985.6"
"8/30/21 22:04","405394.8"
"8/30/21 22:05","364432.8"
"8/30/21 22:06","394667.866666667"
"8/30/21 22:07","458441.066666667"
"8/30/21 22:08","461123.333333333"
"8/30/21 22:09","633720.933333333"
"8/30/21 22:10","646585.6"
"8/30/21 22:11","579487.733333333"
"8/30/21 22:12","732612.533333333"
"8/30/21 22:13","699808.4"
"8/30/21 22:14","1164251.06666667"
"8/30/21 22:15","935905.733333333"
"8/30/21 22:16","431616.4"
"8/30/21 22:17","432641.733333333"
"8/30/21 22:18","929142.533333333"
"8/30/21 22:19","1019647.73333333"
"8/30/21 22:20","1206096.13333333"
"8/30/21 22:21","1309377.73333333"
"8/30/21 22:22","1255365.6"
"8/30/21 22:23","1083829.06666667"
"8/30/21 22:24","550976.666666667"
"8/30/21 22:25","450754.933333333"
"8/30/21 22:26","433595.066666667"
"8/30/21 22:27","422940.933333333"
"8/30/21 22:28","438486.266666667"
"8/30/21 22:29","443740.266666667"
"8/30/21 22:30","451666.133333333"
"8/30/21 22:31","445552.133333333"
"8/30/21 22:32","533123.333333333"
"8/30/21 22:33","405671.866666667"
"8/30/21 22:34","504091.466666667"
"8/30/21 22:35","381007.6"
"8/30/21 22:36","429264.8"
"8/30/21 22:37","423136.666666667"
"8/30/21 22:38","348832.666666667"
"8/30/21 22:39","376063.466666667"
"8/30/21 22:40","429349.866666667"
"8/30/21 22:41","379348.266666667"
"8/30/21 22:42","397675.333333333"
"8/30/21 22:43","390662.533333333"
"8/30/21 22:44","378491.2"
"8/30/21 22:45","457525.333333333"
"8/30/21 22:46","531839.6"
"8/30/21 22:47","564428.533333333"
"8/30/21 22:48","793300.133333333"
"8/30/21 22:49","491245.733333333"
"8/30/21 22:50","598486.4"
"8/30/21 22:51","313130.266666667"
"8/30/21 22:52","281442.666666667"
"8/30/21 22:53","290413.733333333"
"8/30/21 22:54","359095.2"
"8/30/21 22:55","315185.866666667"
"8/30/21 22:56","956400.533333333"
"8/30/21 22:57","926967.2"
"8/30/21 22:58","252595.466666667"
"8/30/21 22:59","897500.933333333"
"8/30/21 23:00","842011.466666667"
"8/30/21 23:01","247811.066666667"
"8/30/21 23:02","266161.066666667"
"8/30/21 23:03","444129.733333333"
"8/30/21 23:04","390929.466666667"
"8/30/21 23:05","293482.266666667"
"8/30/21 23:06","257166.0"
"8/30/21 23:07","423284.266666667"
"8/30/21 23:08","327314.133333333"
"8/30/21 23:09","329335.466666667"
"8/30/21 23:10","331033.2"
"8/30/21 23:11","270168.266666667"
"8/30/21 23:12","519392.533333333"
"8/30/21 23:13","262781.333333333"
"8/30/21 23:14","564716.0"
"8/30/21 23:15","1017335.2"
"8/30/21 23:16","634538.4"
"8/30/21 23:17","295535.066666667"
"8/30/21 23:18","1008785.46666667"
"8/30/21 23:19","1066905.06666667"
"8/30/21 23:20","1173279.06666667"
"8/30/21 23:21","751569.733333333"
"8/30/21 23:22","1078157.06666667"
"8/30/21 23:23","906664.933333333"
"8/30/21 23:24","317733.733333333"
"8/30/21 23:25","238941.066666667"
"8/30/21 23:26","301398.8"
"8/30/21 23:27","230924.266666667"
"8/30/21 23:28","244415.866666667"
"8/30/21 23:29","302116.266666667"
"8/30/21 23:30","415605.066666667"
"8/30/21 23:31","264134.4"
"8/30/21 23:32","211367.066666667"
"8/30/21 23:33","358823.866666667"
"8/30/21 23:34","284518.133333333"
"8/30/21 23:35","361650.266666667"
"8/30/21 23:36","468454.266666667"
"8/30/21 23:37","565045.2"
"8/30/21 23:38","619712.266666667"
"8/30/21 23:39","554383.2"
"8/30/21 23:40","255402.266666667"
"8/30/21 23:41","298025.066666667"
"8/30/21 23:42","338962.0"
"8/30/21 23:43","197074.4"
"8/30/21 23:44","284959.333333333"
"8/30/21 23:45","337019.333333333"




