8/29/2021 0:00,28941.57333
8/29/2021 0:05,29188.50667
8/29/2021 0:10,27924.58667
8/29/2021 0:15,29543.86667
8/29/2021 0:20,40800.61333
8/29/2021 0:25,40515.46667
8/29/2021 0:30,29142.10667
8/29/2021 0:35,29621.97333
8/29/2021 0:40,27504.4
8/29/2021 0:45,28508.64
8/29/2021 0:50,27964.48
8/29/2021 0:55,27347.97333
8/29/2021 1:00,29078.4
8/29/2021 1:05,27374.02667
8/29/2021 1:10,29022.29333
8/29/2021 1:15,27449.33333
8/29/2021 1:20,28485.86667
8/29/2021 1:25,29334.42667
8/29/2021 1:30,27709.92
8/29/2021 1:35,27398.61333
8/29/2021 1:40,28787.89333
8/29/2021 1:45,25883.17333
8/29/2021 1:50,26052.08
8/29/2021 1:55,25216.18667
8/29/2021 2:00,25386.29333
8/29/2021 2:05,24992.88
8/29/2021 2:10,25885.30667
8/29/2021 2:15,25546.77333
8/29/2021 2:20,26982.98667
8/29/2021 2:25,24913.2
8/29/2021 2:30,27728.96
8/29/2021 2:35,26616.21333
8/29/2021 2:40,29321.57333
8/29/2021 2:45,28249.65333
8/29/2021 2:50,28603.14667
8/29/2021 2:55,27273.28
8/29/2021 3:00,27169.54667
8/29/2021 3:05,29443.57333
8/29/2021 3:10,28123.73333
8/29/2021 3:15,29176.32
8/29/2021 3:20,29825.46667
8/29/2021 3:25,30470.21333
8/29/2021 3:30,28616.53333
8/29/2021 3:35,28565.06667
8/29/2021 3:40,30484.77333
8/29/2021 3:45,28120.58667
8/29/2021 3:50,28098.50667
8/29/2021 3:55,27699.28
8/29/2021 4:00,30138.8
8/29/2021 4:05,28141.36
8/29/2021 4:10,29592.66667
8/29/2021 4:15,29716.72
8/29/2021 4:20,27356.96
8/29/2021 4:25,29096.10667
8/29/2021 4:30,29003.46667
8/29/2021 4:35,31356.16
8/29/2021 4:40,27506.10667
8/29/2021 4:45,28557.70667
8/29/2021 4:50,29503.44
8/29/2021 4:55,28297.01333
8/29/2021 5:00,28554.13333
8/29/2021 5:05,29494.08
8/29/2021 5:10,29191.6
8/29/2021 5:15,27476.45333
8/29/2021 5:20,27818.90667
8/29/2021 5:25,27748.53333
8/29/2021 5:30,28191.38667
8/29/2021 5:35,27308.69333
8/29/2021 5:40,29082.66667
8/29/2021 5:45,28832.05333
8/29/2021 5:50,28976.82667
8/29/2021 5:55,29013.65333
8/29/2021 6:00,28474.21333
8/29/2021 6:05,27265.86667
8/29/2021 6:10,27891.30667
8/29/2021 6:15,28370.58667
8/29/2021 6:20,27563.70667
8/29/2021 6:25,28077.94667
8/29/2021 6:30,27533.57333
8/29/2021 6:35,27426.16
8/29/2021 6:40,29700.88
8/29/2021 6:45,29307.70667
8/29/2021 6:50,29836.85333
8/29/2021 6:55,27519.76
8/29/2021 7:00,30870.42667
8/29/2021 7:05,29632.37333
8/29/2021 7:10,29620.96
8/29/2021 7:15,28918.88
8/29/2021 7:20,29724.10667
8/29/2021 7:25,27112.90667
8/29/2021 7:30,27439.17333
8/29/2021 7:35,28132.72
8/29/2021 7:40,27908.72
8/29/2021 7:45,27633.28
8/29/2021 7:50,27504.56
8/29/2021 7:55,29325.6
8/29/2021 8:00,27310.48
8/29/2021 8:05,27956.61333
8/29/2021 8:10,28073.81333
8/29/2021 8:15,26403.54667
8/29/2021 8:20,28843.84
8/29/2021 8:25,27881.17333
8/29/2021 8:30,29111.54667
8/29/2021 8:35,27800.02667
8/29/2021 8:40,27930.37333
8/29/2021 8:45,28284.64
8/29/2021 8:50,27634.08
8/29/2021 8:55,28220.74667
8/29/2021 9:00,28462.93333
8/29/2021 9:05,26863.70667
8/29/2021 9:10,25431.44
8/29/2021 9:15,27928.18667
8/29/2021 9:20,26767.17333
8/29/2021 9:25,25561.73333
8/29/2021 9:30,28669.2
8/29/2021 9:35,30913.06667
8/29/2021 9:40,28108.26667
8/29/2021 9:45,27385.09333
8/29/2021 9:50,27585.25333
8/29/2021 9:55,29037.97333
8/29/2021 10:00,42272.10667
8/29/2021 10:05,27172.69333
8/29/2021 10:10,28075.70667
8/29/2021 10:15,24873.36
8/29/2021 10:20,25322.72
8/29/2021 10:25,26073.54667
8/29/2021 10:30,25141.54667
8/29/2021 10:35,26227.06667
8/29/2021 10:40,26304.53333
8/29/2021 10:45,22714.05333
8/29/2021 10:50,60923.73333
8/29/2021 10:55,25647.49333
8/29/2021 11:00,25934.37333
8/29/2021 11:05,28947.65333
8/29/2021 11:10,26611.94667
8/29/2021 11:15,30898.58667
8/29/2021 11:20,26111.2
8/29/2021 11:25,26618.48
8/29/2021 11:30,33119.70667
8/29/2021 11:35,28015.33333
8/29/2021 11:40,27102.24
8/29/2021 11:45,27812.08
8/29/2021 11:50,29341.12
8/29/2021 11:55,29035.97333
8/29/2021 12:00,28517.09333
8/29/2021 12:05,28848.61333
8/29/2021 12:10,27632.69333
8/29/2021 12:15,29816.45333
8/29/2021 12:20,29009.6
8/29/2021 12:25,28162.82667
8/29/2021 12:30,22113.06667
8/29/2021 12:35,37718.21333
8/29/2021 12:40,28254.69333
8/29/2021 12:45,25938.61333
8/29/2021 12:50,26833.25333
8/29/2021 12:55,27395.97333
8/29/2021 13:00,27613.30667
8/29/2021 13:05,26562.42667
8/29/2021 13:10,27095.01333
8/29/2021 13:15,27397.14667
8/29/2021 13:20,30451.78667
8/29/2021 13:25,23265.30667
8/29/2021 13:30,27068.64
8/29/2021 13:35,23558.42667
8/29/2021 13:40,27615.92
8/29/2021 13:45,34039.38667
8/29/2021 13:50,29185.28
8/29/2021 13:55,32380.29333
8/29/2021 14:00,28497.73333
8/29/2021 14:05,31259.54667
8/29/2021 14:10,31287.92
8/29/2021 14:11,
8/29/2021 14:12,28038.66667
8/29/2021 14:13,25006.93333
8/29/2021 14:14,27521.06667
8/29/2021 14:15,30728.93333
8/29/2021 14:16,32232.13333
8/29/2021 14:17,29800.53333
8/29/2021 14:18,29923.86667
8/29/2021 14:19,28821.06667
8/29/2021 14:20,29235.2
8/29/2021 14:21,29729.86667
8/29/2021 14:22,29012.53333
8/29/2021 14:23,34268.13333
8/29/2021 14:24,27807.2
8/29/2021 14:25,30221.33333
8/29/2021 14:26,25949.06667
8/29/2021 14:27,31666.4
8/29/2021 14:28,34802
8/29/2021 14:29,31697.33333
8/29/2021 14:30,26285.06667
8/29/2021 14:31,27267.73333
8/29/2021 14:32,29517.2
8/29/2021 14:33,32388.13333
8/29/2021 14:34,31648.66667
8/29/2021 14:35,32202.13333
8/29/2021 14:36,33476.93333
8/29/2021 14:37,27803.2
8/29/2021 14:38,25291.6
8/29/2021 14:39,28070.8
8/29/2021 14:40,31966.4
8/29/2021 14:41,30461.2
8/29/2021 14:42,27723.46667
8/29/2021 14:43,28682.66667
8/29/2021 14:44,29052.8
8/29/2021 14:45,29058.66667
8/29/2021 14:46,26553.6
8/29/2021 14:47,28631.2
8/29/2021 14:48,26406.26667
8/29/2021 14:49,30657.2
8/29/2021 14:50,30222
8/29/2021 14:51,29416
8/29/2021 14:52,29408.26667
8/29/2021 14:53,33411.2
8/29/2021 14:54,25266.53333
8/29/2021 14:55,26912
8/29/2021 14:56,34170.53333
8/29/2021 14:57,43571.73333
8/29/2021 14:58,30995.73333
8/29/2021 14:59,51587.6
8/29/2021 15:00,30673.86667
8/29/2021 15:01,29992.8
8/29/2021 15:02,29875.86667
8/29/2021 15:03,32468.4
8/29/2021 15:04,34208.13333
8/29/2021 15:05,30408.53333
8/29/2021 15:06,28994.53333
8/29/2021 15:07,28000.4
8/29/2021 15:08,28555.06667
8/29/2021 15:09,91322.93333
8/29/2021 15:10,34690.13333
8/29/2021 15:11,29689.6
8/29/2021 15:12,26610.4
8/29/2021 15:13,33516.93333
8/29/2021 15:14,33877.46667
8/29/2021 15:15,31931.06667
8/29/2021 15:16,26201.6
8/29/2021 15:17,30239.33333
8/29/2021 15:18,28046.13333
8/29/2021 15:19,28604.13333
8/29/2021 15:20,29480.66667
8/29/2021 15:21,32758.66667
8/29/2021 15:22,24608.8
8/29/2021 15:23,36502.26667
8/29/2021 15:24,26809.06667
8/29/2021 15:25,27480
8/29/2021 15:26,28221.73333
8/29/2021 15:27,28867.06667
8/29/2021 15:28,28320.26667
8/29/2021 15:29,36952.53333
8/29/2021 15:30,34905.46667
8/29/2021 15:31,37751.73333
8/29/2021 15:32,34019.86667
8/29/2021 15:33,29728.53333
8/29/2021 15:34,26565.73333
8/29/2021 15:35,28347.33333
8/29/2021 15:36,33028.8
8/29/2021 15:37,31143.73333
8/29/2021 15:38,28312.8
8/29/2021 15:39,32849.6
8/29/2021 15:40,29233.6
8/29/2021 15:41,25528.4
8/29/2021 15:42,33239.73333
8/29/2021 15:43,34951.46667
8/29/2021 15:44,31346.13333
8/29/2021 15:45,30457.06667
8/29/2021 15:46,28610.4
8/29/2021 15:47,32082
8/29/2021 15:48,29512.66667
8/29/2021 15:49,29299.33333
8/29/2021 15:50,28178.13333
8/29/2021 15:51,29002.8
8/29/2021 15:52,26865.06667
8/29/2021 15:53,27689.46667
8/29/2021 15:54,28390.13333
8/29/2021 15:55,29702.4
8/29/2021 15:56,29943.2
8/29/2021 15:57,28838.8
8/29/2021 15:58,27617.06667
8/29/2021 15:59,29602.8
8/29/2021 16:00,30337.2
8/29/2021 16:01,28236.13333
8/29/2021 16:02,31631.6
8/29/2021 16:03,36634.13333
8/29/2021 16:04,37216.66667
8/29/2021 16:05,34229.06667
8/29/2021 16:06,32887.06667
8/29/2021 16:07,33203.33333
8/29/2021 16:08,30653.06667
8/29/2021 16:09,38708.26667
8/29/2021 16:10,27249.2
8/29/2021 16:11,31383.6
8/29/2021 16:12,27993.86667
8/29/2021 16:13,29368.26667
8/29/2021 16:14,53335.86667
8/29/2021 16:15,29441.06667
8/29/2021 16:16,30610.8
8/29/2021 16:17,33971.6
8/29/2021 16:18,32166.66667
8/29/2021 16:19,36900.4
8/29/2021 16:20,693962.2667
8/29/2021 16:21,798089.3333
8/29/2021 16:22,739312.5333
8/29/2021 16:23,643788.5333
8/29/2021 16:24,741820.5333
8/29/2021 16:25,708401.7333
8/29/2021 16:26,645809.3333
8/29/2021 16:27,752406
8/29/2021 16:28,804411.7333
8/29/2021 16:29,642707.4667
8/29/2021 16:30,743178.1333
8/29/2021 16:31,950854.1333
8/29/2021 16:32,1054651.867
8/29/2021 16:33,2247915.067
8/29/2021 16:34,2402644.533
8/29/2021 16:35,2016034.533
8/29/2021 16:36,875935.7333
8/29/2021 16:37,829286.6667
8/29/2021 16:38,895587.4667
8/29/2021 16:39,878452.9333
8/29/2021 16:40,1857600
8/29/2021 16:41,1869494.667
8/29/2021 16:42,710621.6
8/29/2021 16:43,794246
8/29/2021 16:44,776742.8
8/29/2021 16:45,741017.8667
8/29/2021 16:46,1669298.4
8/29/2021 16:47,623511.6
8/29/2021 16:48,511470.2667
8/29/2021 16:49,34232.66667
8/29/2021 16:50,731779.0667
8/29/2021 16:51,1319111.867
8/29/2021 16:52,705330
8/29/2021 16:53,1271246
8/29/2021 16:54,460936.6667
8/29/2021 16:55,1240345.2
8/29/2021 16:56,302723.7333
8/29/2021 16:57,24269.46667
8/29/2021 16:58,50466.53333
8/29/2021 16:59,19.2
8/29/2021 17:00,0
8/29/2021 17:01,0
8/29/2021 17:02,0
8/29/2021 17:03,0
8/29/2021 17:04,0
8/29/2021 17:05,0
8/29/2021 17:06,0
8/29/2021 17:07,0
8/29/2021 17:08,0
8/29/2021 17:09,0
8/29/2021 17:10,0
8/29/2021 17:11,0
8/29/2021 17:12,0
8/29/2021 17:13,0
8/29/2021 17:14,0
8/29/2021 17:15,0
8/29/2021 17:16,0
8/29/2021 17:17,0
8/29/2021 17:18,0
8/29/2021 17:19,0
8/29/2021 17:20,0
8/29/2021 17:21,0
8/29/2021 17:22,0
8/29/2021 17:23,0
8/29/2021 17:24,285273.7333
8/29/2021 17:25,1456791.067
8/29/2021 17:26,1086750.533
8/29/2021 17:27,1126508.4
8/29/2021 17:28,1934944.667
8/29/2021 17:29,816881.7333
8/29/2021 17:30,2002313.067
8/29/2021 17:31,1249799.067
8/29/2021 17:32,1093502.267
8/29/2021 17:33,1174567.067
8/29/2021 17:34,2141604.4
8/29/2021 17:35,878277.8667
8/29/2021 17:36,1019613.2
8/29/2021 17:37,997885.0667
8/29/2021 17:38,1030109.733
8/29/2021 17:39,1180523.333
8/29/2021 17:40,2064139.467
8/29/2021 17:41,2221190.4
8/29/2021 17:42,998982.5333
8/29/2021 17:43,683104.8
8/29/2021 17:44,1208818
8/29/2021 17:45,1467836.8
8/29/2021 17:46,2373059.6
8/29/2021 17:47,1519288.267
8/29/2021 17:48,1457197.6
8/29/2021 17:49,1810997.867
8/29/2021 17:50,2458333.2
8/29/2021 17:51,2255871.6
8/29/2021 17:52,1801092.933
8/29/2021 17:53,2080448
8/29/2021 17:54,1356800.533
8/29/2021 17:55,992241.6
8/29/2021 17:56,1467380.133
8/29/2021 17:57,1774996.4
8/29/2021 17:58,1163771.067
8/29/2021 17:59,1074293.333
8/29/2021 18:00,1173543.2
8/29/2021 18:01,1451422
8/29/2021 18:02,1461159.6
8/29/2021 18:03,1205622.133
8/29/2021 18:04,1402277.067
8/29/2021 18:05,1335355.067
8/29/2021 18:06,1098660.667
8/29/2021 18:07,1353561.867
8/29/2021 18:08,2084910.533
8/29/2021 18:09,1502531.333
8/29/2021 18:10,1446224.4
8/29/2021 18:11,1562065.467
8/29/2021 18:12,2126954.533
8/29/2021 18:13,1655765.867
8/29/2021 18:14,1408168.933
8/29/2021 18:15,1675511.733
8/29/2021 18:16,1702356.8
8/29/2021 18:17,1100346.4
8/29/2021 18:18,1232376.667
8/29/2021 18:19,1412838.667
8/29/2021 18:20,1683482.933
8/29/2021 18:21,1571938.8
8/29/2021 18:22,1098684.533
8/29/2021 18:23,1167452.667
8/29/2021 18:24,1066390
8/29/2021 18:25,1168062
8/29/2021 18:26,1247760.4
8/29/2021 18:27,1066127.733
8/29/2021 18:28,1129017.733
8/29/2021 18:29,1356716.933
8/29/2021 18:30,1140986.933
8/29/2021 18:31,1044149.2
8/29/2021 18:32,1111094.933
8/29/2021 18:33,1334480.133
8/29/2021 18:34,2260123.2
8/29/2021 18:35,1525448
8/29/2021 18:36,1329038
8/29/2021 18:37,1221715.2
8/29/2021 18:38,1247732.133
8/29/2021 18:39,1368739.467
8/29/2021 18:40,2267810.8
8/29/2021 18:41,2184272
8/29/2021 18:42,944029.8667
8/29/2021 18:43,1104098.667
8/29/2021 18:44,1329363.333
8/29/2021 18:45,1198592.133
8/29/2021 18:46,2437567.867
8/29/2021 18:47,1431508.667
8/29/2021 18:48,1703852.4
8/29/2021 18:49,1532076.533
8/29/2021 18:50,2336540.267
8/29/2021 18:51,2303789.733
8/29/2021 18:52,1270142
8/29/2021 18:53,2242150.933
8/29/2021 18:54,1407567.733
8/29/2021 18:55,1268014.133
8/29/2021 18:56,2281072
8/29/2021 18:57,1461726.8
8/29/2021 18:58,1545845.467
8/29/2021 18:59,1653624.933
8/29/2021 19:00,1652751.467
8/29/2021 19:01,1230206.8
8/29/2021 19:02,1310343.733
8/29/2021 19:03,1208405.333
8/29/2021 19:04,1082716.533
8/29/2021 19:05,1071777.333
8/29/2021 19:06,1116872.533
8/29/2021 19:07,1153156.8
8/29/2021 19:08,2257349.867
8/29/2021 19:09,1630045.333
8/29/2021 19:10,1121760.267
8/29/2021 19:11,1109443.6
8/29/2021 19:12,940263.8667
8/29/2021 19:13,817943.2
8/29/2021 19:14,1083088.267
8/29/2021 19:15,1284541.467
8/29/2021 19:16,1288326
8/29/2021 19:17,1330644
8/29/2021 19:18,1207616.267
8/29/2021 19:19,1248080
8/29/2021 19:20,1236406.667
8/29/2021 19:21,1310568.4
8/29/2021 19:22,716768.4
8/29/2021 19:23,836672
8/29/2021 19:24,785878
8/29/2021 19:25,722475.2
8/29/2021 19:26,725814.9333
8/29/2021 19:27,802036.8
8/29/2021 19:28,682276.1333
8/29/2021 19:29,688276
8/29/2021 19:30,703870.9333
8/29/2021 19:31,799279.2
8/29/2021 19:32,731243.2
8/29/2021 19:33,881727.3333
8/29/2021 19:34,1976494.533
8/29/2021 19:35,786445.8667
8/29/2021 19:36,715518
8/29/2021 19:37,877516
8/29/2021 19:38,1168926.8
8/29/2021 19:39,1165590
8/29/2021 19:40,2168051.867
8/29/2021 19:41,2190861.333
8/29/2021 19:42,813300
8/29/2021 19:43,821714.2667
8/29/2021 19:44,950810.2667
8/29/2021 19:45,1395133.733
8/29/2021 19:46,2331911.867
8/29/2021 19:47,949214
8/29/2021 19:48,1067571.067
8/29/2021 19:49,1534979.333
8/29/2021 19:50,2220749.2
8/29/2021 19:51,1097489.733
8/29/2021 19:52,1384328.8
8/29/2021 19:53,2147970
8/29/2021 19:54,779370.5333
8/29/2021 19:55,854858.6667
8/29/2021 19:56,1967602.533
8/29/2021 19:57,1086562
8/29/2021 19:58,937767.8667
8/29/2021 19:59,841415.0667
8/29/2021 20:00,929248.9333
8/29/2021 20:01,927215.8667
8/29/2021 20:02,1089485.2
8/29/2021 20:03,792555.6
8/29/2021 20:04,1083150.533
8/29/2021 20:05,760658.9333
8/29/2021 20:06,892814
8/29/2021 20:07,725298.9333
8/29/2021 20:08,2040906.667
8/29/2021 20:09,945694.6667
8/29/2021 20:10,733310.5333
8/29/2021 20:11,721997.6
8/29/2021 20:12,821920.6667
8/29/2021 20:13,801374.4
8/29/2021 20:14,709086
8/29/2021 20:15,731431.4667
8/29/2021 20:16,919402.2667
8/29/2021 20:17,697979.6
8/29/2021 20:18,870927.4667
8/29/2021 20:19,875350.8
8/29/2021 20:20,789622.4
8/29/2021 20:21,770891.0667
8/29/2021 20:22,762165.8667
8/29/2021 20:23,729967.3333
8/29/2021 20:24,1073761.333
8/29/2021 20:25,811249.4667
8/29/2021 20:26,754662.6667
8/29/2021 20:27,958446.8
8/29/2021 20:28,906934.2667
8/29/2021 20:29,862798.6667
8/29/2021 20:30,871066.9333
8/29/2021 20:31,876196.4
8/29/2021 20:32,1268929.067
8/29/2021 20:33,1318961.6
8/29/2021 20:34,2044246.533
8/29/2021 20:35,738388.8
8/29/2021 20:36,696470.6667
8/29/2021 20:37,691284.2667
8/29/2021 20:38,757031.7333
8/29/2021 20:39,834742.5333
8/29/2021 20:40,1955029.867
8/29/2021 20:41,1773619.733
8/29/2021 20:42,712595.8667
8/29/2021 20:43,746312.8
8/29/2021 20:44,778594.8
8/29/2021 20:45,1050286.533
8/29/2021 20:46,1949908.4
8/29/2021 20:47,809258.4
8/29/2021 20:48,777662.5333
8/29/2021 20:49,769144.8
8/29/2021 20:50,1970462.667
8/29/2021 20:51,941156.8
8/29/2021 20:52,970937.8667
8/29/2021 20:53,1815688.4
8/29/2021 20:54,876335.8667
8/29/2021 20:55,838681.8667
8/29/2021 20:56,2143386.8
8/29/2021 20:57,763839.2
8/29/2021 20:58,765619.3333
8/29/2021 20:59,778679.7333
8/29/2021 21:00,899351.3333
8/29/2021 21:01,730145.2
8/29/2021 21:02,740319.2
8/29/2021 21:03,1106483.333
8/29/2021 21:04,1234350.4
8/29/2021 21:05,856247.0667
8/29/2021 21:06,1221922.667
8/29/2021 21:07,1284426.533
8/29/2021 21:08,2126814.267
8/29/2021 21:09,1507342.933
8/29/2021 21:10,1850220.667
8/29/2021 21:11,1594566.667
8/29/2021 21:12,1582965.2
8/29/2021 21:13,1732729.733
8/29/2021 21:14,1510724.933
8/29/2021 21:15,1802453.333
8/29/2021 21:16,1719825.067
8/29/2021 21:17,1496603.067
8/29/2021 21:18,1219727.2
8/29/2021 21:19,1080966.8
8/29/2021 21:20,813165.6
8/29/2021 21:21,730388.5333
8/29/2021 21:22,653733.3333
8/29/2021 21:23,722320.1333
8/29/2021 21:24,734719.8667
8/29/2021 21:25,666222.6667
8/29/2021 21:26,777078.5333
8/29/2021 21:27,782589.7333
8/29/2021 21:28,775684.2667
8/29/2021 21:29,973250.4
8/29/2021 21:30,1147265.6
8/29/2021 21:31,1138174.133
8/29/2021 21:32,1180275.867
8/29/2021 21:33,1043230.667
8/29/2021 21:34,1851634.4
8/29/2021 21:35,952866.9333
8/29/2021 21:36,737989.3333
8/29/2021 21:37,660546.1333
8/29/2021 21:38,673759.3333
8/29/2021 21:39,791616
8/29/2021 21:40,2014843.467
8/29/2021 21:41,1931706.667
8/29/2021 21:42,723018.4
8/29/2021 21:43,707710.9333
8/29/2021 21:44,820324.6667
8/29/2021 21:45,1032668.133
8/29/2021 21:46,1918709.2
8/29/2021 21:47,746870.8
8/29/2021 21:48,764534.5333
8/29/2021 21:49,994815.0667
8/29/2021 21:50,1916158.8
8/29/2021 21:51,932741.0667
8/29/2021 21:52,833439.0667
8/29/2021 21:53,1902201.733
8/29/2021 21:54,764304.4
8/29/2021 21:55,900257.2
8/29/2021 21:56,2040599.867
8/29/2021 21:57,731237.4667
8/29/2021 21:58,768366.1333
8/29/2021 21:59,772728.2667
8/29/2021 22:00,785474.1333
8/29/2021 22:01,703329.4667
8/29/2021 22:02,805535.4667
8/29/2021 22:03,746198.4
8/29/2021 22:04,754222.1333
8/29/2021 22:05,761208
8/29/2021 22:06,855733.7333
8/29/2021 22:07,725341.3333
8/29/2021 22:08,1908997.067
8/29/2021 22:09,983601.8667
8/29/2021 22:10,755062.2667
8/29/2021 22:11,881651.0667
8/29/2021 22:12,768549.4667
8/29/2021 22:13,891465.3333
8/29/2021 22:14,828879.4667
8/29/2021 22:15,704218.1333
8/29/2021 22:16,774517.4667
8/29/2021 22:17,653513.7333
8/29/2021 22:18,815724.8
8/29/2021 22:19,893004.9333
8/29/2021 22:20,941574.5333
8/29/2021 22:21,1943130.933
8/29/2021 22:22,733538.8
8/29/2021 22:23,720652.5333
8/29/2021 22:24,797297.2
8/29/2021 22:25,756318.6667
8/29/2021 22:26,863666.6667
8/29/2021 22:27,1001038.933
8/29/2021 22:28,710201.4667
8/29/2021 22:29,812360.2667
8/29/2021 22:30,855427.2
8/29/2021 22:31,790499.4667
8/29/2021 22:32,712537.0667
8/29/2021 22:33,857876.1333
8/29/2021 22:34,1859450.8
8/29/2021 22:35,812504.5333
8/29/2021 22:36,742315.6
8/29/2021 22:37,754909.7333
8/29/2021 22:38,768371.7333
8/29/2021 22:39,916144.9333
8/29/2021 22:40,1971011.6
8/29/2021 22:41,876810.9333
8/29/2021 22:42,832667.7333
8/29/2021 22:43,767514.8
8/29/2021 22:44,981318.5333
8/29/2021 22:45,912516.5333
8/29/2021 22:46,1986597.733
8/29/2021 22:47,750008.6667
8/29/2021 22:48,896494.6667
8/29/2021 22:49,942080.5333
8/29/2021 22:50,1972962.667
8/29/2021 22:51,885018.8
8/29/2021 22:52,803153.8667
8/29/2021 22:53,1831476
8/29/2021 22:54,903101.2
8/29/2021 22:55,945087.4667
8/29/2021 22:56,1822770.533
8/29/2021 22:57,1076343.6
8/29/2021 22:58,1248424.667
8/29/2021 22:59,849834.5333
8/29/2021 23:00,794322.5333
8/29/2021 23:01,882215.2
8/29/2021 23:02,863352.9333
8/29/2021 23:03,1268277.333
8/29/2021 23:04,774111.7333
8/29/2021 23:05,755140.8
8/29/2021 23:06,736328
8/29/2021 23:07,1319972.533
8/29/2021 23:08,1968674.933
8/29/2021 23:09,1149175.333
8/29/2021 23:10,1184324.933
8/29/2021 23:11,873319.3333
8/29/2021 23:12,1253681.733
8/29/2021 23:13,797000.1333
8/29/2021 23:14,774961.6
8/29/2021 23:15,773284.6667
8/29/2021 23:16,892066.4
8/29/2021 23:17,957972
8/29/2021 23:18,1352973.733
8/29/2021 23:19,1068469.733
8/29/2021 23:20,1754223.2
8/29/2021 23:21,2466956.267
8/29/2021 23:22,1844549.067
8/29/2021 23:23,769236.6667
8/29/2021 23:24,969999.7333
8/29/2021 23:25,799891.2
8/29/2021 23:26,1180077.867
8/29/2021 23:27,799079.6
8/29/2021 23:28,709339.2
8/29/2021 23:29,782283.4667
8/29/2021 23:30,800344.1333
8/29/2021 23:31,774976.6667
8/29/2021 23:32,805871.3333
8/29/2021 23:33,947337.2
8/29/2021 23:34,2007524.4
8/29/2021 23:35,843359.6
8/29/2021 23:36,785988.8
8/29/2021 23:37,854144.9333
8/29/2021 23:38,823644.9333
8/29/2021 23:39,1311649.867
8/29/2021 23:40,2015277.6
8/29/2021 23:41,872014.9333
8/29/2021 23:42,845441.4667
8/29/2021 23:43,809830.2667
8/29/2021 23:44,809625.3333
8/29/2021 23:45,1050050.4
8/29/2021 23:46,2023716.4
8/29/2021 23:47,777588.4
8/29/2021 23:48,753237.3333
8/29/2021 23:49,965638.8
8/29/2021 23:50,1951717.2
8/29/2021 23:51,1221744.267
8/29/2021 23:52,1012350.4
8/29/2021 23:53,1911182.933
8/29/2021 23:54,805835.4667
8/29/2021 23:55,1057547.333
8/29/2021 23:56,2165477.6
8/29/2021 23:57,932924.9333
8/29/2021 23:58,790053.0667
8/29/2021 23:59,820836.8
8/30/2021 0:00,839476.5333
8/30/2021 0:01,758239.6
8/30/2021 0:02,845538.4
8/30/2021 0:03,803010.5333
8/30/2021 0:04,842553.2
8/30/2021 0:05,779231.7333
8/30/2021 0:06,840612.6667
8/30/2021 0:07,748274.4
8/30/2021 0:08,2059674.133
8/30/2021 0:09,825030.8
8/30/2021 0:10,782615.2
8/30/2021 0:11,694880.8
8/30/2021 0:12,731372.9333
8/30/2021 0:13,722456.2667
8/30/2021 0:14,681029.7333
8/30/2021 0:15,692572.6667
8/30/2021 0:16,680558.1333
8/30/2021 0:17,714178.6667
8/30/2021 0:18,741743.3333
8/30/2021 0:19,680939.2
8/30/2021 0:20,793148.8
8/30/2021 0:21,1814287.6
8/30/2021 0:22,676842.5333
8/30/2021 0:23,671514.9333
8/30/2021 0:24,716616.9333
8/30/2021 0:25,681356.1333
8/30/2021 0:26,717113.6
8/30/2021 0:27,725500.6667
8/30/2021 0:28,688290.8
8/30/2021 0:29,746402.2667
8/30/2021 0:30,688779.2
8/30/2021 0:31,636153.6
8/30/2021 0:32,760476.9333
8/30/2021 0:33,806297.6
8/30/2021 0:34,2051677.2
8/30/2021 0:35,680533.2
8/30/2021 0:36,929332.9333
8/30/2021 0:37,741458.2667
8/30/2021 0:38,701970.9333
8/30/2021 0:39,909863.8667
8/30/2021 0:40,1993535.467
8/30/2021 0:41,726627.2
8/30/2021 0:42,1032474.667
8/30/2021 0:43,778890
8/30/2021 0:44,812562.1333
8/30/2021 0:45,901681.2
8/30/2021 0:46,1850096.267
8/30/2021 0:47,737031.4667
8/30/2021 0:48,730170.2667
8/30/2021 0:49,863472.2667
8/30/2021 0:50,2022823.067
8/30/2021 0:51,716791.8667
8/30/2021 0:52,816230.9333
8/30/2021 0:53,1783117.333
8/30/2021 0:54,673881.7333
8/30/2021 0:55,904122
8/30/2021 0:56,1917539.467
8/30/2021 0:57,1273049.733
8/30/2021 0:58,665583.7333
8/30/2021 0:59,760567.2
8/30/2021 1:00,741849.8667
8/30/2021 1:01,697737.0667
8/30/2021 1:02,835255.2
8/30/2021 1:03,833902.6667
8/30/2021 1:04,761153.7333
8/30/2021 1:05,847181.6
8/30/2021 1:06,863704.5333
8/30/2021 1:07,652590.1333
8/30/2021 1:08,1974106.267
8/30/2021 1:09,800947.3333
8/30/2021 1:10,746187.6
8/30/2021 1:11,854753.6
8/30/2021 1:12,717056.9333
8/30/2021 1:13,691452
8/30/2021 1:14,710898.6667
8/30/2021 1:15,737960.9333
8/30/2021 1:16,726634.5333
8/30/2021 1:17,758475.3333
8/30/2021 1:18,890348.4
8/30/2021 1:19,700165.7333
8/30/2021 1:20,792204.8
8/30/2021 1:21,1809076
8/30/2021 1:22,824269.4667
8/30/2021 1:23,921419.4667
8/30/2021 1:24,715857.3333
8/30/2021 1:25,737997.8667
8/30/2021 1:26,937977.2
8/30/2021 1:27,966830.6667
8/30/2021 1:28,694896.8
8/30/2021 1:29,739040.9333
8/30/2021 1:30,755791.7333
8/30/2021 1:31,659877.2
8/30/2021 1:32,740977.0667
8/30/2021 1:33,1009709.467
8/30/2021 1:34,2022498.533
8/30/2021 1:35,678775.8667
8/30/2021 1:36,714896.9333
8/30/2021 1:37,656690
8/30/2021 1:38,845960.6667
8/30/2021 1:39,974505.8667
8/30/2021 1:40,1838850.8
8/30/2021 1:41,668001.0667
8/30/2021 1:42,739665.2
8/30/2021 1:43,821457.8667
8/30/2021 1:44,680758.1333
8/30/2021 1:45,884998
8/30/2021 1:46,1939044.133
8/30/2021 1:47,935452.5333
8/30/2021 1:48,797056.6667
8/30/2021 1:49,910257.4667
8/30/2021 1:50,2015058.533
8/30/2021 1:51,767085.4667
8/30/2021 1:52,904797.8667
8/30/2021 1:53,1873691.467
8/30/2021 1:54,1067914.4
8/30/2021 1:55,943684.1333
8/30/2021 1:56,1921453.6
8/30/2021 1:57,769523.8667
8/30/2021 1:58,965237.7333
8/30/2021 1:59,761964.1333
8/30/2021 2:00,888836.9333
8/30/2021 2:01,700243.4667
8/30/2021 2:02,782616.5333
8/30/2021 2:03,772033.2
8/30/2021 2:04,710181.4667
8/30/2021 2:05,673284.4
8/30/2021 2:06,721729.0667
8/30/2021 2:07,772257.2
8/30/2021 2:08,1935988.667
8/30/2021 2:09,761159.2
8/30/2021 2:10,691601.6
8/30/2021 2:11,680572.5333
8/30/2021 2:12,728256.1333
8/30/2021 2:13,830805.8667
8/30/2021 2:14,694751.4667
8/30/2021 2:15,661040.9333
8/30/2021 2:16,787703.3333
8/30/2021 2:17,794378.6667
8/30/2021 2:18,890213.8667
8/30/2021 2:19,748999.7333
8/30/2021 2:20,860118.2667
8/30/2021 2:21,1916487.333
8/30/2021 2:22,712353.2
8/30/2021 2:23,709211.8667
8/30/2021 2:24,722911.6
8/30/2021 2:25,738977.0667
8/30/2021 2:26,899858
8/30/2021 2:27,848865.2
8/30/2021 2:28,842901.7333
8/30/2021 2:29,727071.7333
8/30/2021 2:30,798759.3333
8/30/2021 2:31,754710.5333
8/30/2021 2:32,953298.9333
8/30/2021 2:33,856227.4667
8/30/2021 2:34,2154892.667
8/30/2021 2:35,752459.3333
8/30/2021 2:36,748149.3333
8/30/2021 2:37,734057.3333
8/30/2021 2:38,804457.7333
8/30/2021 2:39,868700
8/30/2021 2:40,1804179.6
8/30/2021 2:41,966948.4
8/30/2021 2:42,710082.1333
8/30/2021 2:43,748694.2667
8/30/2021 2:44,918275.3333
8/30/2021 2:45,827408.6667
8/30/2021 2:46,1771540.4
8/30/2021 2:47,865973.0667
8/30/2021 2:48,893406.4
8/30/2021 2:49,850897.3333
8/30/2021 2:50,1980486.533
8/30/2021 2:51,843577.6
8/30/2021 2:52,835622.6667
8/30/2021 2:53,1862789.467
8/30/2021 2:54,759595.6
8/30/2021 2:55,945629.3333
8/30/2021 2:56,1892377.6
8/30/2021 2:57,696413.0667
8/30/2021 2:58,713485.2
8/30/2021 2:59,928593.2
8/30/2021 3:00,992815.4667
8/30/2021 3:01,994745.3333
8/30/2021 3:02,890760
8/30/2021 3:03,921215.7333
8/30/2021 3:04,743321.0667
8/30/2021 3:05,1037910.8
8/30/2021 3:06,695648.2667
8/30/2021 3:07,895092.2667
8/30/2021 3:08,809059.7333
8/30/2021 3:09,711914.4
8/30/2021 3:10,751020
8/30/2021 3:11,833853.6
8/30/2021 3:12,831660.6667
8/30/2021 3:13,779221.0667
8/30/2021 3:14,655034.5333
8/30/2021 3:15,830140.2667
8/30/2021 3:16,804512.9333
8/30/2021 3:17,764038.9333
8/30/2021 3:18,775594.2667
8/30/2021 3:19,837384.6667
8/30/2021 3:20,800602.8
8/30/2021 3:21,835905.0667
8/30/2021 3:22,1008544
8/30/2021 3:23,2019885.733
8/30/2021 3:24,1274692.267
8/30/2021 3:25,1611577.467
8/30/2021 3:26,784818.2667
8/30/2021 3:27,874384.8
8/30/2021 3:28,1901513.733
8/30/2021 3:29,781480.5333
8/30/2021 3:30,727215.7333
8/30/2021 3:31,768804.5333
8/30/2021 3:32,828981.3333
8/30/2021 3:33,883800.1333
8/30/2021 3:34,801148.4
8/30/2021 3:35,846391.0667
8/30/2021 3:36,925443.3333
8/30/2021 3:37,2292953.333
8/30/2021 3:38,1665847.067
8/30/2021 3:39,569036
8/30/2021 3:40,29025.46667
8/30/2021 3:41,662853.3333
8/30/2021 3:42,1002328.267
8/30/2021 3:43,424758.6667
8/30/2021 3:44,11963.06667
8/30/2021 3:45,0
8/30/2021 3:46,0
8/30/2021 3:47,0
8/30/2021 3:48,0
8/30/2021 3:49,0
8/30/2021 3:50,0
8/30/2021 3:51,0
8/30/2021 3:52,0
8/30/2021 3:53,0
8/30/2021 3:54,0
8/30/2021 3:55,0
8/30/2021 3:56,0
8/30/2021 3:57,0
8/30/2021 3:58,0
8/30/2021 3:59,0
8/30/2021 4:00,0
8/30/2021 4:01,0
8/30/2021 4:02,0
8/30/2021 4:03,0
8/30/2021 4:04,0
8/30/2021 4:05,0
8/30/2021 4:06,0
8/30/2021 4:07,0
8/30/2021 4:08,0
8/30/2021 4:09,0
8/30/2021 4:10,0
8/30/2021 4:11,0
8/30/2021 4:12,0
8/30/2021 4:13,0
8/30/2021 4:14,0
8/30/2021 4:15,0
8/30/2021 4:16,0
8/30/2021 4:17,0
8/30/2021 4:18,0
8/30/2021 4:19,0
8/30/2021 4:20,111155.2
8/30/2021 4:21,25384
8/30/2021 4:22,11028.66667
8/30/2021 4:23,21253.33333
8/30/2021 4:24,6019.6
8/30/2021 4:25,16815.46667
8/30/2021 4:26,8196.666667
8/30/2021 4:27,105776.8
8/30/2021 4:28,0
8/30/2021 4:29,0
8/30/2021 4:30,259.6
8/30/2021 4:31,19076.13333
8/30/2021 4:32,384466.2667
8/30/2021 4:33,458029.0667
8/30/2021 4:34,182364.2667
8/30/2021 4:35,1018.8
8/30/2021 4:36,631.4666667
8/30/2021 4:37,0
8/30/2021 4:38,0
8/30/2021 4:39,0
8/30/2021 4:40,0
8/30/2021 4:41,0
8/30/2021 4:42,0
8/30/2021 4:43,0
8/30/2021 4:44,0
8/30/2021 4:45,0
8/30/2021 4:46,0
8/30/2021 4:47,0
8/30/2021 4:48,0
8/30/2021 4:49,0
8/30/2021 4:50,0
8/30/2021 4:51,0
8/30/2021 4:52,0
8/30/2021 4:53,0
8/30/2021 4:54,0
8/30/2021 4:55,0
8/30/2021 4:56,0
8/30/2021 4:57,13514.93333
8/30/2021 4:58,40932
8/30/2021 4:59,0
8/30/2021 5:00,0
8/30/2021 5:01,0
8/30/2021 5:02,0
8/30/2021 5:03,0
8/30/2021 5:04,0
8/30/2021 5:05,0
8/30/2021 5:06,36772.93333
8/30/2021 5:07,407549.2
8/30/2021 5:08,1231282
8/30/2021 5:09,874615.3333
8/30/2021 5:10,788940.9333
8/30/2021 5:11,973632.2667
8/30/2021 5:12,1070947.333
8/30/2021 5:13,867425.0667
8/30/2021 5:14,1958732.4
8/30/2021 5:15,797893.8667
8/30/2021 5:16,726429.6
8/30/2021 5:17,644307.6
8/30/2021 5:18,701342
8/30/2021 5:19,665650.8
8/30/2021 5:20,665582.4
8/30/2021 5:21,673140.6667
8/30/2021 5:22,677237.6
8/30/2021 5:23,716080.4
8/30/2021 5:24,693415.2
8/30/2021 5:25,730750.4
8/30/2021 5:26,819701.4667
8/30/2021 5:27,769254.2667
8/30/2021 5:28,1761484.133
8/30/2021 5:29,665127.7333
8/30/2021 5:30,664207.6
8/30/2021 5:31,676381.4667
8/30/2021 5:32,655388.1333
8/30/2021 5:33,772004.2667
8/30/2021 5:34,910116
8/30/2021 5:35,707269.4667
8/30/2021 5:36,940905.2
8/30/2021 5:37,2405528
8/30/2021 5:38,1247322
8/30/2021 5:39,760302.6667
8/30/2021 5:40,661607.8667
8/30/2021 5:41,662722.4
8/30/2021 5:42,673043.2
8/30/2021 5:43,679675.3333
8/30/2021 5:44,743506
8/30/2021 5:45,1048714.8
8/30/2021 5:46,682255.6
8/30/2021 5:47,684395.6
8/30/2021 5:48,125489.3333
8/30/2021 5:49,0
8/30/2021 5:50,0
8/30/2021 5:51,0
8/30/2021 5:52,0
8/30/2021 5:53,0
8/30/2021 5:54,0
8/30/2021 5:55,0
8/30/2021 5:56,0
8/30/2021 5:57,0
8/30/2021 5:58,0
8/30/2021 5:59,0
8/30/2021 6:00,0
8/30/2021 6:01,0
8/30/2021 6:02,0
8/30/2021 6:03,0
8/30/2021 6:04,0
8/30/2021 6:05,0
8/30/2021 6:06,0
8/30/2021 6:07,0
8/30/2021 6:08,0
8/30/2021 6:09,0
8/30/2021 6:10,14686.53333
8/30/2021 6:11,162992.5333
8/30/2021 6:12,1121851.067
8/30/2021 6:13,437260
8/30/2021 6:14,0
8/30/2021 6:15,7867.733333
8/30/2021 6:16,722954.6667
8/30/2021 6:17,1382131.733
8/30/2021 6:18,1128238.933
8/30/2021 6:19,621186
8/30/2021 6:20,893705.3333
8/30/2021 6:21,754884.9333
8/30/2021 6:22,950878.2667
8/30/2021 6:23,273751.4667
8/30/2021 6:24,459711.6
8/30/2021 6:25,944887.3333
8/30/2021 6:26,743107.0667
8/30/2021 6:27,600402.9333
8/30/2021 6:28,1771496.267
8/30/2021 6:29,603358
8/30/2021 6:30,623530.8
8/30/2021 6:31,652829.3333
8/30/2021 6:32,623253.8667
8/30/2021 6:33,603846.9333
8/30/2021 6:34,673668.1333
8/30/2021 6:35,587306.2667
8/30/2021 6:36,923543.4667
8/30/2021 6:37,2527157.6
8/30/2021 6:38,1161880.267
8/30/2021 6:39,732120
8/30/2021 6:40,694427.8667
8/30/2021 6:41,655737.7333
8/30/2021 6:42,740407.8667
8/30/2021 6:43,698192.8
8/30/2021 6:44,636925.7333
8/30/2021 6:45,606931.7333
8/30/2021 6:46,742928.1333
8/30/2021 6:47,693341.8667
8/30/2021 6:48,704971.4667
8/30/2021 6:49,719671.8667
8/30/2021 6:50,607583.6
8/30/2021 6:51,680701.6
8/30/2021 6:52,643507.8667
8/30/2021 6:53,765670.1333
8/30/2021 6:54,790777.6
8/30/2021 6:55,780019.3333
8/30/2021 6:56,772536.2667
8/30/2021 6:57,759408.6667
8/30/2021 6:58,328390
8/30/2021 6:59,23054.13333
8/30/2021 7:00,5428.8
8/30/2021 7:01,0
8/30/2021 7:02,0
8/30/2021 7:03,1640.666667
8/30/2021 7:04,0
8/30/2021 7:05,2854.8
8/30/2021 7:06,330.6666667
8/30/2021 7:07,0
8/30/2021 7:08,0
8/30/2021 7:09,154.5333333
8/30/2021 7:10,0
8/30/2021 7:11,0
8/30/2021 7:12,0
8/30/2021 7:13,14302.93333
8/30/2021 7:14,2076.8
8/30/2021 7:15,9504.133333
8/30/2021 7:16,26600.66667
8/30/2021 7:17,12172.53333
8/30/2021 7:18,96307.86667
8/30/2021 7:19,2061.333333
8/30/2021 7:20,110511.8667
8/30/2021 7:21,969197.8667
8/30/2021 7:22,918275.8667
8/30/2021 7:23,902157.4667
8/30/2021 7:24,789048.5333
8/30/2021 7:25,692260.9333
8/30/2021 7:26,719005.4667
8/30/2021 7:27,727454.5333
8/30/2021 7:28,1803530.4
8/30/2021 7:29,600312.1333
8/30/2021 7:30,653387.8667
8/30/2021 7:31,651684.6667
8/30/2021 7:32,710158.1333
8/30/2021 7:33,693614.4
8/30/2021 7:34,626492
8/30/2021 7:35,615656
8/30/2021 7:36,919218
8/30/2021 7:37,2372730.133
8/30/2021 7:38,1314777.867
8/30/2021 7:39,694852.1333
8/30/2021 7:40,691231.2
8/30/2021 7:41,1091458.8
8/30/2021 7:42,763861.2
8/30/2021 7:43,697663.4667
8/30/2021 7:44,832119.7333
8/30/2021 7:45,637280.2667
8/30/2021 7:46,809465.8667
8/30/2021 7:47,681291.0667
8/30/2021 7:48,733538
8/30/2021 7:49,659552
8/30/2021 7:50,672602.9333
8/30/2021 7:51,635123.3333
8/30/2021 7:52,671422.9333
8/30/2021 7:53,658093.4667
8/30/2021 7:54,685206.5333
8/30/2021 7:55,760485.4667
8/30/2021 7:56,685614.5333
8/30/2021 7:57,743736.6667
8/30/2021 7:58,736879.0667
8/30/2021 7:59,1935034.667
8/30/2021 8:00,816840.5333
8/30/2021 8:01,857730.4
8/30/2021 8:02,2234857.6
8/30/2021 8:03,1393901.067
8/30/2021 8:04,712131.4667
8/30/2021 8:05,794491.6
8/30/2021 8:06,1913073.333
8/30/2021 8:07,2065606.667
8/30/2021 8:08,666092.6667
8/30/2021 8:09,744495.6
8/30/2021 8:10,678705.4667
8/30/2021 8:11,701839.2
8/30/2021 8:12,706557.2
8/30/2021 8:13,727094.8
8/30/2021 8:14,708577.8667
8/30/2021 8:15,734110.4
8/30/2021 8:16,751653.3333
8/30/2021 8:17,866317.7333
8/30/2021 8:18,815494.8
8/30/2021 8:19,751708.5333
8/30/2021 8:20,928635.3333
8/30/2021 8:21,164742.4
8/30/2021 8:22,0
8/30/2021 8:23,0
8/30/2021 8:24,12087.06667
8/30/2021 8:25,489419.6
8/30/2021 8:26,1765260.267
8/30/2021 8:27,973816.8
8/30/2021 8:28,1320443.333
8/30/2021 8:29,16
8/30/2021 8:30,0
8/30/2021 8:31,0
8/30/2021 8:32,167.0666667
8/30/2021 8:33,0
8/30/2021 8:34,0
8/30/2021 8:35,0
8/30/2021 8:36,302.4
8/30/2021 8:37,39974.26667
8/30/2021 8:38,769248
8/30/2021 8:39,1905989.067
8/30/2021 8:40,753601.2
8/30/2021 8:41,808497.2
8/30/2021 8:42,734996.2667
8/30/2021 8:43,736972.1333
8/30/2021 8:44,773606.6667
8/30/2021 8:45,698389.7333
8/30/2021 8:46,682903.0667
8/30/2021 8:47,743719.7333
8/30/2021 8:48,684980.9333
8/30/2021 8:49,782192.4
8/30/2021 8:50,642538.9333
8/30/2021 8:51,670632
8/30/2021 8:52,717717.8667
8/30/2021 8:53,687045.3333
8/30/2021 8:54,730054.9333
8/30/2021 8:55,710533.0667
8/30/2021 8:56,506140
8/30/2021 8:57,60854.4
8/30/2021 8:58,488621.3333
8/30/2021 8:59,444771.4667
8/30/2021 9:00,661.0666667
8/30/2021 9:01,35949.86667
8/30/2021 9:02,3528.133333
8/30/2021 9:03,0
8/30/2021 9:04,0
8/30/2021 9:05,0
8/30/2021 9:06,3582.666667
8/30/2021 9:07,27943.06667
8/30/2021 9:08,16557.73333
8/30/2021 9:09,3113.066667
8/30/2021 9:10,0
8/30/2021 9:11,0
8/30/2021 9:12,0
8/30/2021 9:13,656.4
8/30/2021 9:14,28068
8/30/2021 9:15,19801.73333
8/30/2021 9:16,16391.73333
8/30/2021 9:17,9739.466667
8/30/2021 9:18,15228.8
8/30/2021 9:19,10697.6
8/30/2021 9:20,18357.33333
8/30/2021 9:21,14295.2
8/30/2021 9:22,9731.6
8/30/2021 9:23,11744.93333
8/30/2021 9:24,1542.8
8/30/2021 9:25,0
8/30/2021 9:26,6020.266667
8/30/2021 9:27,28445.2
8/30/2021 9:28,114334.6667
8/30/2021 9:29,324758.9333
8/30/2021 9:30,571732.8
8/30/2021 9:31,497272.4
8/30/2021 9:32,5380.4
8/30/2021 9:33,10616.8
8/30/2021 9:34,19979.86667
8/30/2021 9:35,32643.86667
8/30/2021 9:36,26179.73333
8/30/2021 9:37,27614.53333
8/30/2021 9:38,92898.66667
8/30/2021 9:39,546921.3333
8/30/2021 9:40,402129.0667
8/30/2021 9:41,605600.5333
8/30/2021 9:42,677410.1333
8/30/2021 9:43,583746.5333
8/30/2021 9:44,783992.6667
8/30/2021 9:45,610705.7333
8/30/2021 9:46,790452.8
8/30/2021 9:47,683883.6
8/30/2021 9:48,849421.3333
8/30/2021 9:49,761278
8/30/2021 9:50,738093.3333
8/30/2021 9:51,695144.4
8/30/2021 9:52,684633.3333
8/30/2021 9:53,675722
8/30/2021 9:54,702760.8
8/30/2021 9:55,656785.8667
8/30/2021 9:56,667100.9333
8/30/2021 9:57,681445.7333
8/30/2021 9:58,854492.4
8/30/2021 9:59,2053344
8/30/2021 10:00,757910.8
8/30/2021 10:01,912945.3333
8/30/2021 10:02,2230737.2
8/30/2021 10:03,1599104.933
8/30/2021 10:04,726980.9333
8/30/2021 10:05,833068.9333
8/30/2021 10:06,1954002.533
8/30/2021 10:07,1966255.067
8/30/2021 10:08,887047.0667
8/30/2021 10:09,727200.5333
8/30/2021 10:10,748740
8/30/2021 10:11,734361.0667
8/30/2021 10:12,724998.4
8/30/2021 10:13,702319.4667
8/30/2021 10:14,798964.5333
8/30/2021 10:15,778553.0667
8/30/2021 10:16,877796.5333
8/30/2021 10:17,698183.0667
8/30/2021 10:18,743281.2
8/30/2021 10:19,775837.7333
8/30/2021 10:20,758798.4
8/30/2021 10:21,673192
8/30/2021 10:22,660334.4
8/30/2021 10:23,701233.0667
8/30/2021 10:24,714122.2667
8/30/2021 10:25,654864.1333
8/30/2021 10:26,662222.6667
8/30/2021 10:27,752089.6
8/30/2021 10:28,1812031.733
8/30/2021 10:29,673362.9333
8/30/2021 10:30,738398.6667
8/30/2021 10:31,621929.3333
8/30/2021 10:32,769647.3333
8/30/2021 10:33,662844.9333
8/30/2021 10:34,685001.4667
8/30/2021 10:35,763372.6667
8/30/2021 10:36,792791.3333
8/30/2021 10:37,2344562.933
8/30/2021 10:38,1495775.067
8/30/2021 10:39,705858.2667
8/30/2021 10:40,673679.3333
8/30/2021 10:41,703782.8
8/30/2021 10:42,748548.9333
8/30/2021 10:43,747222.1333
8/30/2021 10:44,684657.7333
8/30/2021 10:45,793253.0667
8/30/2021 10:46,695672.4
8/30/2021 10:47,930371.4667
8/30/2021 10:48,814057.8667
8/30/2021 10:49,826041.2
8/30/2021 10:50,754852.5333
8/30/2021 10:51,737160.2667
8/30/2021 10:52,714073.0667
8/30/2021 10:53,696081.0667
8/30/2021 10:54,763454.4
8/30/2021 10:55,747994.6667
8/30/2021 10:56,789292.5333
8/30/2021 10:57,691244.5333
8/30/2021 10:58,842140.5333
8/30/2021 10:59,1978008.4
8/30/2021 11:00,826853.3333
8/30/2021 11:01,917160.1333
8/30/2021 11:02,2321682.8
8/30/2021 11:03,1995174.533
8/30/2021 11:04,890462.8
8/30/2021 11:05,862761.7333
8/30/2021 11:06,2020861.2
8/30/2021 11:07,1959038.267
8/30/2021 11:08,859383.0667
8/30/2021 11:09,740216.8
8/30/2021 11:10,698900.4
8/30/2021 11:11,765745.3333
8/30/2021 11:12,782162.9333
8/30/2021 11:13,743026.2667
8/30/2021 11:14,719230.1333
8/30/2021 11:15,758490
8/30/2021 11:16,774385.8667
8/30/2021 11:17,793910.9333
8/30/2021 11:18,774227.7333
8/30/2021 11:19,835340.5333
8/30/2021 11:20,758781.8667
8/30/2021 11:21,713491.0667
8/30/2021 11:22,634345.2
8/30/2021 11:23,697992
8/30/2021 11:24,768122.9333
8/30/2021 11:25,743751.4667
8/30/2021 11:26,723456.6667
8/30/2021 11:27,718896.5333
8/30/2021 11:28,1836783.6
8/30/2021 11:29,748248.9333
8/30/2021 11:30,685091.6
8/30/2021 11:31,684664.6667
8/30/2021 11:32,691577.0667
8/30/2021 11:33,684810.4
8/30/2021 11:34,733855.2
8/30/2021 11:35,706183.4667
8/30/2021 11:36,898194
8/30/2021 11:37,2236371.067
8/30/2021 11:38,1529873.867
8/30/2021 11:39,714523.8667
8/30/2021 11:40,673772.2667
8/30/2021 11:41,717968.4
8/30/2021 11:42,709360
8/30/2021 11:43,643412.4
8/30/2021 11:44,627826.4
8/30/2021 11:45,703630
8/30/2021 11:46,656673.7333
8/30/2021 11:47,709744.4
8/30/2021 11:48,698703.3333
8/30/2021 11:49,658529.0667
8/30/2021 11:50,628091.2
8/30/2021 11:51,642506.4
8/30/2021 11:52,647814.8
8/30/2021 11:53,698105.8667
8/30/2021 11:54,711694.1333
8/30/2021 11:55,685536.9333
8/30/2021 11:56,678904.9333
8/30/2021 11:57,658020
8/30/2021 11:58,806129.2
8/30/2021 11:59,1983562.133
8/30/2021 12:00,806514.9333
8/30/2021 12:01,836112.4
8/30/2021 12:02,2266627.2
8/30/2021 12:03,1567171.467
8/30/2021 12:04,639952.8
8/30/2021 12:05,845585.0667
8/30/2021 12:06,1883650.667
8/30/2021 12:07,1883179.2
8/30/2021 12:08,639423.3333
8/30/2021 12:09,673178.4
8/30/2021 12:10,677946.5333
8/30/2021 12:11,630426.5333
8/30/2021 12:12,886912.1333
8/30/2021 12:13,735286.1333
8/30/2021 12:14,703341.4667
8/30/2021 12:15,631799.3333
8/30/2021 12:16,627402.4
8/30/2021 12:17,702037.4667
8/30/2021 12:18,676207.4667
8/30/2021 12:19,733226
8/30/2021 12:20,604114.6667
8/30/2021 12:21,656876.2667
8/30/2021 12:22,1004090.933
8/30/2021 12:23,993460.5333
8/30/2021 12:24,996876.2667
8/30/2021 12:25,943445.2
8/30/2021 12:26,929735.4667
8/30/2021 12:27,1018220.667
8/30/2021 12:28,2135786.4
8/30/2021 12:29,970386.9333
8/30/2021 12:30,1295433.867
8/30/2021 12:31,1455530.267
8/30/2021 12:32,1345156.933
8/30/2021 12:33,1106340.133
8/30/2021 12:34,1214042.8
8/30/2021 12:35,1032806.667
8/30/2021 12:36,1168708
8/30/2021 12:37,2480239.333
8/30/2021 12:38,2232433.6
8/30/2021 12:39,1287596.533
8/30/2021 12:40,1120077.333
8/30/2021 12:41,1159370.667
8/30/2021 12:42,1095633.333
8/30/2021 12:43,1099563.333
8/30/2021 12:44,1060720.667
8/30/2021 12:45,1007219.333
8/30/2021 12:46,1123376.267
8/30/2021 12:47,981773.0667
8/30/2021 12:48,1034520.8
8/30/2021 12:49,1004449.467
8/30/2021 12:50,1107203.6
8/30/2021 12:51,1075365.867
8/30/2021 12:52,1071154.8
8/30/2021 12:53,1038052.933
8/30/2021 12:54,1136136
8/30/2021 12:55,1156742.4
8/30/2021 12:56,1042852.933
8/30/2021 12:57,1039349.067
8/30/2021 12:58,1191180.533
8/30/2021 12:59,1946294
8/30/2021 13:00,1496794
8/30/2021 13:01,1324256.267
8/30/2021 13:02,2297557.333
8/30/2021 13:03,2246882.8
8/30/2021 13:04,1060284.933
8/30/2021 13:05,855498
8/30/2021 13:06,942108.6667
8/30/2021 13:07,2273804.933
8/30/2021 13:08,1295011.067
8/30/2021 13:09,980880.1333
8/30/2021 13:10,998374.4
8/30/2021 13:11,962215.2
8/30/2021 13:12,942040.9333
8/30/2021 13:13,950934.5333
8/30/2021 13:14,1023515.2
8/30/2021 13:15,971861.7333
8/30/2021 13:16,1016369.333
8/30/2021 13:17,1069003.467
8/30/2021 13:18,1396978.933
8/30/2021 13:19,1080710.4
8/30/2021 13:20,1045192
8/30/2021 13:21,1064260.667
8/30/2021 13:22,1065328.933
8/30/2021 13:23,1174034.267
8/30/2021 13:24,1069954.933
8/30/2021 13:25,1014753.467
8/30/2021 13:26,1155851.867
8/30/2021 13:27,1229820.133
8/30/2021 13:28,2228424.267
8/30/2021 13:29,1001936.267
8/30/2021 13:30,1047459.733
8/30/2021 13:31,1062759.067
8/30/2021 13:32,1073274.533
8/30/2021 13:33,1035323.333
8/30/2021 13:34,1092299.6
8/30/2021 13:35,1075411.467
8/30/2021 13:36,1215704.8
8/30/2021 13:37,2425132.533
8/30/2021 13:38,2109871.867
8/30/2021 13:39,1283073.067
8/30/2021 13:40,1123221.733
8/30/2021 13:41,1051844.8
8/30/2021 13:42,1096827.067
8/30/2021 13:43,1149101.2
8/30/2021 13:44,1137311.2
8/30/2021 13:45,1043256.133
8/30/2021 13:46,1008041.6
8/30/2021 13:47,996050.1333
8/30/2021 13:48,1021465.333
8/30/2021 13:49,1002967.867
8/30/2021 13:50,975813.4667
8/30/2021 13:51,1002312
8/30/2021 13:52,996745.0667
8/30/2021 13:53,971112.4
8/30/2021 13:54,1022221.733
8/30/2021 13:55,1008415.733
8/30/2021 13:56,1009084.667
8/30/2021 13:57,991116.5333
8/30/2021 13:58,1011542.8
8/30/2021 13:59,1769877.2
8/30/2021 14:00,1772115.6
8/30/2021 14:01,1818406.933
8/30/2021 14:02,2183066.533
8/30/2021 14:03,2324881.467
8/30/2021 14:04,1145353.067
8/30/2021 14:05,1664966.267
8/30/2021 14:06,2335952.533
8/30/2021 14:07,1765179.867
8/30/2021 14:08,1780741.067
8/30/2021 14:09,1284891.733
8/30/2021 14:10,1101224
8/30/2021 14:11,1104250.933
8/30/2021 14:12,2562485.867
8/30/2021 14:13,2950581.067
8/30/2021 14:14,3283975.467
8/30/2021 14:15,3329350
8/30/2021 14:16,3034531.333
8/30/2021 14:17,3271870.8
8/30/2021 14:18,3097329.867
8/30/2021 14:19,3225946.933
8/30/2021 14:20,3362521.067
8/30/2021 14:21,3116223.2
8/30/2021 14:22,3133822.8
8/30/2021 14:23,3243007.6
8/30/2021 14:24,2696514.933
8/30/2021 14:25,2354731.467
8/30/2021 14:26,2277793.733
8/30/2021 14:27,2043562
8/30/2021 14:28,2377448.933
8/30/2021 14:29,1938046.4
8/30/2021 14:30,1870961.867
8/30/2021 14:31,1395393.6
8/30/2021 14:32,1738214.933
8/30/2021 14:33,1493743.467
8/30/2021 14:34,1435008.533
8/30/2021 14:35,1515923.867
8/30/2021 14:36,1450587.867
8/30/2021 14:37,2269147.467
8/30/2021 14:38,2295786.267
8/30/2021 14:39,2219314.4
8/30/2021 14:40,1537058.267
8/30/2021 14:41,1379194.533
8/30/2021 14:42,1309521.333
8/30/2021 14:43,1376385.467
8/30/2021 14:44,1489079.333
8/30/2021 14:45,1347006.667
8/30/2021 14:46,1202322.133
8/30/2021 14:47,1244454.533
8/30/2021 14:48,1237243.467
8/30/2021 14:49,2195167.2
8/30/2021 14:50,2119887.6
8/30/2021 14:51,2413864.4
8/30/2021 14:52,2788568.8
8/30/2021 14:53,3022175.333
8/30/2021 14:54,3132973.2
8/30/2021 14:55,3120272.667
8/30/2021 14:56,2611984.933
8/30/2021 14:57,3108341.6
8/30/2021 14:58,2946079.333
8/30/2021 14:59,3285921.2
8/30/2021 15:00,3122981.333
8/30/2021 15:01,2694303.6
8/30/2021 15:02,3039880
8/30/2021 15:03,3097913.333
8/30/2021 15:04,3055413.067
8/30/2021 15:05,3213502.8
8/30/2021 15:06,2989804
8/30/2021 15:07,3178197.733
8/30/2021 15:08,3078635.867
8/30/2021 15:09,2902708.267
8/30/2021 15:10,3195732.933
8/30/2021 15:11,3290369.867
8/30/2021 15:12,3239963.733
8/30/2021 15:13,3176652.8
8/30/2021 15:14,3259673.6
8/30/2021 15:15,3061239.067
8/30/2021 15:16,2858996.4
8/30/2021 15:17,2880950.133
8/30/2021 15:18,2792859.867
8/30/2021 15:19,2947162.8
8/30/2021 15:20,3019721.6
8/30/2021 15:21,2914236.933
8/30/2021 15:22,3175855.2
8/30/2021 15:23,2950378.4
8/30/2021 15:24,2944295.2
8/30/2021 15:25,2660475.2
8/30/2021 15:26,3201096.667
8/30/2021 15:27,2987495.6
8/30/2021 15:28,2995343.6
8/30/2021 15:29,3303324.267
8/30/2021 15:30,3444747.733
8/30/2021 15:31,3069568.667
8/30/2021 15:32,3185022.667
8/30/2021 15:33,3340870.533
8/30/2021 15:34,3141085.2
8/30/2021 15:35,3305097.067
8/30/2021 15:36,2952298.667
8/30/2021 15:37,3276955.2
8/30/2021 15:38,2387185.333
8/30/2021 15:39,2934662.933
8/30/2021 15:40,3007168.933
8/30/2021 15:41,3040590.667
8/30/2021 15:42,3172681.067
8/30/2021 15:43,3387945.6
8/30/2021 15:44,2686253.867
8/30/2021 15:45,2996003.867
8/30/2021 15:46,3112868
8/30/2021 15:47,3148578.4
8/30/2021 15:48,3196349.6
8/30/2021 15:49,3053256.533
8/30/2021 15:50,3299679.867
8/30/2021 15:51,3309895.733
8/30/2021 15:52,3132705.6
8/30/2021 15:53,3187338.8
8/30/2021 15:54,3246403.733
8/30/2021 15:55,3163517.733
8/30/2021 15:56,3058898.8
8/30/2021 15:57,3263630.933
8/30/2021 15:58,3058636.8
8/30/2021 15:59,3161677.867
8/30/2021 16:00,3211211.2
8/30/2021 16:01,3135651.2
8/30/2021 16:02,2974852.533
8/30/2021 16:03,3208052.4
8/30/2021 16:04,3295973.733
8/30/2021 16:05,3175604.933
8/30/2021 16:06,3251704.667
8/30/2021 16:07,3036686.667
8/30/2021 16:08,2887711.6
8/30/2021 16:09,2883351.2
8/30/2021 16:10,2731139.6
8/30/2021 16:11,2676895.467
8/30/2021 16:12,2648840.933
8/30/2021 16:13,2901269.067
8/30/2021 16:14,3256977.2
8/30/2021 16:15,2604956.667
8/30/2021 16:16,2878760.8
8/30/2021 16:17,2752677.467
8/30/2021 16:18,2874742.933
8/30/2021 16:19,2377419.467
8/30/2021 16:20,2681930
8/30/2021 16:21,2725198.8
8/30/2021 16:22,2696004
8/30/2021 16:23,2849159.733
8/30/2021 16:24,2807861.733
8/30/2021 16:25,2786751.867
8/30/2021 16:26,2894325.867
8/30/2021 16:27,2895724.667
8/30/2021 16:28,2626715.6
8/30/2021 16:29,2473803.867
8/30/2021 16:30,2279561.733
8/30/2021 16:31,1765795.067
8/30/2021 16:32,1094244.4
8/30/2021 16:33,1142676.4
8/30/2021 16:34,1304970.533
8/30/2021 16:35,1073496.4
8/30/2021 16:36,1256963.333
8/30/2021 16:37,2345405.467
8/30/2021 16:38,2290971.867
8/30/2021 16:39,1293506.933
8/30/2021 16:40,1107523.2
8/30/2021 16:41,1163501.2
8/30/2021 16:42,1144045.733
8/30/2021 16:43,1434375.067
8/30/2021 16:44,1505798.4
8/30/2021 16:45,1359965.467
8/30/2021 16:46,1018091.333
8/30/2021 16:47,980899.7333
8/30/2021 16:48,1040676.667
8/30/2021 16:49,1068278.133
8/30/2021 16:50,1054876.933
8/30/2021 16:51,1064585.067
8/30/2021 16:52,1033361.467
8/30/2021 16:53,1062333.2
8/30/2021 16:54,1015691.6
8/30/2021 16:55,1067237.467
8/30/2021 16:56,1027242.933
8/30/2021 16:57,1381048.933
8/30/2021 16:58,1278424.933
8/30/2021 16:59,1984248
8/30/2021 17:00,1392570
8/30/2021 17:01,1076685.733
8/30/2021 17:02,2275595.467
8/30/2021 17:03,2065120.933
8/30/2021 17:04,1775655.467
8/30/2021 17:05,1164032.667
8/30/2021 17:06,2201116.933
8/30/2021 17:07,1666368
8/30/2021 17:08,1864038
8/30/2021 17:09,1056364.667
8/30/2021 17:10,1065481.067
8/30/2021 17:11,1039745.333
8/30/2021 17:12,1029517.333
8/30/2021 17:13,1161330.8
8/30/2021 17:14,1123905.2
8/30/2021 17:15,1733176.133
8/30/2021 17:16,1291368
8/30/2021 17:17,1062578.133
8/30/2021 17:18,1104042.667
8/30/2021 17:19,1081512.8
8/30/2021 17:20,1012339.733
8/30/2021 17:21,1000241.6
8/30/2021 17:22,989158.2667
8/30/2021 17:23,1184127.467
8/30/2021 17:24,1119237.2
8/30/2021 17:25,1085689.467
8/30/2021 17:26,1043355.467
8/30/2021 17:27,1127187.333
8/30/2021 17:28,2087811.867
8/30/2021 17:29,1205844.8
8/30/2021 17:30,1179654.133
8/30/2021 17:31,1044352.667
8/30/2021 17:32,1063478.4
8/30/2021 17:33,1082738.4
8/30/2021 17:34,1042046.267
8/30/2021 17:35,1052818.133
8/30/2021 17:36,1228054.933
8/30/2021 17:37,2028126.133
8/30/2021 17:38,1748556.8
8/30/2021 17:39,232890.9333
8/30/2021 17:40,1057707.867
8/30/2021 17:41,919562.1333
8/30/2021 17:42,126989.7333
8/30/2021 17:43,1037440.8
8/30/2021 17:44,956192.4
8/30/2021 17:45,974266.4
8/30/2021 17:46,1081522.4
8/30/2021 17:47,1030481.867
8/30/2021 17:48,1053764.533
8/30/2021 17:49,2153682.4
8/30/2021 17:50,1072947.6
8/30/2021 17:51,1045767.067
8/30/2021 17:52,1047247.6
8/30/2021 17:53,1001270.533
8/30/2021 17:54,1053588.267
8/30/2021 17:55,1020689.733
8/30/2021 17:56,1059983.067
8/30/2021 17:57,1111789.2
8/30/2021 17:58,1122703.2
8/30/2021 17:59,2084698.533
8/30/2021 18:00,1662007.2
8/30/2021 18:01,1515455.467
8/30/2021 18:02,2177196.267
8/30/2021 18:03,2070761.467
8/30/2021 18:04,1367548.8
8/30/2021 18:05,1145296.667
8/30/2021 18:06,2262394.8
8/30/2021 18:07,1941096.8
8/30/2021 18:08,1525365.867
8/30/2021 18:09,1180226.267
8/30/2021 18:10,1063559.6
8/30/2021 18:11,1046591.6
8/30/2021 18:12,1131175.2
8/30/2021 18:13,1054982.133
8/30/2021 18:14,1058239.867
8/30/2021 18:15,1127501.867
8/30/2021 18:16,1121199.733
8/30/2021 18:17,1226538.267
8/30/2021 18:18,1099452.667
8/30/2021 18:19,1127199.333
8/30/2021 18:20,1245668
8/30/2021 18:21,1239011.733
8/30/2021 18:22,1140985.333
8/30/2021 18:23,1080435.867
8/30/2021 18:24,1280241.2
8/30/2021 18:25,1163669.067
8/30/2021 18:26,1267740.4
8/30/2021 18:27,1224241.6
8/30/2021 18:28,1666071.867
8/30/2021 18:29,365581.7333
8/30/2021 18:30,312629.3333
8/30/2021 18:31,268589.4667
8/30/2021 18:32,280940.2667
8/30/2021 18:33,301930
8/30/2021 18:34,241728.6667
8/30/2021 18:35,233046.1333
8/30/2021 18:36,465021.2
8/30/2021 18:37,2161985.467
8/30/2021 18:38,801833.2
8/30/2021 18:39,346933.2
8/30/2021 18:40,310120.8
8/30/2021 18:41,287295.6
8/30/2021 18:42,224700.5333
8/30/2021 18:43,280581.7333
8/30/2021 18:44,414193.4667
8/30/2021 18:45,961160.5333
8/30/2021 18:46,894723.4667
8/30/2021 18:47,1269331.067
8/30/2021 18:48,1402917.2
8/30/2021 18:49,151660.8
8/30/2021 18:50,144856.1333
8/30/2021 18:51,137825.6
8/30/2021 18:52,144031.8667
8/30/2021 18:53,130619.6
8/30/2021 18:54,137248.2667
8/30/2021 18:55,129169.8667
8/30/2021 18:56,137449.7333
8/30/2021 18:57,136024.8
8/30/2021 18:58,133462.8
8/30/2021 18:59,303130.6667
8/30/2021 19:00,159798.9333
8/30/2021 19:01,124390.5333
8/30/2021 19:02,140550.1333
8/30/2021 19:03,148461.3333
8/30/2021 19:04,133397.8667
8/30/2021 19:05,132043.4667
8/30/2021 19:06,152502.9333
8/30/2021 19:07,143247.6
8/30/2021 19:08,130044.5333
8/30/2021 19:09,133773.2
8/30/2021 19:10,54209.06667
8/30/2021 19:11,46430.26667
8/30/2021 19:12,65727.06667
8/30/2021 19:13,125472.4
8/30/2021 19:14,133328.2667
8/30/2021 19:15,139882.1333
8/30/2021 19:16,132036.8
8/30/2021 19:17,126962.1333
8/30/2021 19:18,129591.3333
8/30/2021 19:19,129109.0667
8/30/2021 19:20,126503.2
8/30/2021 19:21,139049.3333
8/30/2021 19:22,135120
8/30/2021 19:23,130665.8667
8/30/2021 19:24,147123.4667
8/30/2021 19:25,131468.5333
8/30/2021 19:26,134929.0667
8/30/2021 19:27,144605.4667
8/30/2021 19:28,133409.0667
8/30/2021 19:29,126665.6
8/30/2021 19:30,153019.3333
8/30/2021 19:31,140347.4667
8/30/2021 19:32,137323.3333
8/30/2021 19:33,142255.3333
8/30/2021 19:34,130600.2667
8/30/2021 19:35,126839.8667
8/30/2021 19:36,153153.0667
8/30/2021 19:37,137320.9333
8/30/2021 19:38,116551.0667
8/30/2021 19:39,146455.2
8/30/2021 19:40,130873.3333
8/30/2021 19:41,132526
8/30/2021 19:42,139463.6
8/30/2021 19:43,131156
8/30/2021 19:44,130511.6
8/30/2021 19:45,139973.6
8/30/2021 19:46,131907.8667
8/30/2021 19:47,130055.6
8/30/2021 19:48,134493.4667
8/30/2021 19:49,133866.2667
8/30/2021 19:50,143544
8/30/2021 19:51,167054.5333
8/30/2021 19:52,126758
8/30/2021 19:53,135132.9333
8/30/2021 19:54,140660.8
8/30/2021 19:55,131846.6667
8/30/2021 19:56,20554.13333
8/30/2021 19:57,60916.8
8/30/2021 19:58,100702.5333
8/30/2021 19:59,135225.8667
8/30/2021 20:00,143105.7333
8/30/2021 20:01,136466.6667
8/30/2021 20:02,134172
8/30/2021 20:03,145688.5333
8/30/2021 20:04,133283.7333
8/30/2021 20:05,138062.9333
8/30/2021 20:06,154087.6
8/30/2021 20:07,123644.1333
8/30/2021 20:08,140944.1333
8/30/2021 20:09,166492.2667
8/30/2021 20:10,135946.2667
8/30/2021 20:11,146849.8667
8/30/2021 20:12,140560.9333
8/30/2021 20:13,139339.8667
8/30/2021 20:14,139692
8/30/2021 20:15,138414.5333
8/30/2021 20:16,139860
8/30/2021 20:17,130332.4
8/30/2021 20:18,149775.0667
8/30/2021 20:19,138065.8667
8/30/2021 20:20,131412.9333
8/30/2021 20:21,134475.0667
8/30/2021 20:22,127674.9333
8/30/2021 20:23,136742
8/30/2021 20:24,146899.4667
8/30/2021 20:25,132528
8/30/2021 20:26,150035.8667
8/30/2021 20:27,139166.2667
8/30/2021 20:28,145698.8
8/30/2021 20:29,137731.8667
8/30/2021 20:30,144967.2
8/30/2021 20:31,133114
8/30/2021 20:32,135164.4
8/30/2021 20:33,138653.3333
8/30/2021 20:34,134974.4
8/30/2021 20:35,144913.8667
8/30/2021 20:36,148449.6
8/30/2021 20:37,127006.6667
8/30/2021 20:38,128848.8
8/30/2021 20:39,147792
8/30/2021 20:40,125910.5333
8/30/2021 20:41,124850.4
8/30/2021 20:42,145511.7333
8/30/2021 20:43,111777.3333
8/30/2021 20:44,121230.8
8/30/2021 20:45,139781.2
8/30/2021 20:46,127037.6
8/30/2021 20:47,127284
8/30/2021 20:48,134318.5333
8/30/2021 20:49,112245.4667
8/30/2021 20:50,120860.5333
8/30/2021 20:51,129064
8/30/2021 20:52,124084.1333
8/30/2021 20:53,120221.7333
8/30/2021 20:54,125191.3333
8/30/2021 20:55,119816.6667
8/30/2021 20:56,121691.2
8/30/2021 20:57,150146
8/30/2021 20:58,119728.4
8/30/2021 20:59,119405.4667
8/30/2021 21:00,141004.1333
8/30/2021 21:01,123195.2
8/30/2021 21:02,132658.1333
8/30/2021 21:03,136240.4
8/30/2021 21:04,117512.8
8/30/2021 21:05,127210.5333
8/30/2021 21:06,140658.1333
8/30/2021 21:07,125467.2
8/30/2021 21:08,131500.6667
8/30/2021 21:09,134824.1333
8/30/2021 21:10,126005.8667
8/30/2021 21:11,136756.9333
8/30/2021 21:12,151038.4
8/30/2021 21:13,132486.4
8/30/2021 21:14,133323.0667
8/30/2021 21:15,143819.4667
8/30/2021 21:16,128937.4667
8/30/2021 21:17,135321.4667
8/30/2021 21:18,139262.5333
8/30/2021 21:19,122585.0667
8/30/2021 21:20,134557.7333
8/30/2021 21:21,143545.0667
8/30/2021 21:22,121910.1333
8/30/2021 21:23,135772
8/30/2021 21:24,138131.2
8/30/2021 21:25,128142.1333
8/30/2021 21:26,129393.2
8/30/2021 21:27,136905.6
8/30/2021 21:28,128654.8
8/30/2021 21:29,64818.93333
8/30/2021 21:30,40394.4
8/30/2021 21:31,56309.33333
8/30/2021 21:32,48916.66667
8/30/2021 21:33,43949.46667
8/30/2021 21:34,52767.06667
8/30/2021 21:35,50530.13333
8/30/2021 21:36,60332.66667
8/30/2021 21:37,127824.8
8/30/2021 21:38,137920.1333
8/30/2021 21:39,132625.2
8/30/2021 21:40,121889.3333
8/30/2021 21:41,127628.4
8/30/2021 21:42,140861.3333
8/30/2021 21:43,129850.2667
8/30/2021 21:44,145852.6667
8/30/2021 21:45,163937.6
8/30/2021 21:46,137160
8/30/2021 21:47,130856.2667
8/30/2021 21:48,136753.4667
8/30/2021 21:49,126918.6667
8/30/2021 21:50,130119.8667
8/30/2021 21:51,141796.6667
8/30/2021 21:52,127980.5333
8/30/2021 21:53,125830.9333
8/30/2021 21:54,143461.4667
8/30/2021 21:55,123890.4
8/30/2021 21:56,138577.3333
8/30/2021 21:57,141362.5333
8/30/2021 21:58,122406
8/30/2021 21:59,141117.2
8/30/2021 22:00,136564.2667
8/30/2021 22:01,126067.0667
8/30/2021 22:02,134740.5333
8/30/2021 22:03,142726.6667
8/30/2021 22:04,129023.2
8/30/2021 22:05,134451.4667
8/30/2021 22:06,147790.1333
8/30/2021 22:07,136877.7333
8/30/2021 22:08,136821.4667
8/30/2021 22:09,146641.6
8/30/2021 22:10,136196.2667
8/30/2021 22:11,128591.0667
8/30/2021 22:12,149391.7333
8/30/2021 22:13,134758.8
8/30/2021 22:14,140575.2
8/30/2021 22:15,143901.0667
8/30/2021 22:16,148197.3333
8/30/2021 22:17,142813.2
8/30/2021 22:18,146850
8/30/2021 22:19,134108.8
8/30/2021 22:20,149624.4
8/30/2021 22:21,144808
8/30/2021 22:22,131444.4
8/30/2021 22:23,127614.1333
8/30/2021 22:24,149047.4667
8/30/2021 22:25,133969.2
8/30/2021 22:26,142986.4
8/30/2021 22:27,144360.2667
8/30/2021 22:28,133952.2667
8/30/2021 22:29,134953.8667
8/30/2021 22:30,141420.8
8/30/2021 22:31,136048
8/30/2021 22:32,138567.8667
8/30/2021 22:33,144451.7333
8/30/2021 22:34,123532
8/30/2021 22:35,126242.4
8/30/2021 22:36,145170.5333
8/30/2021 22:37,125787.0667
8/30/2021 22:38,129801.2
8/30/2021 22:39,138586.2667
8/30/2021 22:40,126711.7333
8/30/2021 22:41,131172.9333
8/30/2021 22:42,137402.4
8/30/2021 22:43,123849.3333
8/30/2021 22:44,124121.8667
8/30/2021 22:45,147090.6667
8/30/2021 22:46,129946.9333
8/30/2021 22:47,124720.9333
8/30/2021 22:48,149784.9333
8/30/2021 22:49,139934.5333
8/30/2021 22:50,140581.3333
8/30/2021 22:51,154837.4667
8/30/2021 22:52,141121.8667
8/30/2021 22:53,136398.2667
8/30/2021 22:54,135871.3333
8/30/2021 22:55,144137.2
8/30/2021 22:56,133479.7333
8/30/2021 22:57,152620
8/30/2021 22:58,137632.6512
8/30/2021 22:59,145843.0588
8/30/2021 23:00,146091.6
8/30/2021 23:01,34844.26667
8/30/2021 23:02,0
8/30/2021 23:03,0
8/30/2021 23:04,0
8/30/2021 23:05,0
8/30/2021 23:06,0
8/30/2021 23:07,120584.4
8/30/2021 23:08,207336.9333
8/30/2021 23:09,32728.13333
8/30/2021 23:10,50226.13333
8/30/2021 23:11,45404
8/30/2021 23:12,24293.06667
8/30/2021 23:13,28865.46667
8/30/2021 23:14,32568.4
8/30/2021 23:15,22938
8/30/2021 23:16,26669.06667
8/30/2021 23:17,36522.93333
8/30/2021 23:18,32535.86667
8/30/2021 23:19,33158.8
8/30/2021 23:20,26546.53333
8/30/2021 23:21,28638.66667
8/30/2021 23:22,27260.93333
8/30/2021 23:23,25277.06667
8/30/2021 23:24,25233.73333
8/30/2021 23:25,28745.06667
8/30/2021 23:26,32448.13333
8/30/2021 23:27,30762.66667
8/30/2021 23:28,25768.93333
8/30/2021 23:29,31936.66667
8/30/2021 23:30,33461.6
8/30/2021 23:31,29222.53333
8/30/2021 23:32,23863.6
8/30/2021 23:33,24210.66667
8/30/2021 23:34,22823.06667
8/30/2021 23:35,28614.8
8/30/2021 23:36,22681.33333
8/30/2021 23:37,28664.93333
8/30/2021 23:38,24657.6
8/30/2021 23:39,27062.8
8/30/2021 23:40,24765.6
8/30/2021 23:41,23430.13333
8/30/2021 23:42,24492
8/30/2021 23:43,22081.86667
8/30/2021 23:44,26259.06667
8/30/2021 23:45,22671.6
