"8/29/21 0:00","0.0"
"8/29/21 0:05","0.0"
"8/29/21 0:10","0.0"
"8/29/21 0:15","0.0"
"8/29/21 0:20","0.0"
"8/29/21 0:25","0.0"
"8/29/21 0:30","0.0"
"8/29/21 0:35","0.0"
"8/29/21 0:40","0.0"
"8/29/21 0:45","0.0"
"8/29/21 0:50","0.0"
"8/29/21 0:55","0.0"
"8/29/21 1:00","0.0"
"8/29/21 1:05","0.0"
"8/29/21 1:10","0.0"
"8/29/21 1:15","0.0"
"8/29/21 1:20","0.0"
"8/29/21 1:25","0.0"
"8/29/21 1:30","0.0"
"8/29/21 1:35","0.0"
"8/29/21 1:40","0.0"
"8/29/21 1:45","0.0"
"8/29/21 1:50","0.0"
"8/29/21 1:55","0.0"
"8/29/21 2:00","0.0"
"8/29/21 2:05","0.0"
"8/29/21 2:10","0.0"
"8/29/21 2:15","0.0"
"8/29/21 2:20","0.0"
"8/29/21 2:25","0.0"
"8/29/21 2:30","0.0"
"8/29/21 2:35","0.0"
"8/29/21 2:40","0.0"
"8/29/21 2:45","0.0"
"8/29/21 2:50","0.0"
"8/29/21 2:55","0.0"
"8/29/21 3:00","0.0"
"8/29/21 3:05","0.0"
"8/29/21 3:10","0.0"
"8/29/21 3:15","0.0"
"8/29/21 3:20","0.0"
"8/29/21 3:25","0.0"
"8/29/21 3:30","0.0"
"8/29/21 3:35","0.0"
"8/29/21 3:40","0.0"
"8/29/21 3:45","0.0"
"8/29/21 3:50","0.0"
"8/29/21 3:55","0.0"
"8/29/21 4:00","0.0"
"8/29/21 4:05","0.0"
"8/29/21 4:10","0.0"
"8/29/21 4:15","0.0"
"8/29/21 4:20","0.0"
"8/29/21 4:25","0.0"
"8/29/21 4:30","0.0"
"8/29/21 4:35","0.0"
"8/29/21 4:40","0.0"
"8/29/21 4:45","0.0"
"8/29/21 4:50","0.0"
"8/29/21 4:55","0.0"
"8/29/21 5:00","0.0"
"8/29/21 5:05","0.0"
"8/29/21 5:10","0.0"
"8/29/21 5:15","0.0"
"8/29/21 5:20","0.0"
"8/29/21 5:25","0.0"
"8/29/21 5:30","0.0"
"8/29/21 5:35","0.0"
"8/29/21 5:40","0.0"
"8/29/21 5:45","0.0"
"8/29/21 5:50","0.0"
"8/29/21 5:55","0.0"
"8/29/21 6:00","0.0"
"8/29/21 6:05","0.0"
"8/29/21 6:10","0.0"
"8/29/21 6:15","0.0"
"8/29/21 6:20","0.0"
"8/29/21 6:25","0.0"
"8/29/21 6:30","0.0"
"8/29/21 6:35","0.0"
"8/29/21 6:40","0.0"
"8/29/21 6:45","0.0"
"8/29/21 6:50","0.0"
"8/29/21 6:55","0.0"
"8/29/21 7:00","0.0"
"8/29/21 7:05","0.0"
"8/29/21 7:10","0.0"
"8/29/21 7:15","0.0"
"8/29/21 7:20","0.0"
"8/29/21 7:25","0.0"
"8/29/21 7:30","0.0"
"8/29/21 7:35","0.0"
"8/29/21 7:40","0.0"
"8/29/21 7:45","0.0"
"8/29/21 7:50","0.0"
"8/29/21 7:55","0.0"
"8/29/21 8:00","0.0"
"8/29/21 8:05","0.0"
"8/29/21 8:10","0.0"
"8/29/21 8:15","0.0"
"8/29/21 8:20","0.0"
"8/29/21 8:25","0.0"
"8/29/21 8:30","0.0"
"8/29/21 8:35","0.0"
"8/29/21 8:40","0.0"
"8/29/21 8:45","0.0"
"8/29/21 8:50","0.0"
"8/29/21 8:55","0.0"
"8/29/21 9:00","0.0"
"8/29/21 9:05","0.0"
"8/29/21 9:10","0.0"
"8/29/21 9:15","0.0"
"8/29/21 9:20","0.0"
"8/29/21 9:25","0.0"
"8/29/21 9:30","0.0"
"8/29/21 9:35","0.0"
"8/29/21 9:40","0.0"
"8/29/21 9:45","0.0"
"8/29/21 9:50","0.0"
"8/29/21 9:55","0.0"
"8/29/21 10:00","0.0"
"8/29/21 10:05","0.0"
"8/29/21 10:10","0.0"
"8/29/21 10:15","0.0"
"8/29/21 10:20","0.0"
"8/29/21 10:25","0.0"
"8/29/21 10:30","0.0"
"8/29/21 10:35","0.0"
"8/29/21 10:40","0.0"
"8/29/21 10:45","0.0"
"8/29/21 10:50","0.0"
"8/29/21 10:55","0.0"
"8/29/21 11:00","0.0"
"8/29/21 11:05","0.0"
"8/29/21 11:10","0.0"
"8/29/21 11:15","0.0"
"8/29/21 11:20","0.0"
"8/29/21 11:25","0.0"
"8/29/21 11:30","0.0"
"8/29/21 11:35","0.0"
"8/29/21 11:40","0.0"
"8/29/21 11:45","80639.4133333333"
"8/29/21 11:50","59789.7866666667"
"8/29/21 11:55","110867.866666667"
"8/29/21 12:00","103709.44"
"8/29/21 12:05","102736.853333333"
"8/29/21 12:10","99598.8533333333"
"8/29/21 12:15","97340.5066666667"
"8/29/21 12:20","98986.9333333333"
"8/29/21 12:25","99902.1866666667"
"8/29/21 12:30","98118.9066666667"
"8/29/21 12:35","99968.9066666667"
"8/29/21 12:40","103855.466666667"
"8/29/21 12:45","97308.5866666667"
"8/29/21 12:50","98705.4133333333"
"8/29/21 12:55","102281.093333333"
"8/29/21 13:00","98583.76"
"8/29/21 13:05","86241.2266666667"
"8/29/21 13:10","87116.9333333333"
"8/29/21 13:15","107017.893333333"
"8/29/21 13:20","102464.96"
"8/29/21 13:25","185265.786666667"
"8/29/21 13:30","103430.933333333"
"8/29/21 13:35","103714.88"
"8/29/21 13:40","100770.8"
"8/29/21 13:45","102673.893333333"
"8/29/21 13:50","106679.333333333"
"8/29/21 13:55","107454.72"
"8/29/21 14:00","108150.666666667"
"8/29/21 14:05","110638.32"
"8/29/21 14:10","122901.333333333"
"8/29/21 14:11",
"8/29/21 14:12","94450.4"
"8/29/21 14:13","106303.6"
"8/29/21 14:14","114756.0"
"8/29/21 14:15","105981.333333333"
"8/29/21 14:16","103049.466666667"
"8/29/21 14:17","110084.133333333"
"8/29/21 14:18","103668.8"
"8/29/21 14:19","107115.2"
"8/29/21 14:20","109751.333333333"
"8/29/21 14:21","103632.4"
"8/29/21 14:22","107121.066666667"
"8/29/21 14:23","117807.466666667"
"8/29/21 14:24","107548.8"
"8/29/21 14:25","111048.666666667"
"8/29/21 14:26","114966.533333333"
"8/29/21 14:27","99338.0"
"8/29/21 14:28","113789.733333333"
"8/29/21 14:29","115842.4"
"8/29/21 14:30","104186.4"
"8/29/21 14:31","105598.933333333"
"8/29/21 14:32","112623.2"
"8/29/21 14:33","105144.933333333"
"8/29/21 14:34","109317.6"
"8/29/21 14:35","126730.133333333"
"8/29/21 14:36","101592.0"
"8/29/21 14:37","94259.7333333333"
"8/29/21 14:38","115505.466666667"
"8/29/21 14:39","108766.0"
"8/29/21 14:40","103696.8"
"8/29/21 14:41","112049.333333333"
"8/29/21 14:42","97036.2666666667"
"8/29/21 14:43","101780.933333333"
"8/29/21 14:44","115964.666666667"
"8/29/21 14:45","106215.466666667"
"8/29/21 14:46","111090.533333333"
"8/29/21 14:47","118432.666666667"
"8/29/21 14:48","105498.8"
"8/29/21 14:49","107165.066666667"
"8/29/21 14:50","120726.533333333"
"8/29/21 14:51","101001.466666667"
"8/29/21 14:52","105151.2"
"8/29/21 14:53","107309.333333333"
"8/29/21 14:54","98116.5333333333"
"8/29/21 14:55","108828.666666667"
"8/29/21 14:56","129514.0"
"8/29/21 14:57","108327.066666667"
"8/29/21 14:58","125993.6"
"8/29/21 14:59","116055.2"
"8/29/21 15:00","112099.466666667"
"8/29/21 15:01","117380.4"
"8/29/21 15:02","118930.266666667"
"8/29/21 15:03","106958.933333333"
"8/29/21 15:04","106941.333333333"
"8/29/21 15:05","128738.666666667"
"8/29/21 15:06","106146.8"
"8/29/21 15:07","108925.066666667"
"8/29/21 15:08","170229.6"
"8/29/21 15:09","110928.8"
"8/29/21 15:10","104572.933333333"
"8/29/21 15:11","118488.933333333"
"8/29/21 15:12","109163.733333333"
"8/29/21 15:13","108001.6"
"8/29/21 15:14","121045.2"
"8/29/21 15:15","115316.133333333"
"8/29/21 15:16","107826.933333333"
"8/29/21 15:17","116426.4"
"8/29/21 15:18","103344.133333333"
"8/29/21 15:19","112879.733333333"
"8/29/21 15:20","122147.466666667"
"8/29/21 15:21","105201.6"
"8/29/21 15:22","145800.0"
"8/29/21 15:23","114282.133333333"
"8/29/21 15:24","102830.933333333"
"8/29/21 15:25","108819.866666667"
"8/29/21 15:26","112689.066666667"
"8/29/21 15:27","98825.2"
"8/29/21 15:28","112173.6"
"8/29/21 15:29","131694.133333333"
"8/29/21 15:30","116487.733333333"
"8/29/21 15:31","115051.066666667"
"8/29/21 15:32","115587.2"
"8/29/21 15:33","104255.333333333"
"8/29/21 15:34","109956.133333333"
"8/29/21 15:35","130222.4"
"8/29/21 15:36","112865.466666667"
"8/29/21 15:37","101824.4"
"8/29/21 15:38","114798.4"
"8/29/21 15:39","105439.333333333"
"8/29/21 15:40","102264.4"
"8/29/21 15:41","120055.2"
"8/29/21 15:42","107448.0"
"8/29/21 15:43","108354.933333333"
"8/29/21 15:44","114937.2"
"8/29/21 15:45","113699.866666667"
"8/29/21 15:46","105474.4"
"8/29/21 15:47","118421.2"
"8/29/21 15:48","104479.733333333"
"8/29/21 15:49","105351.066666667"
"8/29/21 15:50","126395.6"
"8/29/21 15:51","108066.133333333"
"8/29/21 15:52","103115.6"
"8/29/21 15:53","115687.866666667"
"8/29/21 15:54","107027.866666667"
"8/29/21 15:55","109166.8"
"8/29/21 15:56","116720.0"
"8/29/21 15:57","102288.933333333"
"8/29/21 15:58","104310.4"
"8/29/21 15:59","121631.066666667"
"8/29/21 16:00","103539.333333333"
"8/29/21 16:01","113701.866666667"
"8/29/21 16:02","117143.466666667"
"8/29/21 16:03","110525.333333333"
"8/29/21 16:04","108430.8"
"8/29/21 16:05","129598.266666667"
"8/29/21 16:06","111686.933333333"
"8/29/21 16:07","106604.266666667"
"8/29/21 16:08","120580.533333333"
"8/29/21 16:09","108323.333333333"
"8/29/21 16:10","105048.0"
"8/29/21 16:11","125058.666666667"
"8/29/21 16:12","107661.6"
"8/29/21 16:13","111170.533333333"
"8/29/21 16:14","117962.0"
"8/29/21 16:15","117610.666666667"
"8/29/21 16:16","112320.933333333"
"8/29/21 16:17","121163.333333333"
"8/29/21 16:18","106795.6"
"8/29/21 16:19","103402.8"
"8/29/21 16:20","117465.2"
"8/29/21 16:21","102758.0"
"8/29/21 16:22","108501.733333333"
"8/29/21 16:23","112557.6"
"8/29/21 16:24","112802.133333333"
"8/29/21 16:25","114796.8"
"8/29/21 16:26","124945.2"
"8/29/21 16:27","110140.933333333"
"8/29/21 16:28","109862.8"
"8/29/21 16:29","126434.0"
"8/29/21 16:30","111266.133333333"
"8/29/21 16:31","104392.0"
"8/29/21 16:32","116153.333333333"
"8/29/21 16:33","115209.866666667"
"8/29/21 16:34","120177.866666667"
"8/29/21 16:35","120915.6"
"8/29/21 16:36","110534.933333333"
"8/29/21 16:37","114989.466666667"
"8/29/21 16:38","131079.733333333"
"8/29/21 16:39","122191.066666667"
"8/29/21 16:40","124094.266666667"
"8/29/21 16:41","122390.0"
"8/29/21 16:42","109491.466666667"
"8/29/21 16:43","123124.666666667"
"8/29/21 16:44","123949.333333333"
"8/29/21 16:45","944914.8"
"8/29/21 16:46","993538.266666667"
"8/29/21 16:47","964363.066666667"
"8/29/21 16:48","975677.2"
"8/29/21 16:49","1123732.93333333"
"8/29/21 16:50","964375.6"
"8/29/21 16:51","946372.4"
"8/29/21 16:52","944512.533333333"
"8/29/21 16:53","1006686.8"
"8/29/21 16:54","952311.866666667"
"8/29/21 16:55","988254.133333333"
"8/29/21 16:56","969538.4"
"8/29/21 16:57","964895.6"
"8/29/21 16:58","946798.133333333"
"8/29/21 16:59","956571.733333333"
"8/29/21 17:00","954941.2"
"8/29/21 17:01","1052326.0"
"8/29/21 17:02","949892.666666667"
"8/29/21 17:03","945370.666666667"
"8/29/21 17:04","966812.266666667"
"8/29/21 17:05","2168328.93333333"
"8/29/21 17:06","979231.466666667"
"8/29/21 17:07","946486.533333333"
"8/29/21 17:08","974434.0"
"8/29/21 17:09","1012525.86666667"
"8/29/21 17:10","1299192.13333333"
"8/29/21 17:11","973257.2"
"8/29/21 17:12","2175534.13333333"
"8/29/21 17:13","1030210.53333333"
"8/29/21 17:14","966944.4"
"8/29/21 17:15","967132.8"
"8/29/21 17:16","952839.6"
"8/29/21 17:17","978664.266666667"
"8/29/21 17:18","963009.866666667"
"8/29/21 17:19","1673560.66666667"
"8/29/21 17:20","1726164.8"
"8/29/21 17:21","950593.466666667"
"8/29/21 17:22","950910.8"
"8/29/21 17:23","971670.133333333"
"8/29/21 17:24","958477.333333333"
"8/29/21 17:25","968532.0"
"8/29/21 17:26","992203.066666667"
"8/29/21 17:27","993792.8"
"8/29/21 17:28","1057226.93333333"
"8/29/21 17:29","1011032.66666667"
"8/29/21 17:30","952665.2"
"8/29/21 17:31","948598.4"
"8/29/21 17:32","997532.533333333"
"8/29/21 17:33","33800.4"
"8/29/21 17:34","1201.73333333333"
"8/29/21 17:35","0.0"
"8/29/21 17:36","818.933333333333"
"8/29/21 17:37","32257.2"
"8/29/21 17:38","3161.73333333333"
"8/29/21 17:39","4897.46666666667"
"8/29/21 17:40","9274.0"
"8/29/21 17:41","52220.1333333333"
"8/29/21 17:42","37810.6666666667"
"8/29/21 17:43","383070.533333333"
"8/29/21 17:44","165879.466666667"
"8/29/21 17:45","459962.133333333"
"8/29/21 17:46","7245.33333333333"
"8/29/21 17:47","6923.33333333333"
"8/29/21 17:48","0.0"
"8/29/21 17:49","0.0"
"8/29/21 17:50","0.0"
"8/29/21 17:51","26832.9333333333"
"8/29/21 17:52","20972.8"
"8/29/21 17:53","118728.266666667"
"8/29/21 17:54","1004496.66666667"
"8/29/21 17:55","1280956.4"
"8/29/21 17:56","1040805.6"
"8/29/21 17:57","998857.733333333"
"8/29/21 17:58","954637.866666667"
"8/29/21 17:59","1126196.13333333"
"8/29/21 18:00","1015017.73333333"
"8/29/21 18:01","1039330.93333333"
"8/29/21 18:02","998224.666666667"
"8/29/21 18:03","957203.2"
"8/29/21 18:04","1081837.33333333"
"8/29/21 18:05","2196552.26666667"
"8/29/21 18:06","1125791.73333333"
"8/29/21 18:07","1011225.06666667"
"8/29/21 18:08","1220632.53333333"
"8/29/21 18:09","1233968.4"
"8/29/21 18:10","957478.0"
"8/29/21 18:11","953652.933333333"
"8/29/21 18:12","2079287.73333333"
"8/29/21 18:13","1044285.86666667"
"8/29/21 18:14","982842.8"
"8/29/21 18:15","969145.466666667"
"8/29/21 18:16","940318.266666667"
"8/29/21 18:17","971293.466666667"
"8/29/21 18:18","963623.066666667"
"8/29/21 18:19","2081691.06666667"
"8/29/21 18:20","1301464.66666667"
"8/29/21 18:21","953219.733333333"
"8/29/21 18:22","969060.8"
"8/29/21 18:23","964350.4"
"8/29/21 18:24","1084287.06666667"
"8/29/21 18:25","983398.0"
"8/29/21 18:26","979305.866666667"
"8/29/21 18:27","1085509.2"
"8/29/21 18:28","1039045.46666667"
"8/29/21 18:29","1062208.0"
"8/29/21 18:30","972676.133333333"
"8/29/21 18:31","994359.866666667"
"8/29/21 18:32","1065311.73333333"
"8/29/21 18:33","968595.066666667"
"8/29/21 18:34","1740588.93333333"
"8/29/21 18:35","1815133.2"
"8/29/21 18:36","1118561.06666667"
"8/29/21 18:37","996337.2"
"8/29/21 18:38","1022776.53333333"
"8/29/21 18:39","2038010.93333333"
"8/29/21 18:40","1264246.13333333"
"8/29/21 18:41","2053779.33333333"
"8/29/21 18:42","1273953.6"
"8/29/21 18:43","941774.533333333"
"8/29/21 18:44","942215.733333333"
"8/29/21 18:45","959243.466666667"
"8/29/21 18:46","1018739.06666667"
"8/29/21 18:47","950602.666666667"
"8/29/21 18:48","943623.2"
"8/29/21 18:49","1012242.4"
"8/29/21 18:50","997565.733333333"
"8/29/21 18:51","1071670.93333333"
"8/29/21 18:52","941897.066666667"
"8/29/21 18:53","997834.533333333"
"8/29/21 18:54","974971.6"
"8/29/21 18:55","973305.866666667"
"8/29/21 18:56","1076898.8"
"8/29/21 18:57","1124708.4"
"8/29/21 18:58","995459.2"
"8/29/21 18:59","971899.6"
"8/29/21 19:00","995442.533333333"
"8/29/21 19:01","996623.066666667"
"8/29/21 19:02","1038878.8"
"8/29/21 19:03","949759.066666667"
"8/29/21 19:04","978106.666666667"
"8/29/21 19:05","2191311.46666667"
"8/29/21 19:06","979202.533333333"
"8/29/21 19:07","973319.866666667"
"8/29/21 19:08","969006.666666667"
"8/29/21 19:09","1023422.66666667"
"8/29/21 19:10","978457.866666667"
"8/29/21 19:11","990979.466666667"
"8/29/21 19:12","2044110.66666667"
"8/29/21 19:13","1168393.2"
"8/29/21 19:14","1013836.66666667"
"8/29/21 19:15","1127087.73333333"
"8/29/21 19:16","1063145.06666667"
"8/29/21 19:17","1091077.06666667"
"8/29/21 19:18","1080725.2"
"8/29/21 19:19","2083627.86666667"
"8/29/21 19:20","1494123.33333333"
"8/29/21 19:21","1015146.0"
"8/29/21 19:22","1033522.53333333"
"8/29/21 19:23","1094623.6"
"8/29/21 19:24","1031192.13333333"
"8/29/21 19:25","1043279.06666667"
"8/29/21 19:26","1026255.86666667"
"8/29/21 19:27","1050480.0"
"8/29/21 19:28","1003493.6"
"8/29/21 19:29","1012426.66666667"
"8/29/21 19:30","986414.266666667"
"8/29/21 19:31","978851.866666667"
"8/29/21 19:32","1080585.2"
"8/29/21 19:33","932397.066666667"
"8/29/21 19:34","2073808.13333333"
"8/29/21 19:35","1362274.66666667"
"8/29/21 19:36","1005593.46666667"
"8/29/21 19:37","1020867.86666667"
"8/29/21 19:38","985154.266666667"
"8/29/21 19:39","2042151.73333333"
"8/29/21 19:40","1348409.46666667"
"8/29/21 19:41","2074329.2"
"8/29/21 19:42","1329649.46666667"
"8/29/21 19:43","1022037.33333333"
"8/29/21 19:44","1024508.8"
"8/29/21 19:45","1019960.66666667"
"8/29/21 19:46","1175336.66666667"
"8/29/21 19:47","1282994.53333333"
"8/29/21 19:48","1074823.73333333"
"8/29/21 19:49","1179304.53333333"
"8/29/21 19:50","1144832.53333333"
"8/29/21 19:51","1167298.4"
"8/29/21 19:52","1148029.73333333"
"8/29/21 19:53","1077081.6"
"8/29/21 19:54","1006754.4"
"8/29/21 19:55","1035739.06666667"
"8/29/21 19:56","1058102.0"
"8/29/21 19:57","1297175.33333333"
"8/29/21 19:58","1020295.73333333"
"8/29/21 19:59","1107445.86666667"
"8/29/21 20:00","1021122.53333333"
"8/29/21 20:01","1063670.0"
"8/29/21 20:02","1024994.93333333"
"8/29/21 20:03","1046778.26666667"
"8/29/21 20:04","1034676.0"
"8/29/21 20:05","2102638.93333333"
"8/29/21 20:06","1222844.13333333"
"8/29/21 20:07","1064793.6"
"8/29/21 20:08","1008841.2"
"8/29/21 20:09","1052672.4"
"8/29/21 20:10","1121019.33333333"
"8/29/21 20:11","1033490.8"
"8/29/21 20:12","2082595.6"
"8/29/21 20:13","2061003.2"
"8/29/21 20:14","2205851.06666667"
"8/29/21 20:15","1627940.66666667"
"8/29/21 20:16","1020231.86666667"
"8/29/21 20:17","1057301.6"
"8/29/21 20:18","1054816.66666667"
"8/29/21 20:19","2137597.06666667"
"8/29/21 20:20","1395693.86666667"
"8/29/21 20:21","1013784.0"
"8/29/21 20:22","953250.533333333"
"8/29/21 20:23","970389.066666667"
"8/29/21 20:24","997809.466666667"
"8/29/21 20:25","1031474.13333333"
"8/29/21 20:26","1008688.4"
"8/29/21 20:27","969668.533333333"
"8/29/21 20:28","1013008.8"
"8/29/21 20:29","955548.4"
"8/29/21 20:30","934049.066666667"
"8/29/21 20:31","966321.6"
"8/29/21 20:32","1024883.86666667"
"8/29/21 20:33","1008673.2"
"8/29/21 20:34","2100755.6"
"8/29/21 20:35","1376885.86666667"
"8/29/21 20:36","933332.8"
"8/29/21 20:37","988355.2"
"8/29/21 20:38","988834.933333333"
"8/29/21 20:39","2024197.2"
"8/29/21 20:40","1356403.2"
"8/29/21 20:41","2061081.33333333"
"8/29/21 20:42","1468628.53333333"
"8/29/21 20:43","1046047.06666667"
"8/29/21 20:44","1005254.53333333"
"8/29/21 20:45","981277.333333333"
"8/29/21 20:46","1022299.73333333"
"8/29/21 20:47","1007386.0"
"8/29/21 20:48","1149252.93333333"
"8/29/21 20:49","1108071.06666667"
"8/29/21 20:50","1174635.33333333"
"8/29/21 20:51","1006975.06666667"
"8/29/21 20:52","984880.933333333"
"8/29/21 20:53","1102663.6"
"8/29/21 20:54","994570.533333333"
"8/29/21 20:55","1138084.26666667"
"8/29/21 20:56","997036.933333333"
"8/29/21 20:57","1015315.2"
"8/29/21 20:58","998901.333333333"
"8/29/21 20:59","989007.2"
"8/29/21 21:00","974080.8"
"8/29/21 21:01","997704.266666667"
"8/29/21 21:02","1016003.33333333"
"8/29/21 21:03","1007650.66666667"
"8/29/21 21:04","994685.2"
"8/29/21 21:05","2121181.33333333"
"8/29/21 21:06","1098800.8"
"8/29/21 21:07","991719.866666667"
"8/29/21 21:08","991182.0"
"8/29/21 21:09","1028090.0"
"8/29/21 21:10","1026922.93333333"
"8/29/21 21:11","1020295.06666667"
"8/29/21 21:12","2201803.86666667"
"8/29/21 21:13","1001102.26666667"
"8/29/21 21:14","1001222.0"
"8/29/21 21:15","982027.2"
"8/29/21 21:16","975003.866666667"
"8/29/21 21:17","969494.533333333"
"8/29/21 21:18","953820.133333333"
"8/29/21 21:19","2059619.73333333"
"8/29/21 21:20","1354744.53333333"
"8/29/21 21:21","964740.4"
"8/29/21 21:22","973296.933333333"
"8/29/21 21:23","989260.133333333"
"8/29/21 21:24","962768.666666667"
"8/29/21 21:25","971403.066666667"
"8/29/21 21:26","977342.666666667"
"8/29/21 21:27","966842.933333333"
"8/29/21 21:28","992130.666666667"
"8/29/21 21:29","960400.666666667"
"8/29/21 21:30","959164.533333333"
"8/29/21 21:31","975656.8"
"8/29/21 21:32","1046662.4"
"8/29/21 21:33","978375.333333333"
"8/29/21 21:34","2030134.26666667"
"8/29/21 21:35","1428980.8"
"8/29/21 21:36","959794.933333333"
"8/29/21 21:37","984106.933333333"
"8/29/21 21:38","972424.8"
"8/29/21 21:39","2075013.06666667"
"8/29/21 21:40","1427987.86666667"
"8/29/21 21:41","2079292.66666667"
"8/29/21 21:42","1342725.06666667"
"8/29/21 21:43","977980.0"
"8/29/21 21:44","990930.0"
"8/29/21 21:45","1017887.6"
"8/29/21 21:46","1031395.46666667"
"8/29/21 21:47","1012512.53333333"
"8/29/21 21:48","981628.266666667"
"8/29/21 21:49","1098809.6"
"8/29/21 21:50","1111057.73333333"
"8/29/21 21:51","1053947.46666667"
"8/29/21 21:52","1019989.06666667"
"8/29/21 21:53","1280127.6"
"8/29/21 21:54","1108939.86666667"
"8/29/21 21:55","1010472.4"
"8/29/21 21:56","1007841.73333333"
"8/29/21 21:57","977037.066666667"
"8/29/21 21:58","990610.133333333"
"8/29/21 21:59","1023429.46666667"
"8/29/21 22:00","1017475.46666667"
"8/29/21 22:01","956270.266666667"
"8/29/21 22:02","971661.466666667"
"8/29/21 22:03","945709.333333333"
"8/29/21 22:04","970158.533333333"
"8/29/21 22:05","2200717.33333333"
"8/29/21 22:06","950350.666666667"
"8/29/21 22:07","953826.8"
"8/29/21 22:08","961964.933333333"
"8/29/21 22:09","1027664.4"
"8/29/21 22:10","973247.066666667"
"8/29/21 22:11","992097.866666667"
"8/29/21 22:12","2187282.53333333"
"8/29/21 22:13","970322.666666667"
"8/29/21 22:14","965171.333333333"
"8/29/21 22:15","994116.133333333"
"8/29/21 22:16","954977.066666667"
"8/29/21 22:17","961464.933333333"
"8/29/21 22:18","954241.866666667"
"8/29/21 22:19","2040167.2"
"8/29/21 22:20","1313782.8"
"8/29/21 22:21","972308.266666667"
"8/29/21 22:22","973246.533333333"
"8/29/21 22:23","1004967.6"
"8/29/21 22:24","984572.266666667"
"8/29/21 22:25","1092132.13333333"
"8/29/21 22:26","976763.2"
"8/29/21 22:27","1009717.2"
"8/29/21 22:28","1057644.26666667"
"8/29/21 22:29","1016697.2"
"8/29/21 22:30","1011426.93333333"
"8/29/21 22:31","1211186.0"
"8/29/21 22:32","1088071.06666667"
"8/29/21 22:33","1004983.73333333"
"8/29/21 22:34","2078871.86666667"
"8/29/21 22:35","1388870.4"
"8/29/21 22:36","991768.666666667"
"8/29/21 22:37","1007652.66666667"
"8/29/21 22:38","1031155.73333333"
"8/29/21 22:39","2046027.33333333"
"8/29/21 22:40","1350268.13333333"
"8/29/21 22:41","2040877.73333333"
"8/29/21 22:42","1375965.33333333"
"8/29/21 22:43","973261.333333333"
"8/29/21 22:44","993221.066666667"
"8/29/21 22:45","993427.333333333"
"8/29/21 22:46","1073640.93333333"
"8/29/21 22:47","1022483.6"
"8/29/21 22:48","1018567.06666667"
"8/29/21 22:49","1018269.33333333"
"8/29/21 22:50","1079162.66666667"
"8/29/21 22:51","985314.666666667"
"8/29/21 22:52","1001859.2"
"8/29/21 22:53","1104232.93333333"
"8/29/21 22:54","998403.066666667"
"8/29/21 22:55","1005515.73333333"
"8/29/21 22:56","1019470.93333333"
"8/29/21 22:57","1035263.6"
"8/29/21 22:58","999571.2"
"8/29/21 22:59","960132.133333333"
"8/29/21 23:00","953295.2"
"8/29/21 23:01","955034.666666667"
"8/29/21 23:02","996188.133333333"
"8/29/21 23:03","957423.466666667"
"8/29/21 23:04","1025716.8"
"8/29/21 23:05","2006523.33333333"
"8/29/21 23:06","1224406.13333333"
"8/29/21 23:07","971513.866666667"
"8/29/21 23:08","1550832.66666667"
"8/29/21 23:09","1103088.66666667"
"8/29/21 23:10","965107.066666667"
"8/29/21 23:11","972465.066666667"
"8/29/21 23:12","2139859.33333333"
"8/29/21 23:13","1079676.4"
"8/29/21 23:14","997795.466666667"
"8/29/21 23:15","1011655.06666667"
"8/29/21 23:16","1002154.53333333"
"8/29/21 23:17","1461887.6"
"8/29/21 23:18","1010431.2"
"8/29/21 23:19","2049231.33333333"
"8/29/21 23:20","1367282.26666667"
"8/29/21 23:21","944754.533333333"
"8/29/21 23:22","967419.066666667"
"8/29/21 23:23","237419.333333333"
"8/29/21 23:24","0.0"
"8/29/21 23:25","0.0"
"8/29/21 23:26","0.0"
"8/29/21 23:27","0.0"
"8/29/21 23:28","0.0"
"8/29/21 23:29","0.0"
"8/29/21 23:30","0.0"
"8/29/21 23:31","0.0"
"8/29/21 23:32","0.0"
"8/29/21 23:33","0.0"
"8/29/21 23:34","0.0"
"8/29/21 23:35","0.0"
"8/29/21 23:36","0.0"
"8/29/21 23:37","0.0"
"8/29/21 23:38","0.0"
"8/29/21 23:39","0.0"
"8/29/21 23:40","0.0"
"8/29/21 23:41","0.0"
"8/29/21 23:42","0.0"
"8/29/21 23:43","0.0"
"8/29/21 23:44","0.0"
"8/29/21 23:45","0.0"
"8/29/21 23:46","0.0"
"8/29/21 23:47","0.0"
"8/29/21 23:48","0.0"
"8/29/21 23:49","0.0"
"8/29/21 23:50","0.0"
"8/29/21 23:51","0.0"
"8/29/21 23:52","0.0"
"8/29/21 23:53","0.0"
"8/29/21 23:54","0.0"
"8/29/21 23:55","0.0"
"8/29/21 23:56","0.0"
"8/29/21 23:57","0.0"
"8/29/21 23:58","0.0"
"8/29/21 23:59","0.0"
"8/30/21 0:00","0.0"
"8/30/21 0:01","0.0"
"8/30/21 0:02","0.0"
"8/30/21 0:03","0.0"
"8/30/21 0:04","0.0"
"8/30/21 0:05","0.0"
"8/30/21 0:06","0.0"
"8/30/21 0:07","0.0"
"8/30/21 0:08","0.0"
"8/30/21 0:09","0.0"
"8/30/21 0:10","0.0"
"8/30/21 0:11","0.0"
"8/30/21 0:12","0.0"
"8/30/21 0:13","0.0"
"8/30/21 0:14","0.0"
"8/30/21 0:15","0.0"
"8/30/21 0:16","0.0"
"8/30/21 0:17","0.0"
"8/30/21 0:18","0.0"
"8/30/21 0:19","0.0"
"8/30/21 0:20","0.0"
"8/30/21 0:21","0.0"
"8/30/21 0:22","0.0"
"8/30/21 0:23","0.0"
"8/30/21 0:24","0.0"
"8/30/21 0:25","0.0"
"8/30/21 0:26","0.0"
"8/30/21 0:27","0.0"
"8/30/21 0:28","0.0"
"8/30/21 0:29","0.0"
"8/30/21 0:30","0.0"
"8/30/21 0:31","0.0"
"8/30/21 0:32","0.0"
"8/30/21 0:33","0.0"
"8/30/21 0:34","0.0"
"8/30/21 0:35","0.0"
"8/30/21 0:36","0.0"
"8/30/21 0:37","0.0"
"8/30/21 0:38","0.0"
"8/30/21 0:39","0.0"
"8/30/21 0:40","0.0"
"8/30/21 0:41","0.0"
"8/30/21 0:42","0.0"
"8/30/21 0:43","0.0"
"8/30/21 0:44","0.0"
"8/30/21 0:45","0.0"
"8/30/21 0:46","0.0"
"8/30/21 0:47","0.0"
"8/30/21 0:48","0.0"
"8/30/21 0:49","0.0"
"8/30/21 0:50","0.0"
"8/30/21 0:51","0.0"
"8/30/21 0:52","0.0"
"8/30/21 0:53","0.0"
"8/30/21 0:54","0.0"
"8/30/21 0:55","0.0"
"8/30/21 0:56","0.0"
"8/30/21 0:57","0.0"
"8/30/21 0:58","0.0"
"8/30/21 0:59","0.0"
"8/30/21 1:00","0.0"
"8/30/21 1:01","0.0"
"8/30/21 1:02","0.0"
"8/30/21 1:03","0.0"
"8/30/21 1:04","0.0"
"8/30/21 1:05","0.0"
"8/30/21 1:06","0.0"
"8/30/21 1:07","0.0"
"8/30/21 1:08","0.0"
"8/30/21 1:09","0.0"
"8/30/21 1:10","0.0"
"8/30/21 1:11","0.0"
"8/30/21 1:12","0.0"
"8/30/21 1:13","0.0"
"8/30/21 1:14","0.0"
"8/30/21 1:15","0.0"
"8/30/21 1:16","0.0"
"8/30/21 1:17","0.0"
"8/30/21 1:18","0.0"
"8/30/21 1:19","0.0"
"8/30/21 1:20","0.0"
"8/30/21 1:21","0.0"
"8/30/21 1:22","0.0"
"8/30/21 1:23","0.0"
"8/30/21 1:24","0.0"
"8/30/21 1:25","0.0"
"8/30/21 1:26","0.0"
"8/30/21 1:27","0.0"
"8/30/21 1:28","0.0"
"8/30/21 1:29","0.0"
"8/30/21 1:30","0.0"
"8/30/21 1:31","0.0"
"8/30/21 1:32","0.0"
"8/30/21 1:33","0.0"
"8/30/21 1:34","0.0"
"8/30/21 1:35","0.0"
"8/30/21 1:36","0.0"
"8/30/21 1:37","0.0"
"8/30/21 1:38","0.0"
"8/30/21 1:39","0.0"
"8/30/21 1:40","0.0"
"8/30/21 1:41","0.0"
"8/30/21 1:42","0.0"
"8/30/21 1:43","0.0"
"8/30/21 1:44","0.0"
"8/30/21 1:45","0.0"
"8/30/21 1:46","0.0"
"8/30/21 1:47","0.0"
"8/30/21 1:48","0.0"
"8/30/21 1:49","0.0"
"8/30/21 1:50","0.0"
"8/30/21 1:51","0.0"
"8/30/21 1:52","0.0"
"8/30/21 1:53","0.0"
"8/30/21 1:54","0.0"
"8/30/21 1:55","0.0"
"8/30/21 1:56","0.0"
"8/30/21 1:57","0.0"
"8/30/21 1:58","0.0"
"8/30/21 1:59","0.0"
"8/30/21 2:00","0.0"
"8/30/21 2:01","0.0"
"8/30/21 2:02","0.0"
"8/30/21 2:03","0.0"
"8/30/21 2:04","0.0"
"8/30/21 2:05","0.0"
"8/30/21 2:06","0.0"
"8/30/21 2:07","0.0"
"8/30/21 2:08","0.0"
"8/30/21 2:09","0.0"
"8/30/21 2:10","0.0"
"8/30/21 2:11","0.0"
"8/30/21 2:12","0.0"
"8/30/21 2:13","0.0"
"8/30/21 2:14","0.0"
"8/30/21 2:15","0.0"
"8/30/21 2:16","0.0"
"8/30/21 2:17","0.0"
"8/30/21 2:18","0.0"
"8/30/21 2:19","0.0"
"8/30/21 2:20","0.0"
"8/30/21 2:21","0.0"
"8/30/21 2:22","0.0"
"8/30/21 2:23","0.0"
"8/30/21 2:24","0.0"
"8/30/21 2:25","0.0"
"8/30/21 2:26","0.0"
"8/30/21 2:27","0.0"
"8/30/21 2:28","0.0"
"8/30/21 2:29","0.0"
"8/30/21 2:30","0.0"
"8/30/21 2:31","0.0"
"8/30/21 2:32","0.0"
"8/30/21 2:33","0.0"
"8/30/21 2:34","0.0"
"8/30/21 2:35","0.0"
"8/30/21 2:36","0.0"
"8/30/21 2:37","0.0"
"8/30/21 2:38","0.0"
"8/30/21 2:39","0.0"
"8/30/21 2:40","0.0"
"8/30/21 2:41","0.0"
"8/30/21 2:42","0.0"
"8/30/21 2:43","0.0"
"8/30/21 2:44","0.0"
"8/30/21 2:45","0.0"
"8/30/21 2:46","0.0"
"8/30/21 2:47","0.0"
"8/30/21 2:48","0.0"
"8/30/21 2:49","0.0"
"8/30/21 2:50","0.0"
"8/30/21 2:51","0.0"
"8/30/21 2:52","0.0"
"8/30/21 2:53","0.0"
"8/30/21 2:54","0.0"
"8/30/21 2:55","0.0"
"8/30/21 2:56","0.0"
"8/30/21 2:57","0.0"
"8/30/21 2:58","0.0"
"8/30/21 2:59","0.0"
"8/30/21 3:00","0.0"
"8/30/21 3:01","0.0"
"8/30/21 3:02","0.0"
"8/30/21 3:03","0.0"
"8/30/21 3:04","0.0"
"8/30/21 3:05","0.0"
"8/30/21 3:06","0.0"
"8/30/21 3:07","0.0"
"8/30/21 3:08","0.0"
"8/30/21 3:09","0.0"
"8/30/21 3:10","0.0"
"8/30/21 3:11","0.0"
"8/30/21 3:12","0.0"
"8/30/21 3:13","0.0"
"8/30/21 3:14","0.0"
"8/30/21 3:15","0.0"
"8/30/21 3:16","0.0"
"8/30/21 3:17","0.0"
"8/30/21 3:18","0.0"
"8/30/21 3:19","0.0"
"8/30/21 3:20","0.0"
"8/30/21 3:21","0.0"
"8/30/21 3:22","0.0"
"8/30/21 3:23","0.0"
"8/30/21 3:24","0.0"
"8/30/21 3:25","0.0"
"8/30/21 3:26","0.0"
"8/30/21 3:27","0.0"
"8/30/21 3:28","0.0"
"8/30/21 3:29","0.0"
"8/30/21 3:30","0.0"
"8/30/21 3:31","0.0"
"8/30/21 3:32","0.0"
"8/30/21 3:33","0.0"
"8/30/21 3:34","0.0"
"8/30/21 3:35","0.0"
"8/30/21 3:36","0.0"
"8/30/21 3:37","0.0"
"8/30/21 3:38","0.0"
"8/30/21 3:39","0.0"
"8/30/21 3:40","0.0"
"8/30/21 3:41","0.0"
"8/30/21 3:42","0.0"
"8/30/21 3:43","0.0"
"8/30/21 3:44","0.0"
"8/30/21 3:45","0.0"
"8/30/21 3:46","0.0"
"8/30/21 3:47","0.0"
"8/30/21 3:48","0.0"
"8/30/21 3:49","0.0"
"8/30/21 3:50","0.0"
"8/30/21 3:51","0.0"
"8/30/21 3:52","0.0"
"8/30/21 3:53","0.0"
"8/30/21 3:54","0.0"
"8/30/21 3:55","0.0"
"8/30/21 3:56","0.0"
"8/30/21 3:57","0.0"
"8/30/21 3:58","0.0"
"8/30/21 3:59","0.0"
"8/30/21 4:00","0.0"
"8/30/21 4:01","0.0"
"8/30/21 4:02","0.0"
"8/30/21 4:03","0.0"
"8/30/21 4:04","0.0"
"8/30/21 4:05","0.0"
"8/30/21 4:06","0.0"
"8/30/21 4:07","0.0"
"8/30/21 4:08","0.0"
"8/30/21 4:09","0.0"
"8/30/21 4:10","0.0"
"8/30/21 4:11","0.0"
"8/30/21 4:12","0.0"
"8/30/21 4:13","0.0"
"8/30/21 4:14","0.0"
"8/30/21 4:15","0.0"
"8/30/21 4:16","0.0"
"8/30/21 4:17","0.0"
"8/30/21 4:18","0.0"
"8/30/21 4:19","0.0"
"8/30/21 4:20","0.0"
"8/30/21 4:21","0.0"
"8/30/21 4:22","0.0"
"8/30/21 4:23","0.0"
"8/30/21 4:24","0.0"
"8/30/21 4:25","0.0"
"8/30/21 4:26","0.0"
"8/30/21 4:27","0.0"
"8/30/21 4:28","0.0"
"8/30/21 4:29","0.0"
"8/30/21 4:30","0.0"
"8/30/21 4:31","0.0"
"8/30/21 4:32","0.0"
"8/30/21 4:33","0.0"
"8/30/21 4:34","0.0"
"8/30/21 4:35","0.0"
"8/30/21 4:36","0.0"
"8/30/21 4:37","0.0"
"8/30/21 4:38","0.0"
"8/30/21 4:39","0.0"
"8/30/21 4:40","0.0"
"8/30/21 4:41","0.0"
"8/30/21 4:42","0.0"
"8/30/21 4:43","0.0"
"8/30/21 4:44","0.0"
"8/30/21 4:45","0.0"
"8/30/21 4:46","0.0"
"8/30/21 4:47","0.0"
"8/30/21 4:48","0.0"
"8/30/21 4:49","0.0"
"8/30/21 4:50","0.0"
"8/30/21 4:51","0.0"
"8/30/21 4:52","0.0"
"8/30/21 4:53","0.0"
"8/30/21 4:54","0.0"
"8/30/21 4:55","0.0"
"8/30/21 4:56","0.0"
"8/30/21 4:57","0.0"
"8/30/21 4:58","0.0"
"8/30/21 4:59","0.0"
"8/30/21 5:00","0.0"
"8/30/21 5:01","0.0"
"8/30/21 5:02","0.0"
"8/30/21 5:03","0.0"
"8/30/21 5:04","0.0"
"8/30/21 5:05","0.0"
"8/30/21 5:06","0.0"
"8/30/21 5:07","0.0"
"8/30/21 5:08","0.0"
"8/30/21 5:09","0.0"
"8/30/21 5:10","0.0"
"8/30/21 5:11","0.0"
"8/30/21 5:12","0.0"
"8/30/21 5:13","0.0"
"8/30/21 5:14","0.0"
"8/30/21 5:15","0.0"
"8/30/21 5:16","0.0"
"8/30/21 5:17","0.0"
"8/30/21 5:18","0.0"
"8/30/21 5:19","0.0"
"8/30/21 5:20","0.0"
"8/30/21 5:21","0.0"
"8/30/21 5:22","0.0"
"8/30/21 5:23","0.0"
"8/30/21 5:24","0.0"
"8/30/21 5:25","0.0"
"8/30/21 5:26","0.0"
"8/30/21 5:27","0.0"
"8/30/21 5:28","0.0"
"8/30/21 5:29","0.0"
"8/30/21 5:30","0.0"
"8/30/21 5:31","0.0"
"8/30/21 5:32","0.0"
"8/30/21 5:33","0.0"
"8/30/21 5:34","0.0"
"8/30/21 5:35","0.0"
"8/30/21 5:36","0.0"
"8/30/21 5:37","0.0"
"8/30/21 5:38","0.0"
"8/30/21 5:39","0.0"
"8/30/21 5:40","0.0"
"8/30/21 5:41","0.0"
"8/30/21 5:42","0.0"
"8/30/21 5:43","0.0"
"8/30/21 5:44","0.0"
"8/30/21 5:45","0.0"
"8/30/21 5:46","0.0"
"8/30/21 5:47","0.0"
"8/30/21 5:48","0.0"
"8/30/21 5:49","0.0"
"8/30/21 5:50","0.0"
"8/30/21 5:51","0.0"
"8/30/21 5:52","0.0"
"8/30/21 5:53","0.0"
"8/30/21 5:54","0.0"
"8/30/21 5:55","0.0"
"8/30/21 5:56","0.0"
"8/30/21 5:57","0.0"
"8/30/21 5:58","0.0"
"8/30/21 5:59","0.0"
"8/30/21 6:00","0.0"
"8/30/21 6:01","0.0"
"8/30/21 6:02","0.0"
"8/30/21 6:03","0.0"
"8/30/21 6:04","0.0"
"8/30/21 6:05","0.0"
"8/30/21 6:06","0.0"
"8/30/21 6:07","0.0"
"8/30/21 6:08","0.0"
"8/30/21 6:09","0.0"
"8/30/21 6:10","0.0"
"8/30/21 6:11","0.0"
"8/30/21 6:12","0.0"
"8/30/21 6:13","0.0"
"8/30/21 6:14","0.0"
"8/30/21 6:15","0.0"
"8/30/21 6:16","0.0"
"8/30/21 6:17","0.0"
"8/30/21 6:18","0.0"
"8/30/21 6:19","0.0"
"8/30/21 6:20","0.0"
"8/30/21 6:21","0.0"
"8/30/21 6:22","0.0"
"8/30/21 6:23","0.0"
"8/30/21 6:24","0.0"
"8/30/21 6:25","0.0"
"8/30/21 6:26","0.0"
"8/30/21 6:27","0.0"
"8/30/21 6:28","0.0"
"8/30/21 6:29","0.0"
"8/30/21 6:30","0.0"
"8/30/21 6:31","0.0"
"8/30/21 6:32","0.0"
"8/30/21 6:33","0.0"
"8/30/21 6:34","0.0"
"8/30/21 6:35","0.0"
"8/30/21 6:36","0.0"
"8/30/21 6:37","0.0"
"8/30/21 6:38","0.0"
"8/30/21 6:39","0.0"
"8/30/21 6:40","0.0"
"8/30/21 6:41","0.0"
"8/30/21 6:42","0.0"
"8/30/21 6:43","0.0"
"8/30/21 6:44","0.0"
"8/30/21 6:45","0.0"
"8/30/21 6:46","0.0"
"8/30/21 6:47","0.0"
"8/30/21 6:48","0.0"
"8/30/21 6:49","0.0"
"8/30/21 6:50","0.0"
"8/30/21 6:51","0.0"
"8/30/21 6:52","0.0"
"8/30/21 6:53","0.0"
"8/30/21 6:54","0.0"
"8/30/21 6:55","0.0"
"8/30/21 6:56","0.0"
"8/30/21 6:57","0.0"
"8/30/21 6:58","0.0"
"8/30/21 6:59","0.0"
"8/30/21 7:00","0.0"
"8/30/21 7:01","0.0"
"8/30/21 7:02","0.0"
"8/30/21 7:03","0.0"
"8/30/21 7:04","0.0"
"8/30/21 7:05","0.0"
"8/30/21 7:06","0.0"
"8/30/21 7:07","0.0"
"8/30/21 7:08","0.0"
"8/30/21 7:09","0.0"
"8/30/21 7:10","0.0"
"8/30/21 7:11","0.0"
"8/30/21 7:12","0.0"
"8/30/21 7:13","0.0"
"8/30/21 7:14","0.0"
"8/30/21 7:15","0.0"
"8/30/21 7:16","0.0"
"8/30/21 7:17","0.0"
"8/30/21 7:18","0.0"
"8/30/21 7:19","0.0"
"8/30/21 7:20","0.0"
"8/30/21 7:21","0.0"
"8/30/21 7:22","0.0"
"8/30/21 7:23","0.0"
"8/30/21 7:24","0.0"
"8/30/21 7:25","0.0"
"8/30/21 7:26","29465.0666666667"
"8/30/21 7:27","96576.8"
"8/30/21 7:28","782060.533333333"
"8/30/21 7:29","918887.733333333"
"8/30/21 7:30","1004812.53333333"
"8/30/21 7:31","1422901.73333333"
"8/30/21 7:32","1345454.8"
"8/30/21 7:33","1125161.73333333"
"8/30/21 7:34","1468080.93333333"
"8/30/21 7:35","1052260.66666667"
"8/30/21 7:36","988050.533333333"
"8/30/21 7:37","1069967.06666667"
"8/30/21 7:38","1086725.6"
"8/30/21 7:39","1344695.33333333"
"8/30/21 7:40","972191.2"
"8/30/21 7:41","1080839.33333333"
"8/30/21 7:42","1263778.53333333"
"8/30/21 7:43","1093263.6"
"8/30/21 7:44","995486.133333333"
"8/30/21 7:45","1006823.73333333"
"8/30/21 7:46","2107321.73333333"
"8/30/21 7:47","1397763.6"
"8/30/21 7:48","2054471.6"
"8/30/21 7:49","1314876.0"
"8/30/21 7:50","1086877.46666667"
"8/30/21 7:51","965733.6"
"8/30/21 7:52","2165307.06666667"
"8/30/21 7:53","1027785.2"
"8/30/21 7:54","987324.933333333"
"8/30/21 7:55","974222.133333333"
"8/30/21 7:56","1230377.33333333"
"8/30/21 7:57","961514.8"
"8/30/21 7:58","1063825.2"
"8/30/21 7:59","964818.133333333"
"8/30/21 8:00","941705.466666667"
"8/30/21 8:01","965623.066666667"
"8/30/21 8:02","941582.533333333"
"8/30/21 8:03","940309.066666667"
"8/30/21 8:04","946162.533333333"
"8/30/21 8:05","949692.266666667"
"8/30/21 8:06","927888.933333333"
"8/30/21 8:07","934265.2"
"8/30/21 8:08","942675.6"
"8/30/21 8:09","916154.533333333"
"8/30/21 8:10","922843.066666667"
"8/30/21 8:11","938259.333333333"
"8/30/21 8:12","978455.466666667"
"8/30/21 8:13","913892.0"
"8/30/21 8:14","941463.866666667"
"8/30/21 8:15","1269643.2"
"8/30/21 8:16","1868109.6"
"8/30/21 8:17","1345726.4"
"8/30/21 8:18","1580760.13333333"
"8/30/21 8:19","2334279.86666667"
"8/30/21 8:20","1398248.13333333"
"8/30/21 8:21","934570.4"
"8/30/21 8:22","947622.4"
"8/30/21 8:23","1000460.26666667"
"8/30/21 8:24","953833.733333333"
"8/30/21 8:25","938773.066666667"
"8/30/21 8:26","993913.466666667"
"8/30/21 8:27","933771.733333333"
"8/30/21 8:28","955652.533333333"
"8/30/21 8:29","945913.733333333"
"8/30/21 8:30","932401.733333333"
"8/30/21 8:31","947886.0"
"8/30/21 8:32","953044.133333333"
"8/30/21 8:33","943211.733333333"
"8/30/21 8:34","946327.333333333"
"8/30/21 8:35","1045683.46666667"
"8/30/21 8:36","948833.466666667"
"8/30/21 8:37","941732.933333333"
"8/30/21 8:38","947220.133333333"
"8/30/21 8:39","935668.4"
"8/30/21 8:40","1072522.66666667"
"8/30/21 8:41","1063461.46666667"
"8/30/21 8:42","976794.8"
"8/30/21 8:43","976120.133333333"
"8/30/21 8:44","947490.4"
"8/30/21 8:45","1047151.46666667"
"8/30/21 8:46","1479113.2"
"8/30/21 8:47","1745792.0"
"8/30/21 8:48","1652254.93333333"
"8/30/21 8:49","1806598.13333333"
"8/30/21 8:50","1045855.06666667"
"8/30/21 8:51","956973.333333333"
"8/30/21 8:52","1733621.6"
"8/30/21 8:53","1416412.0"
"8/30/21 8:54","51181.6"
"8/30/21 8:55","872659.866666667"
"8/30/21 8:56","1080457.6"
"8/30/21 8:57","959918.533333333"
"8/30/21 8:58","990836.8"
"8/30/21 8:59","944686.666666667"
"8/30/21 9:00","943774.8"
"8/30/21 9:01","932785.733333333"
"8/30/21 9:02","945393.2"
"8/30/21 9:03","947805.6"
"8/30/21 9:04","937353.333333333"
"8/30/21 9:05","960358.933333333"
"8/30/21 9:06","930595.733333333"
"8/30/21 9:07","935267.6"
"8/30/21 9:08","946905.466666667"
"8/30/21 9:09","930896.133333333"
"8/30/21 9:10","925778.533333333"
"8/30/21 9:11","936025.2"
"8/30/21 9:12","984898.266666667"
"8/30/21 9:13","931742.533333333"
"8/30/21 9:14","947220.4"
"8/30/21 9:15","1263272.66666667"
"8/30/21 9:16","1780404.66666667"
"8/30/21 9:17","2223219.33333333"
"8/30/21 9:18","1227903.33333333"
"8/30/21 9:19","1927134.0"
"8/30/21 9:20","1612055.86666667"
"8/30/21 9:21","1023158.66666667"
"8/30/21 9:22","1029240.0"
"8/30/21 9:23","989561.866666667"
"8/30/21 9:24","992548.666666667"
"8/30/21 9:25","964328.266666667"
"8/30/21 9:26","1030815.33333333"
"8/30/21 9:27","981795.2"
"8/30/21 9:28","963225.333333333"
"8/30/21 9:29","1008892.0"
"8/30/21 9:30","1104083.33333333"
"8/30/21 9:31","1113273.06666667"
"8/30/21 9:32","989859.733333333"
"8/30/21 9:33","997325.733333333"
"8/30/21 9:34","1013668.26666667"
"8/30/21 9:35","1031748.66666667"
"8/30/21 9:36","1016800.0"
"8/30/21 9:37","1003261.33333333"
"8/30/21 9:38","1249652.66666667"
"8/30/21 9:39","1374865.86666667"
"8/30/21 9:40","1088456.93333333"
"8/30/21 9:41","1012754.26666667"
"8/30/21 9:42","1062392.66666667"
"8/30/21 9:43","963280.133333333"
"8/30/21 9:44","1188988.13333333"
"8/30/21 9:45","1029585.73333333"
"8/30/21 9:46","2060587.6"
"8/30/21 9:47","1548461.86666667"
"8/30/21 9:48","2100556.26666667"
"8/30/21 9:49","1397152.66666667"
"8/30/21 9:50","977618.933333333"
"8/30/21 9:51","987957.2"
"8/30/21 9:52","1729183.73333333"
"8/30/21 9:53","1432561.33333333"
"8/30/21 9:54","962060.133333333"
"8/30/21 9:55","957507.333333333"
"8/30/21 9:56","1001512.93333333"
"8/30/21 9:57","938404.933333333"
"8/30/21 9:58","1345716.0"
"8/30/21 9:59","976442.666666667"
"8/30/21 10:00","985394.933333333"
"8/30/21 10:01","1003887.46666667"
"8/30/21 10:02","957048.4"
"8/30/21 10:03","937817.6"
"8/30/21 10:04","943001.2"
"8/30/21 10:05","953748.933333333"
"8/30/21 10:06","951936.133333333"
"8/30/21 10:07","959546.133333333"
"8/30/21 10:08","961256.933333333"
"8/30/21 10:09","939869.733333333"
"8/30/21 10:10","955074.933333333"
"8/30/21 10:11","959348.133333333"
"8/30/21 10:12","1007319.86666667"
"8/30/21 10:13","959147.466666667"
"8/30/21 10:14","1063657.06666667"
"8/30/21 10:15","1309144.4"
"8/30/21 10:16","1781893.46666667"
"8/30/21 10:17","2192979.2"
"8/30/21 10:18","590739.6"
"8/30/21 10:19","400185.866666667"
"8/30/21 10:20","1987527.46666667"
"8/30/21 10:21","1304332.66666667"
"8/30/21 10:22","883729.733333333"
"8/30/21 10:23","867448.266666667"
"8/30/21 10:24","887859.066666667"
"8/30/21 10:25","929607.066666667"
"8/30/21 10:26","989506.533333333"
"8/30/21 10:27","926565.733333333"
"8/30/21 10:28","1479004.0"
"8/30/21 10:29","939318.933333333"
"8/30/21 10:30","937493.333333333"
"8/30/21 10:31","947386.533333333"
"8/30/21 10:32","965747.066666667"
"8/30/21 10:33","919178.933333333"
"8/30/21 10:34","927050.133333333"
"8/30/21 10:35","940217.2"
"8/30/21 10:36","932851.6"
"8/30/21 10:37","927123.466666667"
"8/30/21 10:38","951096.666666667"
"8/30/21 10:39","926303.6"
"8/30/21 10:40","921897.6"
"8/30/21 10:41","945300.666666667"
"8/30/21 10:42","940867.6"
"8/30/21 10:43","945843.2"
"8/30/21 10:44","935998.266666667"
"8/30/21 10:45","939883.466666667"
"8/30/21 10:46","1415280.26666667"
"8/30/21 10:47","1643690.13333333"
"8/30/21 10:48","2290267.6"
"8/30/21 10:49","1315611.46666667"
"8/30/21 10:50","947425.6"
"8/30/21 10:51","941786.4"
"8/30/21 10:52","2158243.46666667"
"8/30/21 10:53","989902.266666667"
"8/30/21 10:54","944398.266666667"
"8/30/21 10:55","931237.466666667"
"8/30/21 10:56","1055528.26666667"
"8/30/21 10:57","933146.4"
"8/30/21 10:58","996072.933333333"
"8/30/21 10:59","942642.266666667"
"8/30/21 11:00","938927.733333333"
"8/30/21 11:01","953225.6"
"8/30/21 11:02","957864.8"
"8/30/21 11:03","974543.2"
"8/30/21 11:04","954426.266666667"
"8/30/21 11:05","1055796.53333333"
"8/30/21 11:06","941490.666666667"
"8/30/21 11:07","960715.6"
"8/30/21 11:08","962320.666666667"
"8/30/21 11:09","948126.133333333"
"8/30/21 11:10","1000589.46666667"
"8/30/21 11:11","1011108.8"
"8/30/21 11:12","1000352.0"
"8/30/21 11:13","958070.666666667"
"8/30/21 11:14","989964.8"
"8/30/21 11:15","1351280.13333333"
"8/30/21 11:16","2107011.73333333"
"8/30/21 11:17","2209558.0"
"8/30/21 11:18","1002340.53333333"
"8/30/21 11:19","2051982.8"
"8/30/21 11:20","1484196.4"
"8/30/21 11:21","983987.733333333"
"8/30/21 11:22","1081139.06666667"
"8/30/21 11:23","1017318.53333333"
"8/30/21 11:24","1017859.33333333"
"8/30/21 11:25","1002227.33333333"
"8/30/21 11:26","1043979.73333333"
"8/30/21 11:27","985151.466666667"
"8/30/21 11:28","989532.0"
"8/30/21 11:29","978271.6"
"8/30/21 11:30","938636.266666667"
"8/30/21 11:31","1061847.86666667"
"8/30/21 11:32","952958.0"
"8/30/21 11:33","949370.133333333"
"8/30/21 11:34","960491.066666667"
"8/30/21 11:35","977799.866666667"
"8/30/21 11:36","964899.733333333"
"8/30/21 11:37","939578.0"
"8/30/21 11:38","957849.2"
"8/30/21 11:39","944320.4"
"8/30/21 11:40","938217.733333333"
"8/30/21 11:41","972785.2"
"8/30/21 11:42","946779.2"
"8/30/21 11:43","978858.666666667"
"8/30/21 11:44","963499.6"
"8/30/21 11:45","955137.066666667"
"8/30/21 11:46","2062959.2"
"8/30/21 11:47","1448127.6"
"8/30/21 11:48","1932845.06666667"
"8/30/21 11:49","2131874.93333333"
"8/30/21 11:50","1368458.8"
"8/30/21 11:51","1098886.0"
"8/30/21 11:52","1345223.06666667"
"8/30/21 11:53","1916265.46666667"
"8/30/21 11:54","1764463.06666667"
"8/30/21 11:55","1416754.26666667"
"8/30/21 11:56","1146377.06666667"
"8/30/21 11:57","999345.333333333"
"8/30/21 11:58","1030797.73333333"
"8/30/21 11:59","1322135.2"
"8/30/21 12:00","1054458.13333333"
"8/30/21 12:01","1281404.93333333"
"8/30/21 12:02","1118178.93333333"
"8/30/21 12:03","1688462.66666667"
"8/30/21 12:04","987695.733333333"
"8/30/21 12:05","993917.733333333"
"8/30/21 12:06","961707.866666667"
"8/30/21 12:07","966603.333333333"
"8/30/21 12:08","970992.133333333"
"8/30/21 12:09","951572.4"
"8/30/21 12:10","952880.933333333"
"8/30/21 12:11","941588.4"
"8/30/21 12:12","983924.4"
"8/30/21 12:13","960549.733333333"
"8/30/21 12:14","964282.8"
"8/30/21 12:15","1850090.93333333"
"8/30/21 12:16","1451924.26666667"
"8/30/21 12:17","1168423.6"
"8/30/21 12:18","1661723.73333333"
"8/30/21 12:19","2083898.66666667"
"8/30/21 12:20","1617348.93333333"
"8/30/21 12:21","947827.066666667"
"8/30/21 12:22","955896.933333333"
"8/30/21 12:23","999729.6"
"8/30/21 12:24","972333.066666667"
"8/30/21 12:25","947470.533333333"
"8/30/21 12:26","1004153.6"
"8/30/21 12:27","953290.933333333"
"8/30/21 12:28","965095.466666667"
"8/30/21 12:29","967219.733333333"
"8/30/21 12:30","966506.133333333"
"8/30/21 12:31","959463.066666667"
"8/30/21 12:32","953448.666666667"
"8/30/21 12:33","949082.0"
"8/30/21 12:34","993700.4"
"8/30/21 12:35","1003530.4"
"8/30/21 12:36","1201292.53333333"
"8/30/21 12:37","1158395.33333333"
"8/30/21 12:38","1831460.59016393"
"8/30/21 12:39","1078524.06779661"
"8/30/21 12:40","1040837.33333333"
"8/30/21 12:41","1083049.06666667"
"8/30/21 12:42","1044179.33333333"
"8/30/21 12:43","963879.333333333"
"8/30/21 12:44","977542.666666667"
"8/30/21 12:45","948617.466666667"
"8/30/21 12:46","1951935.6"
"8/30/21 12:47","1526519.46666667"
"8/30/21 12:48","1637935.06666667"
"8/30/21 12:49","1810259.86666667"
"8/30/21 12:50","1012156.26666667"
"8/30/21 12:51","997162.133333333"
"8/30/21 12:52","1224187.2"
"8/30/21 12:53","1984086.26666667"
"8/30/21 12:54","960761.866666667"
"8/30/21 12:55","992953.2"
"8/30/21 12:56","1152900.0"
"8/30/21 12:57","976815.066666667"
"8/30/21 12:58","984337.866666667"
"8/30/21 12:59","912299.066666667"
"8/30/21 13:00","986538.533333333"
"8/30/21 13:01","974527.466666667"
"8/30/21 13:02","992065.6"
"8/30/21 13:03","975066.133333333"
"8/30/21 13:04","964746.533333333"
"8/30/21 13:05","982588.933333333"
"8/30/21 13:06","954757.6"
"8/30/21 13:07","949606.8"
"8/30/21 13:08","964052.133333333"
"8/30/21 13:09","951809.066666667"
"8/30/21 13:10","966875.333333333"
"8/30/21 13:11","1020095.06666667"
"8/30/21 13:12","1146125.6"
"8/30/21 13:13","1356505.6"
"8/30/21 13:14","1374106.93333333"
"8/30/21 13:15","1466860.26666667"
"8/30/21 13:16","2024717.86666667"
"8/30/21 13:17","1657955.2"
"8/30/21 13:18","1897583.86666667"
"8/30/21 13:19","2202742.4"
"8/30/21 13:20","1542998.13333333"
"8/30/21 13:21","1078243.46666667"
"8/30/21 13:22","1033367.6"
"8/30/21 13:23","1365986.13333333"
"8/30/21 13:24","1121548.66666667"
"8/30/21 13:25","961070.8"
"8/30/21 13:26","1129518.0"
"8/30/21 13:27","1627145.6"
"8/30/21 13:28","1024998.8"
"8/30/21 13:29","1431611.86666667"
"8/30/21 13:30","1464716.0"
"8/30/21 13:31","995601.2"
"8/30/21 13:32","988244.8"
"8/30/21 13:33","981493.866666667"
"8/30/21 13:34","1012810.53333333"
"8/30/21 13:35","975204.933333333"
"8/30/21 13:36","953012.533333333"
"8/30/21 13:37","961814.8"
"8/30/21 13:38","970489.2"
"8/30/21 13:39","975531.733333333"
"8/30/21 13:40","964672.666666667"
"8/30/21 13:41","968458.666666667"
"8/30/21 13:42","945902.266666667"
"8/30/21 13:43","943501.6"
"8/30/21 13:44","972189.066666667"
"8/30/21 13:45","955557.466666667"
"8/30/21 13:46","1589743.2"
"8/30/21 13:47","1837512.53333333"
"8/30/21 13:48","2060281.2"
"8/30/21 13:49","1428279.86666667"
"8/30/21 13:50","1303306.8"
"8/30/21 13:51","972078.666666667"
"8/30/21 13:52","2135960.4"
"8/30/21 13:53","1176170.0"
"8/30/21 13:54","1003774.66666667"
"8/30/21 13:55","982445.466666667"
"8/30/21 13:56","1126667.06666667"
"8/30/21 13:57","952093.066666667"
"8/30/21 13:58","1016097.86666667"
"8/30/21 13:59","998352.266666667"
"8/30/21 14:00","963499.466666667"
"8/30/21 14:01","956167.066666667"
"8/30/21 14:02","964435.2"
"8/30/21 14:03","964511.333333333"
"8/30/21 14:04","955822.4"
"8/30/21 14:05","1008767.73333333"
"8/30/21 14:06","941634.0"
"8/30/21 14:07","938925.6"
"8/30/21 14:08","960913.066666667"
"8/30/21 14:09","929888.933333333"
"8/30/21 14:10","937786.8"
"8/30/21 14:11","958988.0"
"8/30/21 14:12","1016202.93333333"
"8/30/21 14:13","1198887.73333333"
"8/30/21 14:14","1687978.8"
"8/30/21 14:15","2268109.06666667"
"8/30/21 14:16","1726366.26666667"
"8/30/21 14:17","2076830.0"
"8/30/21 14:18","1234942.26666667"
"8/30/21 14:19","1994182.53333333"
"8/30/21 14:20","1503430.53333333"
"8/30/21 14:21","987345.333333333"
"8/30/21 14:22","1022955.06666667"
"8/30/21 14:23","1076091.73333333"
"8/30/21 14:24","1065055.06666667"
"8/30/21 14:25","999295.466666667"
"8/30/21 14:26","1052788.8"
"8/30/21 14:27","1008302.66666667"
"8/30/21 14:28","982467.6"
"8/30/21 14:29","1027168.26666667"
"8/30/21 14:30","1028907.33333333"
"8/30/21 14:31","963336.533333333"
"8/30/21 14:32","1076976.66666667"
"8/30/21 14:33","959583.466666667"
"8/30/21 14:34","969404.0"
"8/30/21 14:35","1021713.06666667"
"8/30/21 14:36","984927.066666667"
"8/30/21 14:37","1241259.73333333"
"8/30/21 14:38","1392730.0"
"8/30/21 14:39","1291389.6"
"8/30/21 14:40","1965914.26666667"
"8/30/21 14:41","1539997.86666667"
"8/30/21 14:42","1356091.33333333"
"8/30/21 14:43","1027737.2"
"8/30/21 14:44","1021571.2"
"8/30/21 14:45","1028712.4"
"8/30/21 14:46","1671947.33333333"
"8/30/21 14:47","1596383.86666667"
"8/30/21 14:48","2187448.13333333"
"8/30/21 14:49","1990758.66666667"
"8/30/21 14:50","1158776.8"
"8/30/21 14:51","1349287.33333333"
"8/30/21 14:52","1657103.6"
"8/30/21 14:53","1201784.53333333"
"8/30/21 14:54","1211669.6"
"8/30/21 14:55","1278254.53333333"
"8/30/21 14:56","1343948.0"
"8/30/21 14:57","1125319.06666667"
"8/30/21 14:58","1098116.26666667"
"8/30/21 14:59","1076907.46666667"
"8/30/21 15:00","1112054.93333333"
"8/30/21 15:01","998764.266666667"
"8/30/21 15:02","1126303.86666667"
"8/30/21 15:03","1014187.86666667"
"8/30/21 15:04","983710.533333333"
"8/30/21 15:05","1025666.66666667"
"8/30/21 15:06","1066060.8"
"8/30/21 15:07","1138844.26666667"
"8/30/21 15:08","1131669.6"
"8/30/21 15:09","1056332.26666667"
"8/30/21 15:10","1034923.33333333"
"8/30/21 15:11","2251740.93333333"
"8/30/21 15:12","1406425.6"
"8/30/21 15:13","1038558.4"
"8/30/21 15:14","1191045.33333333"
"8/30/21 15:15","1021476.26666667"
"8/30/21 15:16","1003647.33333333"
"8/30/21 15:17","1830814.66666667"
"8/30/21 15:18","1398638.66666667"
"8/30/21 15:19","1823391.86666667"
"8/30/21 15:20","1483059.86666667"
"8/30/21 15:21","960664.133333333"
"8/30/21 15:22","980355.6"
"8/30/21 15:23","972312.8"
"8/30/21 15:24","985558.4"
"8/30/21 15:25","969719.066666667"
"8/30/21 15:26","1029366.13333333"
"8/30/21 15:27","876078.266666667"
"8/30/21 15:28","897926.933333333"
"8/30/21 15:29","899496.933333333"
"8/30/21 15:30","889923.2"
"8/30/21 15:31","934521.333333333"
"8/30/21 15:32","923258.133333333"
"8/30/21 15:33","910617.2"
"8/30/21 15:34","903979.2"
"8/30/21 15:35","987917.866666667"
"8/30/21 15:36","925604.4"
"8/30/21 15:37","61483.3333333333"
"8/30/21 15:38","44655.6"
"8/30/21 15:39","92655.3333333333"
"8/30/21 15:40","728.4"
"8/30/21 15:41","242.666666666667"
"8/30/21 15:42","432.8"
"8/30/21 15:43","0.0"
"8/30/21 15:44","0.0"
"8/30/21 15:45","0.0"
"8/30/21 15:46","569.066666666667"
"8/30/21 15:47","21309.7333333333"
"8/30/21 15:48","9619.06666666667"
"8/30/21 15:49","0.0"
"8/30/21 15:50","0.0"
"8/30/21 15:51","415.466666666667"
"8/30/21 15:52","197096.533333333"
"8/30/21 15:53","1892557.2"
"8/30/21 15:54","1437212.4"
"8/30/21 15:55","1020564.8"
"8/30/21 15:56","1073859.06666667"
"8/30/21 15:57","1030903.06666667"
"8/30/21 15:58","1061250.93333333"
"8/30/21 15:59","1039533.6"
"8/30/21 16:00","1034601.33333333"
"8/30/21 16:01","1164020.26666667"
"8/30/21 16:02","1102579.46666667"
"8/30/21 16:03","1218447.6"
"8/30/21 16:04","996668.133333333"
"8/30/21 16:05","985208.8"
"8/30/21 16:06","978467.6"
"8/30/21 16:07","961021.6"
"8/30/21 16:08","1087880.26666667"
"8/30/21 16:09","958348.266666667"
"8/30/21 16:10","970638.8"
"8/30/21 16:11","2029856.13333333"
"8/30/21 16:12","1354912.26666667"
"8/30/21 16:13","965469.333333333"
"8/30/21 16:14","960902.4"
"8/30/21 16:15","974405.466666667"
"8/30/21 16:16","960416.133333333"
"8/30/21 16:17","2197191.86666667"
"8/30/21 16:18","1130919.33333333"
"8/30/21 16:19","2099110.13333333"
"8/30/21 16:20","1739760.53333333"
"8/30/21 16:21","1336324.4"
"8/30/21 16:22","1122787.73333333"
"8/30/21 16:23","1038520.8"
"8/30/21 16:24","1104074.53333333"
"8/30/21 16:25","968491.2"
"8/30/21 16:26","1019934.66666667"
"8/30/21 16:27","968931.866666667"
"8/30/21 16:28","1004126.93333333"
"8/30/21 16:29","1005373.2"
"8/30/21 16:30","999616.533333333"
"8/30/21 16:31","1025239.2"
"8/30/21 16:32","1013038.13333333"
"8/30/21 16:33","1090115.33333333"
"8/30/21 16:34","1097341.33333333"
"8/30/21 16:35","1016308.26666667"
"8/30/21 16:36","996485.6"
"8/30/21 16:37","999004.533333333"
"8/30/21 16:38","1012933.73333333"
"8/30/21 16:39","1008414.0"
"8/30/21 16:40","986255.866666667"
"8/30/21 16:41","1000186.26666667"
"8/30/21 16:42","968989.2"
"8/30/21 16:43","967342.8"
"8/30/21 16:44","970704.133333333"
"8/30/21 16:45","964764.266666667"
"8/30/21 16:46","2018419.33333333"
"8/30/21 16:47","1383885.2"
"8/30/21 16:48","2154822.66666667"
"8/30/21 16:49","1286865.86666667"
"8/30/21 16:50","1016553.2"
"8/30/21 16:51","970281.733333333"
"8/30/21 16:52","1951674.66666667"
"8/30/21 16:53","1339675.6"
"8/30/21 16:54","1023186.8"
"8/30/21 16:55","986298.0"
"8/30/21 16:56","1035345.6"
"8/30/21 16:57","971498.266666667"
"8/30/21 16:58","1038853.33333333"
"8/30/21 16:59","976955.333333333"
"8/30/21 17:00","967028.133333333"
"8/30/21 17:01","962405.733333333"
"8/30/21 17:02","973368.933333333"
"8/30/21 17:03","951114.533333333"
"8/30/21 17:04","1055382.93333333"
"8/30/21 17:05","958998.4"
"8/30/21 17:06","943855.333333333"
"8/30/21 17:07","953163.466666667"
"8/30/21 17:08","965571.333333333"
"8/30/21 17:09","957563.333333333"
"8/30/21 17:10","972764.4"
"8/30/21 17:11","1960698.53333333"
"8/30/21 17:12","1430159.86666667"
"8/30/21 17:13","936274.4"
"8/30/21 17:14","954601.733333333"
"8/30/21 17:15","972562.533333333"
"8/30/21 17:16","975891.466666667"
"8/30/21 17:17","2187000.4"
"8/30/21 17:18","966504.8"
"8/30/21 17:19","2017195.46666667"
"8/30/21 17:20","1560667.6"
"8/30/21 17:21","1101288.26666667"
"8/30/21 17:22","990478.666666667"
"8/30/21 17:23","1029197.86666667"
"8/30/21 17:24","990130.8"
"8/30/21 17:25","1084844.53333333"
"8/30/21 17:26","1024455.06666667"
"8/30/21 17:27","995262.8"
"8/30/21 17:28","973584.4"
"8/30/21 17:29","990046.933333333"
"8/30/21 17:30","987246.533333333"
"8/30/21 17:31","978523.466666667"
"8/30/21 17:32","980605.733333333"
"8/30/21 17:33","950141.466666667"
"8/30/21 17:34","985779.6"
"8/30/21 17:35","1078940.13333333"
"8/30/21 17:36","1081046.66666667"
"8/30/21 17:37","969934.133333333"
"8/30/21 17:38","1328941.2"
"8/30/21 17:39","1558098.26666667"
"8/30/21 17:40","1460884.53333333"
"8/30/21 17:41","1033604.93333333"
"8/30/21 17:42","1040580.66666667"
"8/30/21 17:43","1623385.86666667"
"8/30/21 17:44","1617543.73333333"
"8/30/21 17:45","961878.8"
"8/30/21 17:46","2052123.2"
"8/30/21 17:47","1381942.13333333"
"8/30/21 17:48","2033702.4"
"8/30/21 17:49","1785653.6"
"8/30/21 17:50","1564741.46666667"
"8/30/21 17:51","1129385.46666667"
"8/30/21 17:52","2203254.13333333"
"8/30/21 17:53","1060784.4"
"8/30/21 17:54","1044876.53333333"
"8/30/21 17:55","1050203.73333333"
"8/30/21 17:56","1151228.13333333"
"8/30/21 17:57","983202.533333333"
"8/30/21 17:58","1175657.2"
"8/30/21 17:59","1434894.66666667"
"8/30/21 18:00","1020571.06666667"
"8/30/21 18:01","992250.666666667"
"8/30/21 18:02","979092.0"
"8/30/21 18:03","999494.0"
"8/30/21 18:04","982913.066666667"
"8/30/21 18:05","981084.0"
"8/30/21 18:06","985134.933333333"
"8/30/21 18:07","966390.533333333"
"8/30/21 18:08","965432.0"
"8/30/21 18:09","1079479.86666667"
"8/30/21 18:10","956100.933333333"
"8/30/21 18:11","2100133.73333333"
"8/30/21 18:12","1364370.66666667"
"8/30/21 18:13","987456.133333333"
"8/30/21 18:14","985471.6"
"8/30/21 18:15","1013050.53333333"
"8/30/21 18:16","1018794.13333333"
"8/30/21 18:17","2219054.13333333"
"8/30/21 18:18","1139020.0"
"8/30/21 18:19","2106012.4"
"8/30/21 18:20","1367875.2"
"8/30/21 18:21","988061.6"
"8/30/21 18:22","992911.866666667"
"8/30/21 18:23","972089.066666667"
"8/30/21 18:24","986871.466666667"
"8/30/21 18:25","996306.266666667"
"8/30/21 18:26","1076443.6"
"8/30/21 18:27","1094038.8"
"8/30/21 18:28","976468.4"
"8/30/21 18:29","990052.0"
"8/30/21 18:30","996948.0"
"8/30/21 18:31","1002244.93333333"
"8/30/21 18:32","985866.0"
"8/30/21 18:33","1006027.86666667"
"8/30/21 18:34","1006902.0"
"8/30/21 18:35","1000361.2"
"8/30/21 18:36","1084408.4"
"8/30/21 18:37","1041909.46666667"
"8/30/21 18:38","1008764.8"
"8/30/21 18:39","1020973.73333333"
"8/30/21 18:40","1009214.53333333"
"8/30/21 18:41","1122052.26666667"
"8/30/21 18:42","962656.533333333"
"8/30/21 18:43","982135.866666667"
"8/30/21 18:44","1021634.8"
"8/30/21 18:45","994480.666666667"
"8/30/21 18:46","2034374.53333333"
"8/30/21 18:47","1369081.2"
"8/30/21 18:48","2113793.06666667"
"8/30/21 18:49","1300086.4"
"8/30/21 18:50","978385.466666667"
"8/30/21 18:51","985489.2"
"8/30/21 18:52","2159498.13333333"
"8/30/21 18:53","1219783.73333333"
"8/30/21 18:54","1043398.0"
"8/30/21 18:55","1093730.13333333"
"8/30/21 18:56","1215718.66666667"
"8/30/21 18:57","1117730.66666667"
"8/30/21 18:58","1246184.0"
"8/30/21 18:59","1038362.13333333"
"8/30/21 19:00","1096440.93333333"
"8/30/21 19:01","1000053.86666667"
"8/30/21 19:02","1046229.46666667"
"8/30/21 19:03","998829.2"
"8/30/21 19:04","1002431.06666667"
"8/30/21 19:05","1022559.6"
"8/30/21 19:06","1005942.0"
"8/30/21 19:07","975324.4"
"8/30/21 19:08","971379.333333333"
"8/30/21 19:09","956500.133333333"
"8/30/21 19:10","979094.0"
"8/30/21 19:11","2154386.66666667"
"8/30/21 19:12","1497367.33333333"
"8/30/21 19:13","1025080.0"
"8/30/21 19:14","1024549.73333333"
"8/30/21 19:15","1076086.26666667"
"8/30/21 19:16","1172768.66666667"
"8/30/21 19:17","2213478.93333333"
"8/30/21 19:18","1404933.6"
"8/30/21 19:19","2270610.53333333"
"8/30/21 19:20","1897174.4"
"8/30/21 19:21","1389309.33333333"
"8/30/21 19:22","987960.266666667"
"8/30/21 19:23","981004.0"
"8/30/21 19:24","973599.066666667"
"8/30/21 19:25","987125.733333333"
"8/30/21 19:26","1029433.73333333"
"8/30/21 19:27","981289.6"
"8/30/21 19:28","980366.533333333"
"8/30/21 19:29","981916.4"
"8/30/21 19:30","958307.333333333"
"8/30/21 19:31","981237.2"
"8/30/21 19:32","974488.933333333"
"8/30/21 19:33","958782.4"
"8/30/21 19:34","978023.6"
"8/30/21 19:35","984341.866666667"
"8/30/21 19:36","975059.6"
"8/30/21 19:37","945896.0"
"8/30/21 19:38","976661.733333333"
"8/30/21 19:39","958587.2"
"8/30/21 19:40","966465.2"
"8/30/21 19:41","971391.2"
"8/30/21 19:42","961960.666666667"
"8/30/21 19:43","964975.466666667"
"8/30/21 19:44","1076042.53333333"
"8/30/21 19:45","947841.066666667"
"8/30/21 19:46","2093953.6"
"8/30/21 19:47","1337531.06666667"
"8/30/21 19:48","2075971.73333333"
"8/30/21 19:49","1309527.86666667"
"8/30/21 19:50","1012948.4"
"8/30/21 19:51","1016798.93333333"
"8/30/21 19:52","1163960.26666667"
"8/30/21 19:53","2041646.26666667"
"8/30/21 19:54","983893.733333333"
"8/30/21 19:55","982054.266666667"
"8/30/21 19:56","1257472.93333333"
"8/30/21 19:57","1326329.06666667"
"8/30/21 19:58","1051078.0"
"8/30/21 19:59","1005901.06666667"
"8/30/21 20:00","1004353.33333333"
"8/30/21 20:01","1043577.86666667"
"8/30/21 20:02","1041192.26666667"
"8/30/21 20:03","1178402.0"
"8/30/21 20:04","993889.866666667"
"8/30/21 20:05","1035288.8"
"8/30/21 20:06","1150691.86666667"
"8/30/21 20:07","1117458.4"
"8/30/21 20:08","1060710.0"
"8/30/21 20:09","1022830.13333333"
"8/30/21 20:10","1007379.86666667"
"8/30/21 20:11","2073960.13333333"
"8/30/21 20:12","1372537.6"
"8/30/21 20:13","988948.8"
"8/30/21 20:14","997738.133333333"
"8/30/21 20:15","1003870.8"
"8/30/21 20:16","970659.2"
"8/30/21 20:17","1375849.06666667"
"8/30/21 20:18","1805214.26666667"
"8/30/21 20:19","2067544.26666667"
"8/30/21 20:20","1317388.4"
"8/30/21 20:21","958660.0"
"8/30/21 20:22","963506.8"
"8/30/21 20:23","1057253.73333333"
"8/30/21 20:24","1014706.66666667"
"8/30/21 20:25","972708.933333333"
"8/30/21 20:26","1133060.53333333"
"8/30/21 20:27","1200666.93333333"
"8/30/21 20:28","1045622.4"
"8/30/21 20:29","1060937.6"
"8/30/21 20:30","1061442.4"
"8/30/21 20:31","1146421.86666667"
"8/30/21 20:32","1165497.46666667"
"8/30/21 20:33","1226572.66666667"
"8/30/21 20:34","1050052.8"
"8/30/21 20:35","1376904.53333333"
"8/30/21 20:36","997036.8"
"8/30/21 20:37","1305824.13333333"
"8/30/21 20:38","1512523.73333333"
"8/30/21 20:39","1538043.73333333"
"8/30/21 20:40","1355028.0"
"8/30/21 20:41","1323715.6"
"8/30/21 20:42","1086916.8"
"8/30/21 20:43","1036021.6"
"8/30/21 20:44","1014253.6"
"8/30/21 20:45","969427.466666667"
"8/30/21 20:46","2137982.93333333"
"8/30/21 20:47","1223898.26666667"
"8/30/21 20:48","2018290.93333333"
"8/30/21 20:49","1535358.0"
"8/30/21 20:50","1032360.13333333"
"8/30/21 20:51","1033724.13333333"
"8/30/21 20:52","1163541.06666667"
"8/30/21 20:53","2275565.46666667"
"8/30/21 20:54","1096722.26666667"
"8/30/21 20:55","1004277.73333333"
"8/30/21 20:56","1159350.8"
"8/30/21 20:57","1067838.66666667"
"8/30/21 20:58","1126661.46666667"
"8/30/21 20:59","1012446.8"
"8/30/21 21:00","1004299.86666667"
"8/30/21 21:01","1041858.8"
"8/30/21 21:02","1073082.66666667"
"8/30/21 21:03","1067613.06666667"
"8/30/21 21:04","1031162.26666667"
"8/30/21 21:05","1032956.26666667"
"8/30/21 21:06","1054794.4"
"8/30/21 21:07","1017957.86666667"
"8/30/21 21:08","1069355.86666667"
"8/30/21 21:09","1025168.8"
"8/30/21 21:10","1006537.46666667"
"8/30/21 21:11","2133970.13333333"
"8/30/21 21:12","1413869.73333333"
"8/30/21 21:13","966180.4"
"8/30/21 21:14","1561501.2"
"8/30/21 21:15","1234251.86666667"
"8/30/21 21:16","1019523.86666667"
"8/30/21 21:17","2211203.06666667"
"8/30/21 21:18","1011977.73333333"
"8/30/21 21:19","2061307.73333333"
"8/30/21 21:20","1491539.73333333"
"8/30/21 21:21","988475.866666667"
"8/30/21 21:22","1109424.93333333"
"8/30/21 21:23","1010659.73333333"
"8/30/21 21:24","996948.133333333"
"8/30/21 21:25","1001879.86666667"
"8/30/21 21:26","1037462.8"
"8/30/21 21:27","1019988.93333333"
"8/30/21 21:28","939161.2"
"8/30/21 21:29","895114.266666667"
"8/30/21 21:30","931743.733333333"
"8/30/21 21:31","876276.533333333"
"8/30/21 21:32","878624.933333333"
"8/30/21 21:33","913478.8"
"8/30/21 21:34","883589.733333333"
"8/30/21 21:35","876206.133333333"
"8/30/21 21:36","968944.266666667"
"8/30/21 21:37","987381.066666667"
"8/30/21 21:38","998342.933333333"
"8/30/21 21:39","953706.0"
"8/30/21 21:40","944561.6"
"8/30/21 21:41","992212.666666667"
"8/30/21 21:42","1152280.8"
"8/30/21 21:43","1109951.6"
"8/30/21 21:44","1169358.26666667"
"8/30/21 21:45","992903.2"
"8/30/21 21:46","2069299.33333333"
"8/30/21 21:47","1380423.33333333"
"8/30/21 21:48","2115386.4"
"8/30/21 21:49","1460952.8"
"8/30/21 21:50","1053771.33333333"
"8/30/21 21:51","1081693.73333333"
"8/30/21 21:52","2201239.2"
"8/30/21 21:53","1186913.33333333"
"8/30/21 21:54","1287727.33333333"
"8/30/21 21:55","1047574.66666667"
"8/30/21 21:56","1057690.66666667"
"8/30/21 21:57","988134.533333333"
"8/30/21 21:58","1090440.0"
"8/30/21 21:59","970774.4"
"8/30/21 22:00","980950.133333333"
"8/30/21 22:01","1060135.06666667"
"8/30/21 22:02","1015968.8"
"8/30/21 22:03","1048473.33333333"
"8/30/21 22:04","1142814.66666667"
"8/30/21 22:05","1021670.93333333"
"8/30/21 22:06","1006000.13333333"
"8/30/21 22:07","1029590.8"
"8/30/21 22:08","1111803.86666667"
"8/30/21 22:09","1041618.0"
"8/30/21 22:10","1133790.26666667"
"8/30/21 22:11","2108365.06666667"
"8/30/21 22:12","1480681.46666667"
"8/30/21 22:13","1021430.66666667"
"8/30/21 22:14","1039199.86666667"
"8/30/21 22:15","1032290.66666667"
"8/30/21 22:16","1160971.73333333"
"8/30/21 22:17","1608764.26666667"
"8/30/21 22:18","2135955.06666667"
"8/30/21 22:19","2388045.06666667"
"8/30/21 22:20","1490803.86666667"
"8/30/21 22:21","1032694.93333333"
"8/30/21 22:22","1215478.66666667"
"8/30/21 22:23","1022482.26666667"
"8/30/21 22:24","1052354.26666667"
"8/30/21 22:25","1061750.8"
"8/30/21 22:26","1106654.8"
"8/30/21 22:27","1133158.13333333"
"8/30/21 22:28","1028315.2"
"8/30/21 22:29","1104596.53333333"
"8/30/21 22:30","1062312.26666667"
"8/30/21 22:31","1293446.13333333"
"8/30/21 22:32","1145626.4"
"8/30/21 22:33","1272777.46666667"
"8/30/21 22:34","1639799.06666667"
"8/30/21 22:35","1094785.6"
"8/30/21 22:36","979539.866666667"
"8/30/21 22:37","1109485.06666667"
"8/30/21 22:38","1055045.2"
"8/30/21 22:39","1015942.4"
"8/30/21 22:40","1021757.06666667"
"8/30/21 22:41","1006835.73333333"
"8/30/21 22:42","1033397.73333333"
"8/30/21 22:43","1008974.66666667"
"8/30/21 22:44","1052872.66666667"
"8/30/21 22:45","1119660.0"
"8/30/21 22:46","2112393.06666667"
"8/30/21 22:47","1576450.4"
"8/30/21 22:48","2164747.46666667"
"8/30/21 22:49","1707831.33333333"
"8/30/21 22:50","1598845.06666667"
"8/30/21 22:51","1268728.13333333"
"8/30/21 22:52","2227805.73333333"
"8/30/21 22:53","1111710.4"
"8/30/21 22:54","1214820.0"
"8/30/21 22:55","982652.133333333"
"8/30/21 22:56","1037961.46666667"
"8/30/21 22:57",
"8/30/21 22:59","1036477.46666667"
"8/30/21 23:00","1614474.26666667"
"8/30/21 23:01","1048056.53333333"
"8/30/21 23:02","1026593.86666667"
"8/30/21 23:03","994385.866666667"
"8/30/21 23:04","987791.333333333"
"8/30/21 23:05","1022866.66666667"
"8/30/21 23:06","1016254.53333333"
"8/30/21 23:07","1008008.53333333"
"8/30/21 23:08","1011686.66666667"
"8/30/21 23:09","1035229.2"
"8/30/21 23:10","998625.733333333"
"8/30/21 23:11","2082446.26666667"
"8/30/21 23:12","1393136.66666667"
"8/30/21 23:13","1014844.13333333"
"8/30/21 23:14","1621801.6"
"8/30/21 23:15","1044297.86666667"
"8/30/21 23:16","1045167.06666667"
"8/30/21 23:17","2210734.8"
"8/30/21 23:18","1205055.73333333"
"8/30/21 23:19","2084164.26666667"
"8/30/21 23:20","1424160.13333333"
"8/30/21 23:21","1045084.53333333"
"8/30/21 23:22","1093052.0"
"8/30/21 23:23","1054911.2"
"8/30/21 23:24","1005104.53333333"
"8/30/21 23:25","962887.333333333"
"8/30/21 23:26","1574970.66666667"
"8/30/21 23:27","1093599.33333333"
"8/30/21 23:28","1146146.26666667"
"8/30/21 23:29","998623.733333333"
"8/30/21 23:30","993588.666666667"
"8/30/21 23:31","1183023.73333333"
"8/30/21 23:32","1341185.46666667"
"8/30/21 23:33","1305528.53333333"
"8/30/21 23:34","1089280.53333333"
"8/30/21 23:35","1000892.0"
"8/30/21 23:36","1032938.93333333"
"8/30/21 23:37","957584.0"
"8/30/21 23:38","1034259.6"
"8/30/21 23:39","1101187.33333333"
"8/30/21 23:40","1547786.0"
"8/30/21 23:41","1279204.66666667"
"8/30/21 23:42","1406714.0"
"8/30/21 23:43","1955974.13333333"
"8/30/21 23:44","1453363.33333333"
"8/30/21 23:45","993599.466666667"




