2434529.73333334,24000000,6000000
2546865.5999999996,24000000,6000000
2334552.8,24000000,6000000
2183994.66666667,24000000,6000000
2193357.733333337,24000000,6000000
2081545.466666663,24000000,6000000
2232755.866666667,24000000,6000000
2121638.5333333327,24000000,6000000
2074943.9999999972,24000000,6000000
2239908.933333337,24000000,6000000
2118659.73333333,18000000,6000000
2070245.333333333,18000000,6000000
2117508.266666663,18000000,6000000
2944863.4666666673,18000000,6000000
2749715.2,18000000,6000000
2450413.066666667,18000000,6000000
2215427.199999997,18000000,6000000
2445764.0,18000000,6000000
2565036.53333333,18000000,6000000
2669312.5333333304,18000000,6000000
2748473.86666667,12000000,6000000
2732222.533333333,12000000,6000000
3301372.8,12000000,6000000
2145280.000000003,12000000,6000000
2306880.4,12000000,6000000
2295197.866666667,12000000,6000000
2150954.9333333373,12000000,6000000
2173548.133333333,12000000,6000000
2252514.66666666,12000000,6000000
2245115.333333337,12000000,6000000
2630640.53333333,6000000,6000000
3702270.4,6000000,6000000
2183429.199999997,6000000,6000000
2188920.5333333327,6000000,6000000
2802815.06666667,6000000,6000000
4350231.2,6000000,6000000
3395705.5999999996,6000000,6000000
2179165.200000003,6000000,6000000
2190910.53333333,6000000,6000000
2169479.599999997,6000000,6000000
3514926.0,6000000,6000000
3266698.53333333,4000000,6000000
2139255.599999997,4000000,6000000
3320540.66666667,5000000,6000000
3581965.2,5000000,6000000
2329610.4,5000000,6000000
2174848.133333337,5000000,6000000
2222446.8,5000000,6000000
2248895.73333333,5000000,6000000
2224987.333333337,5000000,6000000
2225518.133333337,5000000,6000000
2146889.599999997,5000000,6000000
2467520.400000003,5000000,6000000
3084512.9333333373,4000000,6000000
2284044.9333333327,3000000,6000000
2228148.4,3000000,6000000
2318828.4,3000000,6000000
2171124.933333337,3000000,6000000
2171894.0,3000000,6000000
2138078.533333337,3000000,6000000
2120416.9333333327,3000000,6000000
1831519.86666667,3000000,6000000
1236993.3333333333,3000000,6000000
1618056.4000000034,3000000,6000000
1307475.6,3000000,6000000
1259527.86666667,3000000,6000000
1425870.4000000032,3000000,6000000
2324541.2,4000000,6000000
2015037.7333333301,4000000,6000000
2455701.066666667,4000000,6000000
2717913.06666667,4000000,6000000
2070456.666666663,4000000,6000000
2133830.26666667,4000000,6000000
2938433.06666666,4000000,6000000
3894591.2,4000000,6000000
2706439.33333334,4000000,6000000
2334202.26666667,4000000,6000000
2101840.9333333373,4000000,6000000
2178579.33333333,4000000,6000000
2160288.133333333,4000000,6000000
2116689.866666667,4000000,6000000
2935003.3333333367,4000000,6000000
2963602.0,4000000,6000000
2894411.199999997,4000000,6000000
2785224.13333333,5000000,6000000
2629658.5333333397,5000000,6000000
2301696.133333333,5000000,6000000
2557857.2,5000000,6000000
2466811.06666667,5000000,6000000
2452770.4,5000000,6000000
2858674.13333333,5000000,6000000
3177263.33333334,5000000,6000000
2138762.799999997,4000000,6000000
2189246.4,4000000,6000000
2251859.600000003,4000000,6000000
3550060.8,5000000,6000000
3260368.66666666,5000000,6000000
2810256.5333333397,5000000,6000000
3203961.5999999996,6000000,6000000
3104633.06666667,6000000,6000000
4327251.06666667,6000000,6000000
3614398.0,6000000,6000000
3483727.2,6000000,6000000
3868420.26666667,6000000,6000000
3753748.93333333,6000000,6000000
2939812.5333333304,6000000,6000000
3189641.2,6000000,6000000
2097215.066666663,5000000,6000000
2269710.4,5000000,6000000
2899034.93333333,5000000,6000000
2503379.2,5000000,6000000
2846820.93333333,5000000,6000000
3211802.2666666703,6000000,6000000
3475234.8,5000000,6000000
2538264.1333333403,5000000,6000000
2190754.13333333,5000000,6000000
2312088.400000003,5000000,6000000
2262057.86666667,5000000,6000000
2181026.13333333,5000000,6000000
2146246.4000000004,5000000,6000000
2080777.8666666672,5000000,6000000
3141560.66666667,5000000,6000000
2582244.2666666703,4000000,6000000
2063537.0666666671,4000000,6000000
3311975.73333334,4000000,6000000
2557699.46666667,4000000,6000000
2384312.533333337,4000000,6000000
2345224.6666666702,4000000,6000000
2886696.8,4000000,6000000
3270364.266666667,4000000,6000000
2763367.466666667,4000000,6000000
2123514.66666667,4000000,6000000
2131250.6666666633,4000000,6000000
2930254.666666663,4000000,6000000
2748577.333333333,4000000,6000000
2302146.0,4000000,6000000
2352759.866666667,4000000,6000000
2378385.06666667,4000000,6000000
2162180.400000003,4000000,6000000
2310406.26666666,4000000,6000000
2202193.600000003,4000000,6000000
2943632.53333333,5000000,6000000
2806159.3333333298,5000000,6000000
2370205.199999997,5000000,6000000
3130884.13333333,5000000,6000000
3390190.1333333403,5000000,6000000
4285396.800000001,5000000,6000000
3397048.5333333397,5000000,6000000
3275358.5333333304,5000000,6000000
2643829.599999997,5000000,6000000
2773212.13333333,5000000,6000000
3296397.4666666603,5000000,6000000
2173112.133333337,5000000,6000000
2226474.800000003,5000000,6000000
2141545.066666663,4000000,6000000
3462709.6,5000000,6000000
3357219.06666666,4000000,6000000
2186185.333333333,4000000,6000000
2579614.6666666633,4000000,6000000
3303876.5333333304,5000000,6000000
3909716.0,5000000,6000000
3843323.06666667,5000000,6000000
2217943.200000003,5000000,6000000
3452863.0666666697,5000000,6000000
3486511.06666666,5000000,6000000
2164599.200000003,5000000,6000000
2939240.799999997,5000000,6000000
3300679.733333337,5000000,6000000
3191386.66666667,5000000,6000000
2455127.86666667,5000000,6000000
2743573.06666667,4000000,6000000
2074789.86666667,4000000,6000000
2101987.600000003,4000000,6000000
3349397.4666666673,4000000,6000000
2611862.13333333,4000000,6000000
3425778.9333333373,4000000,6000000
3336498.400000003,4000000,6000000
3397278.8000000026,4000000,6000000
2354006.4,4000000,6000000
2238162.666666667,3000000,6000000
2306846.26666667,4000000,6000000
2334712.8,4000000,6000000
2662848.66666667,4000000,6000000
2417394.26666666,4000000,6000000
2728498.8,4000000,6000000
2309300.0,4000000,6000000
2194498.8,4000000,6000000
2231852.800000003,4000000,6000000
2297281.333333337,4000000,6000000
2214850.266666663,4000000,6000000
2281702.2666666703,4000000,6000000
2327291.73333334,4000000,6000000
2265258.53333334,4000000,6000000
3097155.86666667,4000000,6000000
2710057.9999999967,4000000,6000000
2072510.53333333,4000000,6000000
2331059.86666667,4000000,6000000
2048761.7333333371,4000000,6000000
2588635.33333333,4000000,6000000
2223793.73333334,4000000,6000000
2170076.266666667,4000000,6000000
2987173.06666667,4000000,6000000
2789882.93333334,5000000,6000000
2141960.0,5000000,6000000
2167028.133333333,5000000,6000000
2677485.06666667,5000000,6000000
3123508.93333333,5000000,6000000
2224914.0,5000000,6000000
2984202.66666667,5000000,6000000
2392094.93333334,5000000,6000000
2600653.33333333,5000000,6000000
3071902.1333333403,4000000,6000000
2722106.26666667,4000000,6000000
2605084.133333333,4000000,6000000
2619365.86666667,4000000,6000000
3901050.1333333403,5000000,6000000
3723845.06666666,5000000,6000000
2215503.33333333,5000000,6000000
2935291.33333333,5000000,6000000
3418675.86666667,5000000,6000000
3414218.2666666703,5000000,6000000
3321900.93333333,5000000,6000000
3549195.86666667,4000000,6000000
3903469.46666667,5000000,6000000
4359259.06666667,5000000,6000000
2998904.4000000004,5000000,6000000
2417043.066666667,5000000,6000000
2628474.13333333,5000000,6000000
2507764.26666667,5000000,6000000
2222504.933333337,5000000,6000000
3006843.733333333,5000000,6000000
3128974.266666663,5000000,6000000
3468686.133333337,5000000,6000000
3286516.53333333,5000000,6000000
3221019.86666667,5000000,6000000
2955378.400000003,5000000,6000000
2285663.999999997,4000000,6000000
2342797.2,5000000,6000000
2405546.93333334,4000000,6000000
2368647.0666666627,4000000,6000000
2277901.866666667,4000000,6000000
2291550.66666667,4000000,6000000
1906184.0,4000000,6000000
925858.6666666671,4000000,6000000
2260750.000000003,4000000,6000000
3123906.399999997,5000000,6000000
2510287.733333337,5000000,6000000
2564957.733333337,5000000,6000000
1886812.399999997,4000000,6000000
1262535.2,4000000,6000000
2807437.733333337,4000000,6000000
3064678.26666667,4000000,6000000
2756974.400000003,4000000,6000000
3200560.5333333327,4000000,6000000
3288038.9333333327,4000000,6000000
2415303.33333333,4000000,6000000
2538591.066666663,4000000,6000000
2267238.13333333,4000000,6000000
2453170.0,3000000,6000000
2412418.266666667,3000000,6000000
2227956.0,3000000,6000000
3058120.4,4000000,6000000
2748202.26666667,4000000,6000000
2125216.400000003,4000000,6000000
2123137.866666663,4000000,6000000
2612861.06666666,5000000,6000000
2901760.8,5000000,6000000
2049159.4666666668,5000000,6000000
2083660.933333333,5000000,6000000
2048213.466666667,5000000,6000000
2539217.4666666603,5000000,6000000
3022256.26666667,4000000,6000000
2125898.266666667,4000000,6000000
2298581.5999999996,4000000,6000000
2039438.2666666629,4000000,6000000
2734038.93333333,4000000,6000000
2652776.0,4000000,6000000
2049812.9333333329,4000000,6000000
1999936.3999999969,4000000,6000000
2000479.733333337,4000000,6000000
2524847.73333334,4000000,6000000
2665062.4,4000000,6000000
2026515.7333333301,3000000,6000000
2392276.4000000004,4000000,6000000
3172538.26666666,5000000,6000000
2096304.666666663,5000000,6000000
2108871.86666667,5000000,6000000
2050182.933333333,5000000,6000000
2042999.333333333,5000000,6000000
1992550.0,5000000,6000000
2105684.26666667,5000000,6000000
2458641.2,5000000,6000000
2672826.93333333,5000000,6000000
2826618.93333333,5000000,6000000
2571354.93333333,4000000,6000000
2615331.2,4000000,6000000
2757812.26666666,4000000,6000000
1955556.93333333,4000000,6000000
2076457.600000003,4000000,6000000
2578244.8,4000000,6000000
2732675.6,4000000,6000000
2404238.4,4000000,6000000
1971147.6,4000000,6000000
1987736.0,4000000,6000000
2028978.533333333,4000000,6000000
2095443.86666667,4000000,6000000
2005199.06666667,4000000,6000000
2058322.533333333,4000000,6000000
2255194.4,4000000,6000000
2124365.73333333,4000000,6000000
2043979.0666666701,4000000,6000000
2111777.466666663,4000000,6000000
2506490.533333337,4000000,6000000
2143666.4,4000000,6000000
2201814.4,4000000,6000000
2166458.6666666633,3000000,6000000
2109014.266666663,3000000,6000000
2099344.266666663,3000000,6000000
2133384.0,3000000,6000000
2154902.13333333,4000000,6000000
2112926.13333333,4000000,6000000
2069880.933333333,4000000,6000000
2097805.733333333,4000000,6000000
2083603.6,4000000,6000000
2091390.399999997,4000000,6000000
2409250.26666666,4000000,6000000
3128667.33333334,5000000,6000000
1622815.466666667,5000000,6000000
976230.1333333333,5000000,6000000
881751.3333333329,5000000,6000000
1429571.46666667,5000000,6000000
1751068.8000000033,5000000,6000000
910691.6,5000000,6000000
903233.0666666663,5000000,6000000
915900.5333333333,4000000,6000000
1597943.2000000034,4000000,6000000
1460214.9333333333,3000000,6000000
896058.266666667,3000000,6000000
869598.2666666663,3000000,6000000
878690.7999999999,3000000,6000000
1551391.6000000034,3000000,6000000
1435935.0666666634,3000000,6000000
880404.5333333337,3000000,6000000
1352321.06666667,3000000,6000000
1794461.2000000034,2250000,6000000
859766.1333333333,2250000,6000000
866036.0000000002,2250000,6000000
856996.133333333,2250000,6000000
834635.4666666669,2250000,6000000
868212.533333333,2250000,6000000
850452.5333333333,1250000,6000000
873218.8000000003,1250000,6000000
848988.266666667,1250000,6000000
898891.8666666662,1250000,6000000
873861.6000000003,1250000,6000000
961277.6,1250000,6000000
902859.8666666662,1250000,6000000
893265.4666666663,1250000,6000000
889999.4666666663,1250000,6000000
999641.8666666662,1250000,6000000
905848.133333333,1250000,6000000
976383.7333333333,1250000,6000000
928107.0666666663,1250000,6000000
985857.4666666669,1250000,6000000
925332.0000000002,1250000,6000000
903748.3999999999,1250000,6000000
904172.1333333333,1250000,6000000
900029.0666666663,1250000,6000000
909803.4666666663,1250000,6000000
929816.666666667,1250000,6000000
1007638.93333333,2250000,6000000
877279.8666666662,2250000,6000000
835152.266666667,2250000,6000000
942247.7333333333,2250000,6000000
905780.8000000003,2250000,6000000
897189.7333333336,2250000,6000000
918278.5333333333,2250000,6000000
932378.9333333332,2250000,6000000
830630.8000000003,2250000,6000000
893761.4666666663,2250000,6000000
824244.1333333333,1250000,6000000
797873.4666666663,1250000,6000000
812142.5333333333,1250000,6000000
926093.466666667,1250000,6000000
804757.2,1250000,6000000
1330391.86666667,2250000,6000000
1873170.6666666635,2250000,6000000
905948.6666666663,2250000,6000000
956676.0000000002,2250000,6000000
914897.8666666662,2250000,6000000
1359275.8666666634,2250000,6000000
1834426.6666666635,2250000,6000000
909602.133333333,2250000,6000000
877525.4666666667,2250000,6000000
946604.4000000003,2250000,6000000
1592570.2666666699,2250000,6000000
1435187.0666666634,2250000,6000000
883110.9333333332,2250000,6000000
886739.4666666663,2250000,6000000
914284.3999999997,2250000,6000000
1519153.4666666633,2250000,6000000
1637483.0666666634,2250000,6000000
925353.6000000003,1250000,6000000
1441572.0,2250000,6000000
1803925.7333333367,2250000,6000000
929876.6666666663,2250000,6000000
946484.2666666663,2250000,6000000
947851.6,2250000,6000000
950492.933333333,2250000,6000000
930791.7333333333,2250000,6000000
930671.2,2250000,6000000
925918.4000000003,2250000,6000000
906934.666666667,2250000,6000000
971841.8666666662,2250000,6000000
939792.0000000002,1250000,6000000
922093.8666666669,1250000,6000000
964105.7333333336,1250000,6000000
930297.6000000003,1250000,6000000
920336.8000000003,1250000,6000000
979828.2666666663,1250000,6000000
1016288.26666667,2250000,6000000
1016294.6666666633,2250000,6000000
988652.0000000002,2250000,6000000
1004479.33333333,2250000,6000000
1046877.06666667,2250000,6000000
971341.7333333337,2250000,6000000
988465.6,2250000,6000000
997578.9333333332,2250000,6000000
1027402.1333333333,2250000,6000000
918434.266666667,2250000,6000000
938263.8666666662,2250000,6000000
928873.7333333333,2250000,6000000
896378.533333333,2250000,6000000
964673.1999999997,2250000,6000000
889531.8666666667,1250000,6000000
889106.9333333332,1250000,6000000
919658.1333333333,1250000,6000000
915693.4666666669,1250000,6000000
912524.4000000003,1250000,6000000
1000259.0666666663,1250000,6000000
931216.3999999997,1250000,6000000
920636.5333333333,1250000,6000000
991104.1333333333,1250000,6000000
942951.0666666663,1250000,6000000
1166168.4,2250000,6000000
2130885.4666666635,3250000,6000000
2002116.8000000033,3250000,6000000
1456401.33333333,3250000,6000000
933897.6,3250000,6000000
952491.0666666663,3250000,6000000
1416754.13333333,3250000,6000000
1825062.1333333333,3250000,6000000
925984.4000000003,3250000,6000000
899243.2,3250000,6000000
903957.7333333329,3250000,6000000
1580537.8666666634,3250000,6000000
1464879.73333333,2250000,6000000
1203185.7333333334,2250000,6000000
2026138.8000000033,3250000,6000000
1157851.7333333334,3250000,6000000
1628068.6666666665,3250000,6000000
1611200.4000000034,3250000,6000000
1065208.8000000033,3250000,6000000
1393790.9333333333,3250000,6000000
1912389.8666666634,3250000,6000000
964418.933333333,3250000,6000000
1539845.86666667,3250000,6000000
1130551.7333333334,3250000,6000000
1000836.1948717933,2250000,6000000
1185304.4000000034,2250000,6000000
1133840.13333333,2250000,6000000
1178806.66666667,2250000,6000000
1387226.4000000034,2250000,6000000
1280124.9333333366,2250000,6000000
1110565.7333333334,2250000,6000000
1515128.8,2250000,6000000
1460650.6666666665,2250000,6000000
1732131.6000000034,2250000,6000000
1076089.3333333335,2250000,6000000
1295173.86666667,2250000,6000000
1743272.0000000035,2250000,6000000
2073413.73333333,3250000,6000000
386501.3333333333,3250000,6000000
4642.26666666667,3250000,6000000
5281.33333333333,3250000,6000000
5702.13333333333,3250000,6000000
1693.8666666666631,3250000,6000000
3650.3999999999996,3250000,6000000
1415.0666666666662,3250000,6000000
51538.80000000003,3250000,6000000
742317.0666666663,3250000,6000000
1289601.7333333367,2250000,6000000
935173.0666666663,2250000,6000000
930502.0,2250000,6000000
871685.1999999997,2250000,6000000
880003.7333333333,2250000,6000000
718229.4666666669,2250000,6000000
313332.00000000035,2250000,6000000
661215.333333333,2250000,6000000
1289.466666666667,2250000,6000000
1675.466666666663,2250000,6000000
915.466666666666,1250000,6000000
890.4,1250000,6000000
903.466666666666,1250000,6000000
914.9333333333329,1250000,6000000
921.733333333333,1250000,6000000
903.466666666666,1250000,6000000
896.666666666667,1250000,6000000
928.0,1250000,6000000
902.4,1250000,6000000
915.466666666666,1250000,6000000
903.466666666666,500000,6000000
1693.733333333337,500000,6000000
921.733333333333,500000,6000000
890.4,500000,6000000
907.946666666666,500000,6000000
889.573333333333,500000,6000000
909.3066666666659,500000,6000000
938.853333333333,500000,6000000
896.773333333333,500000,6000000
910.6666666666661,500000,6000000
914.213333333333,500000,6000000
883.52,500000,6000000
906.9066666666661,500000,6000000
890.613333333333,500000,6000000
919.12,500000,6000000
901.173333333333,500000,6000000
908.88,500000,6000000
900.96,500000,6000000
906.9066666666661,500000,6000000
906.9066666666661,500000,6000000
914.106666666666,500000,6000000
893.653333333333,500000,6000000
904.186666666667,500000,6000000
913.173333333333,500000,6000000
898.026666666667,500000,6000000
104336.79999999967,500000,6000000
31895.226666666702,500000,6000000
44267.86666666663,500000,6000000
31117.70666666667,500000,6000000
30699.200000000033,500000,6000000
30211.1733333333,500000,6000000
31551.626666666634,500000,6000000
32922.880000000034,500000,6000000
31226.16,500000,6000000
30625.573333333334,500000,6000000
32429.919999999966,500000,6000000
31440.506666666635,500000,6000000
904.506666666666,500000,6000000
896.88,500000,6000000
909.3066666666659,500000,6000000
911.813333333333,500000,6000000
909.3066666666659,500000,6000000
898.56,500000,6000000
914.3199999999999,500000,6000000
927.573333333333,500000,6000000
910.56,500000,6000000
896.88,500000,6000000
892.506666666666,500000,6000000
902.3199999999999,500000,6000000
914.106666666666,500000,6000000
896.88,500000,6000000
901.0666666666659,500000,6000000
909.3066666666659,500000,6000000
904.293333333334,500000,6000000
914.106666666666,500000,6000000
896.1600000000001,500000,6000000
926.213333333333,500000,6000000
890.826666666667,500000,6000000
906.373333333333,500000,6000000
908.053333333334,500000,6000000
909.413333333333,500000,6000000
911.813333333333,500000,6000000
909.3066666666659,500000,6000000
898.56,500000,6000000
894.48,500000,6000000
897.9200000000001,500000,6000000
921.9466666666669,500000,6000000
911.9200000000001,500000,6000000
889.893333333334,500000,6000000
911.9200000000001,500000,6000000
895.52,500000,6000000
914.213333333333,500000,6000000
898.453333333333,500000,6000000
896.88,500000,6000000
911.6,500000,6000000
920.373333333333,500000,6000000
898.56,500000,6000000
921.3066666666659,500000,6000000
887.28,500000,6000000
909.413333333333,500000,6000000
910.56,500000,6000000
891.866666666667,500000,6000000
911.9200000000001,500000,6000000
893.653333333333,500000,6000000
907.9466666666669,500000,6000000
914.213333333333,500000,6000000
907.946666666666,500000,6000000
894.9066666666661,500000,6000000
896.773333333333,500000,6000000
908.373333333333,500000,6000000
925.493333333334,500000,6000000
894.266666666667,500000,6000000
897.3066666666659,500000,6000000
904.613333333333,500000,6000000
902.106666666666,500000,6000000
901.786666666667,500000,6000000
921.413333333333,500000,6000000
902.213333333333,500000,6000000
899.173333333333,500000,6000000
914.213333333333,500000,6000000
908.0533333333331,500000,6000000
911.706666666666,500000,6000000
899.28,500000,6000000
909.3066666666659,500000,6000000
905.546666666667,500000,6000000
897.413333333333,500000,6000000
911.813333333333,500000,6000000
910.56,500000,6000000
911.706666666666,500000,6000000
906.9066666666661,500000,6000000
901.6800000000001,500000,6000000
905.5466666666659,500000,6000000
105797.093333333,500000,6000000
27918.266666666703,500000,6000000
43727.17333333333,500000,6000000
36506.13333333333,500000,6000000
34818.08,500000,6000000
34517.89333333333,500000,6000000
31073.946666666634,500000,6000000
14444.266666666701,500000,6000000
908.0533333333331,500000,6000000
897.093333333333,500000,6000000
919.12,500000,6000000
904.2933333333331,500000,6000000
57388.93333333336,500000,6000000
17898.933333333334,500000,6000000
27706.8533333333,500000,6000000
78613.06666666662,500000,6000000
32700.40000000003,500000,6000000
34736.37333333333,500000,6000000
31240.9333333333,500000,6000000
29554.293333333335,500000,6000000
31601.173333333332,500000,6000000
33253.89333333333,500000,6000000
34369.333333333365,500000,6000000
31103.9466666667,500000,6000000
30908.480000000032,500000,6000000
30702.5866666667,500000,6000000
13507.1733333333,500000,6000000
911.7066666666669,500000,6000000
903.1466666666661,500000,6000000
914.3199999999999,500000,6000000
899.493333333333,500000,6000000
904.4000000000001,500000,6000000
912.96,500000,6000000
915.4666666666669,500000,6000000
905.653333333333,500000,6000000
910.4533333333329,500000,6000000
915.466666666667,500000,6000000
906.8,500000,6000000
909.3066666666671,500000,6000000
917.866666666667,500000,6000000
904.2933333333331,500000,6000000
908.0533333333331,500000,6000000
898.24,500000,6000000
908.0533333333331,500000,6000000
905.5466666666659,500000,6000000
904.4000000000001,500000,6000000
910.453333333333,500000,6000000
904.2933333333331,500000,6000000
911.706666666667,500000,6000000
913.0666666666659,500000,6000000
910.666666666667,500000,6000000
906.8,500000,6000000
117515.46666666666,500000,6000000
63857.17333333337,500000,6000000
52356.79999999997,500000,6000000
56948.13333333337,500000,6000000
51355.20000000003,500000,6000000
24112.82666666663,500000,6000000
911.813333333333,500000,6000000
908.1600000000001,500000,6000000
905.5466666666659,500000,6000000
910.56,500000,6000000
900.64,500000,6000000
897.813333333333,500000,6000000
918.0799999999999,500000,6000000
911.28,500000,6000000
897.3066666666659,500000,6000000
904.186666666667,500000,6000000
898.56,500000,6000000
901.0666666666671,500000,6000000
915.36,500000,6000000
909.3066666666659,500000,6000000
905.653333333333,500000,6000000
904.72,500000,6000000
901.786666666667,500000,6000000
914.213333333333,500000,6000000
917.04,500000,6000000
899.173333333333,500000,6000000
923.813333333333,500000,6000000
881.013333333333,500000,6000000
918.0799999999999,500000,6000000
909.3066666666659,500000,6000000
896.0533333333331,500000,6000000
896.88,500000,6000000
909.3066666666659,500000,6000000
906.8,500000,6000000
919.12,500000,6000000
899.173333333333,500000,6000000
921.733333333333,500000,6000000
906.9066666666661,500000,6000000
895.52,500000,6000000
926.213333333333,500000,6000000
893.12,500000,6000000
914.213333333333,500000,6000000
923.813333333333,500000,6000000
909.3066666666659,500000,6000000
894.693333333334,500000,6000000
894.9066666666661,500000,6000000
899.28,500000,6000000
914.106666666666,500000,6000000
913.0666666666659,500000,6000000
927.466666666666,500000,6000000
894.373333333333,500000,6000000
922.986666666667,500000,6000000
902.106666666666,500000,6000000
905.76,500000,6000000
911.706666666666,500000,6000000
902.3199999999999,500000,6000000
918.9066666666661,500000,6000000
906.693333333334,500000,6000000
904.72,500000,6000000
892.506666666666,500000,6000000
914.106666666666,500000,6000000
910.56,500000,6000000
927.466666666666,500000,6000000
900.96,500000,6000000
916.186666666667,500000,6000000
909.3066666666659,500000,6000000
914.213333333333,500000,6000000
882.373333333333,500000,6000000
915.573333333333,500000,6000000
922.56,500000,6000000
883.52,500000,6000000
911.706666666666,500000,6000000
896.773333333333,500000,6000000
894.9066666666661,500000,6000000
899.706666666666,500000,6000000
928.826666666667,500000,6000000
914.213333333333,500000,6000000
904.0799999999999,500000,6000000
911.813333333333,500000,6000000
912.96,500000,6000000
889.6800000000001,500000,6000000
924.346666666667,500000,6000000
922.88,500000,6000000
908.1600000000001,500000,6000000
909.413333333333,500000,6000000
900.426666666667,500000,6000000
911.813333333333,500000,6000000
912.96,500000,6000000
907.8399999999999,500000,6000000
908.0533333333331,500000,6000000
884.666666666667,500000,6000000
908.48,500000,6000000
910.6666666666661,500000,6000000
889.6800000000001,500000,6000000
906.8,500000,6000000
919.12,500000,6000000
900.426666666667,500000,6000000
908.0533333333331,500000,6000000
894.586666666667,500000,6000000
914.426666666667,500000,6000000
914.213333333333,500000,6000000
896.88,500000,6000000
909.3066666666659,500000,6000000
1168.986666666667,500000,6000000
467684.85333333333,1250000,6000000
487836.693333333,1250000,6000000
499954.3466666667,1250000,6000000
492563.54666666634,1250000,6000000
494354.9015873016,1250000,6000000
496089.0217543856,1250000,6000000
492700.16000000003,1250000,6000000
493235.4666666667,1250000,6000000
498397.73333333334,1250000,6000000
492085.28,1250000,6000000
498930.853333333,1250000,6000000
496799.15379538,1250000,6000000
568007.2821548823,1250000,6000000
512777.3866666663,1250000,6000000
493474.66666666704,1250000,6000000
496333.06666666636,1250000,6000000
504906.133333333,1250000,6000000
498537.73333333334,1250000,6000000
497501.33333333366,1250000,6000000
506261.06666666636,1250000,6000000
493412.93333333335,1250000,6000000
499455.4666666663,1250000,6000000
505610.4,1250000,6000000
495281.86666666635,1250000,6000000
492869.066666667,1250000,6000000
510406.00000000035,1250000,6000000
497973.4666666663,1250000,6000000
500030.0,1250000,6000000
510965.20000000036,1250000,6000000
496582.666666667,1250000,6000000
501071.86666666635,1250000,6000000
513132.266666667,1250000,6000000
498427.466666667,1250000,6000000
496320.66666666634,1250000,6000000
502849.73333333334,1250000,6000000
494412.13333333336,1250000,6000000
493491.06666666665,1250000,6000000
506509.4666666663,1250000,6000000
498922.4000000003,1250000,6000000
494039.2,1250000,6000000
507767.06666666636,1250000,6000000
497880.2666666663,1250000,6000000
500614.4000000003,1250000,6000000
506137.2,1250000,6000000
492007.86666666635,1250000,6000000
495060.933333333,1250000,6000000
511315.3333333333,1250000,6000000
501176.4000000003,1250000,6000000
495366.4000000003,1250000,6000000
512715.73333333334,1250000,6000000
499814.4,1250000,6000000
501447.06666666636,1250000,6000000
510786.7999999997,1250000,6000000
498970.13333333336,1250000,6000000
495336.93333333335,1250000,6000000
501910.80000000034,1250000,6000000
494631.06666666665,1250000,6000000
500161.6000000003,1250000,6000000
513684.80000000034,1250000,6000000
503206.4,1250000,6000000
496829.3333333333,1250000,6000000
509667.3333333333,1250000,6000000
505719.06666666636,1250000,6000000
508489.06666666636,1250000,6000000
517458.0,1250000,6000000
505456.266666667,1250000,6000000
506110.66666666704,1250000,6000000
520325.6000000003,1250000,6000000
504726.5333333333,1250000,6000000
507232.2666666663,1250000,6000000
573717.2,1250000,6000000
503463.6000000003,1250000,6000000
500725.866666667,1250000,6000000
512093.6000000003,1250000,6000000
500789.60000000003,1250000,6000000
507254.3999999997,1250000,6000000
514544.80000000034,1250000,6000000
512479.20000000036,1250000,6000000
492200.133333333,1250000,6000000
508486.66666666704,1250000,6000000
497905.33333333366,1250000,6000000
504775.2,1250000,6000000
511022.266666667,1250000,6000000
496649.20000000036,1250000,6000000
493774.2666666663,1250000,6000000
509730.4,1250000,6000000
494004.4000000003,1250000,6000000
507475.4666666663,1250000,6000000
507943.4666666663,1250000,6000000
494686.2666666663,1250000,6000000
501263.866666667,1250000,6000000
521780.93333333335,1250000,6000000
504969.2,1250000,6000000
506279.3333333333,1250000,6000000
510611.60000000003,1250000,6000000
499609.3333333333,1250000,6000000
508080.4000000003,1250000,6000000
522577.6,1250000,6000000
508268.2666666663,1250000,6000000
500984.4,1250000,6000000
509484.93333333364,1250000,6000000
499061.7333333337,1250000,6000000
496230.8,1250000,6000000
511922.5333333333,1250000,6000000
499461.60000000003,1250000,6000000
497377.86666666635,1250000,6000000
506903.6000000003,1250000,6000000
504695.73333333334,1250000,6000000
497917.866666667,1250000,6000000
512487.73333333334,1250000,6000000
510908.26666666666,1250000,6000000
506064.66666666634,1250000,6000000
518045.2,1250000,6000000
543288.7999999999,1250000,6000000
522887.8666666663,1250000,6000000
634314.4,1250000,6000000
769629.2,2000000,6000000
542904.9333333332,2000000,6000000
588775.6000000003,2000000,6000000
631446.4,2000000,6000000
652919.7333333337,2000000,6000000
656129.2000000003,2000000,6000000
747043.4666666663,2000000,6000000
1908302.26666667,3000000,6000000
1807467.0666666667,3000000,6000000
2131063.0666666636,4000000,6000000
2175781.06666667,3250000,6000000
2465302.13333333,3250000,6000000
2155056.93333333,3250000,6000000
2037582.0,3250000,6000000
2451417.33333333,3250000,6000000
2451933.9999999967,3250000,6000000
2262123.7333333334,3250000,6000000
1857784.0,3250000,6000000
1088362.66666667,3250000,6000000
2008587.3333333367,3250000,6000000
1858944.7999999968,3250000,6000000
645412.9333333332,3250000,6000000
619759.8666666663,3250000,6000000
1046818.2666666667,3250000,6000000
2000509.4666666633,3250000,6000000
2420829.599999997,3250000,6000000
2313129.866666667,3250000,6000000
1562565.0666666632,2250000,6000000
2270352.266666663,3000000,6000000
2125957.066666663,4000000,6000000
1786617.733333333,4000000,6000000
2190977.06666667,4000000,6000000
1885450.53333333,4000000,6000000
714795.1999999996,4000000,6000000
684217.0666666663,4000000,6000000
735193.9999999998,4000000,6000000
793186.3999999997,4000000,6000000
664291.6000000003,4000000,6000000
678134.0000000002,3250000,6000000
646478.2666666663,3250000,6000000
649939.8666666662,2250000,6000000
1076988.8,2250000,6000000
765703.2,2250000,6000000
1057575.3333333335,2250000,6000000
668463.7333333333,2250000,6000000
648210.133333333,2250000,6000000
1189754.6666666635,2250000,6000000
2221831.73333333,3250000,6000000
2305177.2,3250000,6000000
2165433.6000000034,3250000,6000000
1807433.4666666633,3250000,6000000
2088933.0666666634,3250000,6000000
2190992.8000000003,3250000,6000000
1935595.6000000034,3250000,6000000
1829992.93333333,3250000,6000000
1614428.4,3250000,6000000
2149926.6666666633,3250000,6000000
1419298.0000000035,3250000,6000000
633932.3999999999,3250000,6000000
638656.0000000002,3250000,6000000
805218.5333333337,3250000,6000000
1407998.0000000035,3250000,6000000
641357.4666666663,2250000,6000000
614604.8000000003,2250000,6000000
608600.666666667,2250000,6000000
683165.4666666663,2250000,6000000
1116267.0666666634,2250000,6000000
2416871.33333333,3250000,6000000
1956932.66666667,3250000,6000000
2141517.8666666634,3250000,6000000
2281999.3333333335,3250000,6000000
2294324.8000000035,3250000,6000000
1932376.0,3250000,6000000
1830906.26666667,3250000,6000000
1791508.8,3250000,6000000
2122106.9333333336,3250000,6000000
1821536.5333333334,3250000,6000000
669811.6000000003,3250000,6000000
1752824.66666667,3250000,6000000
1261444.53333333,3250000,6000000
970113.4666666663,3250000,6000000
1679540.9333333333,2250000,6000000
704364.666666667,2250000,6000000
1675671.2000000034,2250000,6000000
2149142.6666666702,3250000,6000000
2020296.1333333333,3250000,6000000
2130905.199999997,3250000,6000000
1421279.6000000034,3250000,6000000
1822117.06666667,3250000,6000000
2180814.133333337,3250000,6000000
2216944.7999999966,3250000,6000000
2033108.9333333333,3250000,6000000
1491820.9333333333,3250000,6000000
621437.7333333329,3250000,6000000
951992.0,4000000,6000000
668475.3333333334,4000000,6000000
852581.466666667,4000000,6000000
620837.7333333336,4000000,6000000
664678.6666666667,4000000,6000000
669843.0666666663,3000000,6000000
763095.866666666,3000000,6000000
777155.333333333,3000000,6000000
845146.533333333,3000000,6000000
853854.9333333329,3000000,6000000
728986.266666667,2250000,6000000
1444237.333333337,2250000,6000000
1673637.2000000002,2250000,6000000
2290117.3333333367,3250000,6000000
2409187.733333337,3250000,6000000
2591154.0,3250000,6000000
1870411.866666667,3250000,6000000
2346448.0,3250000,6000000
2398313.1999999974,3250000,6000000
2447689.1999999997,3250000,6000000
1172334.5333333332,3250000,6000000
911442.0,3250000,6000000
796834.2666666671,3250000,6000000
1150077.6,4000000,6000000
753269.866666666,4000000,6000000
730395.466666666,4000000,6000000
761556.4,4000000,6000000
790306.533333333,4000000,6000000
780048.8,3000000,6000000
1033058.133333333,3000000,6000000
874011.333333334,3000000,6000000
743004.4,3000000,6000000
1493098.93333333,3000000,6000000
2699946.4,3250000,6000000
2275716.0,3250000,6000000
2650477.46666667,3250000,6000000
2635071.466666663,3250000,6000000
2513726.933333337,3250000,6000000
2417925.8666666667,3250000,6000000
2519906.533333337,3250000,6000000
2403044.799999997,3250000,6000000
2365317.06666667,3250000,6000000
1599580.133333337,3250000,6000000
924036.666666667,3250000,6000000
1794426.8,3250000,6000000
1508897.066666663,3250000,6000000
1983157.4666666698,3250000,6000000
1319143.999999997,3250000,6000000
2214780.8000000003,3250000,6000000
1626219.2,3250000,6000000
1310272.0,3250000,6000000
2399188.8,3250000,6000000
2543624.799999997,3250000,6000000
2629360.6666666633,3250000,6000000
2458731.066666667,3250000,6000000
2598878.133333333,3250000,6000000
2359606.4000000027,3250000,6000000
2360457.733333333,3250000,6000000
2033565.600000003,3250000,6000000
2033313.866666663,2250000,6000000
1109087.6,2250000,6000000
930748.133333334,2250000,6000000
1054861.866666666,2250000,6000000
939188.666666667,2250000,6000000
994896.933333334,2250000,6000000
911581.733333333,2250000,6000000
903402.933333333,2250000,6000000
1010971.6,2250000,6000000
1032595.7333333337,2250000,6000000
1572983.06666667,2250000,6000000
1538421.6,2250000,6000000
889064.6666666671,1250000,6000000
2146536.133333337,12250000,6000000
2620090.9333333373,12250000,6000000
2446960.6666666633,12250000,6000000
1780358.533333337,12250000,6000000
2448200.3999999966,12250000,6000000
2553387.73333333,12250000,6000000
2412861.2,12250000,6000000
2273474.13333333,12250000,6000000
1935152.5333333302,12250000,6000000
820063.2,12250000,6000000
811760.666666667,9250000,6000000
991859.6,9250000,6000000
1303758.399999997,9250000,6000000
816764.4,9250000,6000000
748598.266666666,9250000,6000000
914844.5333333339,9250000,6000000
1374184.400000003,9250000,6000000
1625477.2,9250000,6000000
973013.6000000001,9250000,6000000
806914.533333334,9250000,6000000
1396293.733333333,6250000,6000000
2628155.466666667,6250000,6000000
2639544.799999997,6250000,6000000
2622844.2666666633,6250000,6000000
2486944.8000000003,6250000,6000000
2427098.9333333336,6250000,6000000
2467112.9333333303,6250000,6000000
2344001.066666663,6250000,6000000
1725169.86666667,6250000,6000000
2503715.333333333,6250000,6000000
1063413.333333334,3250000,6000000
948264.933333334,3250000,6000000
1177552.9333333366,3250000,6000000
852095.0666666667,3250000,6000000
2016406.3999999966,3250000,6000000
1169779.0666666632,3250000,6000000
2014275.6000000031,3250000,6000000
1428622.800000003,3250000,6000000
798462.666666667,3250000,6000000
1018086.533333334,3250000,6000000
961061.6,2250000,6000000
935492.933333333,2250000,6000000
1007455.466666667,2250000,6000000
1017801.6,2250000,6000000
1282134.8000000028,2250000,6000000
893147.466666666,2250000,6000000
1150140.0,2250000,6000000
1119244.8,2250000,6000000
1108951.2,2250000,6000000
1096381.6,2250000,6000000
1081462.2666666661,2250000,6000000
1178261.73333333,2250000,6000000
913559.6000000002,2250000,6000000
947611.3333333334,1250000,6000000
850480.9333333333,1250000,6000000
938026.533333333,1250000,6000000
914298.666666666,1250000,6000000
876156.7999999999,1250000,6000000
1809696.666666663,2250000,6000000
1513347.600000003,2250000,6000000
904656.533333333,2250000,6000000
1012651.3333333341,2250000,6000000
1339307.866666663,2250000,6000000
995593.6,2250000,6000000
929609.7333333329,2250000,6000000
2412012.2666666666,3250000,6000000
2113891.6000000034,3250000,6000000
1829615.6000000034,3250000,6000000
1794561.3333333333,3250000,6000000
1742449.4666666633,3250000,6000000
1819127.3333333335,3250000,6000000
1869210.6666666635,3250000,6000000
1414772.4,3250000,6000000
1199159.6,4000000,6000000
1218019.2,4000000,6000000
926456.0,4000000,6000000
1031611.7333333333,3000000,6000000
1235740.1333333328,3000000,6000000
1607189.599999997,3000000,6000000
905469.2000000003,3000000,6000000
1256591.8666666634,3000000,6000000
2174994.8000000035,4000000,6000000
2390286.1333333333,4000000,6000000
1467094.26666667,4000000,6000000
1390784.9333333329,3250000,6000000
2223038.266666663,3250000,6000000
1359791.7333333371,3250000,6000000
867365.6000000001,3250000,6000000
994541.6,3250000,6000000
947410.533333333,3250000,6000000
951093.2,3250000,6000000
873387.466666667,3250000,6000000
1819316.3999999969,3250000,6000000
1251182.1333333328,2250000,6000000
1918343.46666667,2250000,6000000
1119548.133333333,2250000,6000000
1893878.2666666699,2250000,6000000
1389939.199999997,2250000,6000000
903349.733333334,2250000,6000000
932826.266666666,2250000,6000000
874065.866666666,2250000,6000000
943981.2,2250000,6000000
964935.6,2250000,6000000
927816.1333333331,2250000,6000000
858485.4666666661,2250000,6000000
860066.9333333339,2250000,6000000
849816.2666666671,1250000,6000000
815209.6,1250000,6000000
875989.466666666,1250000,6000000
837532.266666666,1250000,6000000
943968.1333333331,1250000,6000000
791044.6666666659,1250000,6000000
772427.333333334,1250000,6000000
736312.1333333331,1250000,6000000
747402.0,1250000,6000000
807658.2666666671,1250000,6000000
916028.533333333,1250000,6000000
945994.133333333,1250000,6000000
1984864.1333333328,2250000,6000000
2178907.333333333,3250000,6000000
1195964.13333333,3250000,6000000
803042.1333333331,3250000,6000000
804298.0,3250000,6000000
792112.4,3250000,6000000
790421.466666667,3250000,6000000
1772523.06666667,3250000,6000000
1239209.466666667,3250000,6000000
825649.466666666,3250000,6000000
802638.0,3250000,6000000
814662.5333333339,2250000,6000000
863682.666666666,2250000,6000000
700695.7333333333,2250000,6000000
727954.8,2250000,6000000
1363326.4,2250000,6000000
795816.133333333,2250000,6000000
807008.133333334,2250000,6000000
833710.933333334,2250000,6000000
801523.333333334,2250000,6000000
809032.8,2250000,6000000
824415.333333333,2250000,6000000
1159145.8666666634,2250000,6000000
2385100.533333333,3250000,6000000
1327425.733333337,3250000,6000000
758952.6666666659,3250000,6000000
682951.6,3250000,6000000
1888151.06666667,3250000,6000000
1069094.53333333,3250000,6000000
830094.0,3250000,6000000
995909.733333333,3250000,6000000
1049514.4,3250000,6000000
1051683.066666666,3250000,6000000
1019122.9333333339,2250000,6000000
1834483.5999999968,2250000,6000000
1130374.133333334,2250000,6000000
2098615.733333333,2250000,6000000
943855.7333333329,2250000,6000000
1944838.666666667,2250000,6000000
1234717.46666667,2250000,6000000
893203.2,2250000,6000000
866494.133333334,2250000,6000000
874595.4666666669,2250000,6000000
862611.7333333329,2250000,6000000
888425.333333333,2250000,6000000
881628.133333333,2250000,6000000
966236.4,2250000,6000000
1095325.333333333,1250000,6000000
978293.333333333,1250000,6000000
897071.333333334,1250000,6000000
1109739.866666666,1250000,6000000
1115284.533333333,1250000,6000000
948216.1333333331,1250000,6000000
690291.466666667,1250000,6000000
701063.0666666669,1250000,6000000
700999.466666667,1250000,6000000
714847.066666666,1250000,6000000
724797.066666667,1250000,6000000
967812.3999999999,1250000,6000000
674428.2666666671,1250000,6000000
1994502.933333333,2250000,6000000
1553211.3333333372,2250000,6000000
721412.3999999999,2250000,6000000
671210.133333333,2250000,6000000
710069.8666666669,2250000,6000000
702639.7333333329,2250000,6000000
726012.933333334,2250000,6000000
1732918.13333333,2250000,6000000
1166586.53333333,2250000,6000000
745014.1333333331,2250000,6000000
838752.8,2250000,6000000
725831.2,2250000,6000000
768531.6000000001,2250000,6000000
719737.0666666661,1250000,6000000
708314.533333333,1250000,6000000
712122.933333334,1250000,6000000
701128.133333333,1250000,6000000
716155.2,1250000,6000000
754585.0666666661,1250000,6000000
691316.266666666,1250000,6000000
724849.6000000001,1250000,6000000
716465.8666666669,1250000,6000000
1127230.933333333,1250000,6000000
2047240.0,2250000,6000000
2088629.7333333371,2250000,6000000
2020306.4000000032,2250000,6000000
1866217.733333337,2250000,6000000
2043702.66666667,2250000,6000000
1708137.33333333,2250000,6000000
897940.9333333329,2250000,6000000
845997.0666666669,2250000,6000000
767770.7999999999,2250000,6000000
800782.133333334,2250000,6000000
990814.133333333,2250000,6000000
860924.133333333,2250000,6000000
848411.333333334,2250000,6000000
1962552.93333333,2250000,6000000
983905.2,2250000,6000000
1730929.1999999972,2250000,6000000
1225381.200000003,2250000,6000000
903230.9333333339,2250000,6000000
952723.3333333329,1250000,6000000
899553.6,1250000,6000000
723472.266666666,1250000,6000000
765781.333333333,1250000,6000000
847050.8,1250000,6000000
776954.933333334,1250000,6000000
725103.333333333,1250000,6000000
812782.666666666,1250000,6000000
689015.066666666,1250000,6000000
755199.466666666,1250000,6000000
1026692.266666667,1250000,6000000
678294.0,1250000,6000000
690890.933333333,1250000,6000000
809603.066666667,1250000,6000000
803830.533333333,1250000,6000000
833423.2000000001,1250000,6000000
768012.666666667,1250000,6000000
782796.4,1250000,6000000
763075.6,1250000,6000000
1484772.8,2250000,6000000
1965445.6,2250000,6000000
1586267.600000003,2250000,6000000
1072625.866666667,2250000,6000000
672444.8,2250000,6000000
681960.266666666,2250000,6000000
671791.466666667,2250000,6000000
1569776.133333337,2250000,6000000
1310884.533333333,2250000,6000000
778355.0666666669,2250000,6000000
754708.666666667,2250000,6000000
707445.2,2250000,6000000
746722.0,2250000,6000000
663802.1333333331,2250000,6000000
668366.0,1250000,6000000
652179.466666667,1250000,6000000
674857.2000000001,1250000,6000000
694504.533333333,1250000,6000000
685228.133333333,1250000,6000000
654936.0,1250000,6000000
684074.0,1250000,6000000
639457.6,1250000,6000000
1049403.0666666671,1250000,6000000
2085353.066666663,2250000,6000000
1547858.9333333368,2250000,6000000
601883.2000000003,2250000,6000000
1084775.4666666659,2250000,6000000
1850535.2,2250000,6000000
613473.7333333337,2250000,6000000
1560406.53333333,2250000,6000000
1553501.46666667,2250000,6000000
632153.6000000001,2250000,6000000
605584.3999999999,2250000,6000000
579502.8000000003,2250000,6000000
1533952.6666666667,2250000,6000000
1014080.6666666666,2250000,6000000
1811653.4666666633,2250000,6000000
703002.8,2250000,6000000
542501.3333333337,2250000,6000000
1007816.4000000003,1250000,6000000
578440.9333333333,1250000,6000000
687335.1999999997,1250000,6000000
694403.6000000001,1250000,6000000
635516.0,1250000,6000000
659983.7333333337,1250000,6000000
598842.6666666667,1250000,6000000
537107.3333333337,1250000,6000000
576433.0666666663,1250000,6000000
541273.5999999996,1250000,6000000
529096.2666666663,1250000,6000000
563854.9333333337,1250000,6000000
651698.2666666671,1250000,6000000
755400.1333333331,1250000,6000000
596595.866666667,1250000,6000000
609756.533333333,1250000,6000000
656886.7999999997,1250000,6000000
1051906.4000000001,1250000,6000000
688828.666666667,1250000,6000000
664845.466666667,1250000,6000000
1203981.9999999967,2250000,6000000
1655329.7333333334,2250000,6000000
1045018.4,2250000,6000000
876666.7999999999,2250000,6000000
667103.866666667,2250000,6000000
715559.6000000002,2250000,6000000
722000.2666666671,2250000,6000000
684624.933333333,2250000,6000000
1554030.4,2250000,6000000
1280738.4000000034,2250000,6000000
624475.2000000003,2250000,6000000
653554.533333334,2250000,6000000
636719.6,2250000,6000000
703752.6666666666,1250000,6000000
644186.8,1250000,6000000
1218724.133333333,2250000,6000000
635426.133333333,2250000,6000000
635283.866666667,2250000,6000000
654271.066666666,2250000,6000000
664302.1333333331,2250000,6000000
604025.9999999998,2250000,6000000
654750.1333333331,2250000,6000000
630377.6,2250000,6000000
1242184.666666667,2250000,6000000
2059432.3999999969,2250000,6000000
1663892.799999997,2250000,6000000
665188.4,2250000,6000000
663304.0,2250000,6000000
1897743.7333333332,2250000,6000000
678696.5333333331,1250000,6000000
1658898.666666663,2250000,6000000
1139320.2666666699,2250000,6000000
667768.4,2250000,6000000
694151.3333333341,2250000,6000000
736563.7333333329,2250000,6000000
1439003.9999999972,2250000,6000000
1402832.13333333,2250000,6000000
1888718.666666667,2250000,6000000
748841.6,2250000,6000000
799631.866666666,2250000,6000000
691980.3999999999,2250000,6000000
709486.933333334,2250000,6000000
732533.066666667,2250000,6000000
886042.0,2250000,6000000
773302.6666666659,1250000,6000000
717761.7333333329,1250000,6000000
763777.8666666669,1250000,6000000
729764.8,1250000,6000000
714712.2666666659,1250000,6000000
704179.066666667,1250000,6000000
692345.866666667,1250000,6000000
768016.1333333331,1250000,6000000
697822.933333333,1250000,6000000
727756.3999999999,1250000,6000000
715359.066666667,1250000,6000000
688111.6000000001,1250000,6000000
670331.333333333,1250000,6000000
769909.733333333,1250000,6000000
726412.5333333331,1250000,6000000
720736.1333333333,1250000,6000000
785537.466666667,1250000,6000000
1768356.800000003,2250000,6000000
1940556.13333333,2250000,6000000
1817749.200000003,2250000,6000000
632562.1333333337,2250000,6000000
639223.4666666667,2250000,6000000
650329.866666666,2250000,6000000
673301.1999999997,2250000,6000000
1702682.2666666633,2250000,6000000
1396015.200000003,2250000,6000000
633134.2666666664,2250000,6000000
722429.1999999997,2250000,6000000
676430.5333333339,2250000,6000000
692162.6666666671,2250000,6000000
727243.333333333,2250000,6000000
862004.5333333331,1250000,6000000
701791.7333333329,1250000,6000000
738777.733333333,1250000,6000000
742959.8666666669,1250000,6000000
850295.8666666667,1250000,6000000
857150.4000000003,1250000,6000000
674278.133333334,1250000,6000000
624753.466666666,1250000,6000000
1105156.0,1250000,6000000
2042550.399999997,2250000,6000000
1850570.799999997,2250000,6000000
930365.6000000001,2250000,6000000
640205.066666667,2250000,6000000
1862806.66666667,2250000,6000000
813191.6,2250000,6000000
1781009.333333333,2250000,6000000
1463918.8,2250000,6000000
846016.7999999999,2250000,6000000
827472.0,2250000,6000000
958386.933333333,2250000,6000000
1568754.9333333368,2250000,6000000
1499785.4666666698,2250000,6000000
1882276.533333333,2250000,6000000
929156.9333333339,2250000,6000000
704550.133333333,2250000,6000000
852648.133333333,2250000,6000000
809456.9333333339,1250000,6000000
1023446.533333333,1250000,6000000
899457.6,1250000,6000000
804368.0,1250000,6000000
875921.333333334,1250000,6000000
756075.866666667,1250000,6000000
651301.733333334,1250000,6000000
800971.733333333,1250000,6000000
797928.1333333331,1250000,6000000
890419.0666666661,1250000,6000000
928027.066666667,1250000,6000000
990097.2,1250000,6000000
982482.933333333,1250000,6000000
924682.133333333,1250000,6000000
646617.7333333336,1250000,6000000
642945.8666666669,1250000,6000000
986194.666666667,1250000,6000000
675489.733333333,1250000,6000000
711753.2000000003,1250000,6000000
792586.4000000004,1250000,6000000
1575615.4666666668,2250000,6000000
1276862.6666666633,2250000,6000000
1598598.93333333,2250000,6000000
755218.6666666671,2250000,6000000
914756.5333333337,2250000,6000000
1100542.666666667,2250000,6000000
651023.3333333334,2250000,6000000
1678310.8,2250000,6000000
1052240.8000000003,2250000,6000000
640654.6666666663,2250000,6000000
660288.266666666,2250000,6000000
658804.2666666664,2250000,6000000
710123.4666666667,2250000,6000000
627192.0000000003,1250000,6000000
746408.266666667,1250000,6000000
599500.8,1250000,6000000
631606.6666666663,1250000,6000000
836515.333333334,1250000,6000000
673321.3333333334,1250000,6000000
700784.3999999997,1250000,6000000
590066.933333333,1250000,6000000
641586.2666666671,1250000,6000000
636506.1333333331,1250000,6000000
1788895.4666666668,2250000,6000000
703715.4666666668,2250000,6000000
792802.7999999999,2250000,6000000
547022.2666666671,2250000,6000000
1793251.86666667,2250000,6000000
923286.8,3000000,6000000
1779908.93333333,3000000,6000000
935239.3333333336,3000000,6000000
759283.6000000002,3000000,6000000
761927.066666667,3000000,6000000
631281.2,3000000,6000000
582125.0666666667,3000000,6000000
741780.4,2000000,6000000
1938447.199999997,3000000,6000000
726674.0000000003,3000000,6000000
692989.6000000003,2250000,6000000
678020.266666667,2250000,6000000
654755.3333333337,2250000,6000000
594262.5333333333,2250000,6000000
617891.6,2250000,6000000
621622.933333333,2250000,6000000
559433.8666666663,2250000,6000000
570989.9999999997,2250000,6000000
646391.4666666669,1250000,6000000
612446.6666666667,1250000,6000000
585779.6000000003,1250000,6000000
678608.1333333333,1250000,6000000
595389.466666667,1250000,6000000
736675.5999999996,1250000,6000000
811267.6000000003,1250000,6000000
721360.7999999997,1250000,6000000
663978.9333333337,1250000,6000000
708078.6666666663,1250000,6000000
824000.4000000004,1250000,6000000
601371.8666666669,1250000,6000000
851941.866666667,1250000,6000000
618490.5333333333,1250000,6000000
1432063.7333333334,2250000,6000000
994936.7999999999,2250000,6000000
598672.533333333,2250000,6000000
668650.6666666666,2250000,6000000
661500.4000000003,2250000,6000000
610106.666666667,2250000,6000000
607013.2000000003,2250000,6000000
1553819.7333333367,2250000,6000000
946102.933333333,2250000,6000000
704453.4666666663,2250000,6000000
533537.8666666662,2250000,6000000
514442.80000000034,1250000,6000000
587476.1333333337,1250000,6000000
529689.0666666663,1250000,6000000
521141.333333333,1250000,6000000
704843.2000000003,1250000,6000000
535422.6666666663,1250000,6000000
590959.7333333333,1250000,6000000
577855.5999999996,1250000,6000000
573455.0666666663,1250000,6000000
519081.733333333,1250000,6000000
681027.6000000003,1250000,6000000
505455.86666666635,1250000,6000000
1752187.5999999999,2250000,6000000
656312.933333333,2250000,6000000
517626.266666667,2250000,6000000
696379.7333333333,2250000,6000000
1739510.9333333299,2250000,6000000
825664.533333333,2250000,6000000
1511860.3999999966,2250000,6000000
1499272.933333333,2250000,6000000
645822.9333333337,2250000,6000000
684606.1333333333,2250000,6000000
569046.3999999998,2250000,6000000
611826.6666666667,2250000,6000000
719809.3333333337,2250000,6000000
1796240.3999999966,2250000,6000000
591312.8000000003,1250000,6000000
770638.2666666663,1250000,6000000
745605.4666666667,1250000,6000000
692490.4,1250000,6000000
808140.1333333333,1250000,6000000
678415.1999999996,1250000,6000000
684787.9999999998,1250000,6000000
703321.066666667,1250000,6000000
797493.4666666667,1250000,6000000
689330.2666666667,1250000,6000000
673510.3999999997,1250000,6000000
658802.666666667,1250000,6000000
700068.533333333,1250000,6000000
716091.466666667,1250000,6000000
881565.3333333334,1250000,6000000
671243.8666666663,1250000,6000000
620857.4666666667,1250000,6000000
675794.6666666663,1250000,6000000
724336.3999999998,1250000,6000000
859154.5333333338,1250000,6000000
836226.6666666667,1250000,6000000
682172.6666666663,1250000,6000000
841745.3333333329,1250000,6000000
648519.466666667,1250000,6000000
643397.4666666668,1250000,6000000
766945.333333333,1250000,6000000
811603.7333333329,1250000,6000000
658422.6666666671,1250000,6000000
640374.533333334,1250000,6000000
587055.3333333337,1250000,6000000
595033.0666666663,1250000,6000000
613174.3999999997,1250000,6000000
724897.3333333333,1250000,6000000
647844.0000000003,1250000,6000000
610903.6,1250000,6000000
639149.1999999997,1250000,6000000
591188.4000000004,1250000,6000000
682583.6000000001,1250000,6000000
658875.2000000003,1250000,6000000
1744258.53333333,2250000,6000000
885102.666666667,2250000,6000000
677818.266666666,2250000,6000000
802402.5333333333,2250000,6000000
904437.8666666669,2250000,6000000
2285029.33333333,3250000,6000000
1463507.866666663,3250000,6000000
643294.0,3250000,6000000
720930.3999999997,3250000,6000000
672581.0666666663,3250000,6000000
1786860.9333333368,3250000,6000000
886395.6000000001,3250000,6000000
631356.5333333333,3250000,6000000
1734683.4666666633,3250000,6000000
788218.533333333,3250000,6000000
704015.3333333334,2250000,6000000
623277.866666667,2250000,6000000
625737.333333333,2250000,6000000
591215.5999999997,2250000,6000000
630332.4,2250000,6000000
617466.2666666667,2250000,6000000
632263.4666666667,2250000,6000000
1815366.7999999968,2250000,6000000
1040853.3333333334,2250000,6000000
2024584.66666667,2250000,6000000
1380499.5999999966,2250000,6000000
1246741.6000000034,2250000,6000000
734837.4666666662,2250000,6000000
722041.7333333329,2250000,6000000
796250.8000000003,1250000,6000000
710203.4666666663,1250000,6000000
714893.2000000003,1250000,6000000
714939.7333333329,1250000,6000000
728370.0000000003,1250000,6000000
804163.4666666667,1250000,6000000
840117.5999999996,1250000,6000000
700123.8666666667,1250000,6000000
725962.533333333,1250000,6000000
677457.7333333329,1250000,6000000
889806.0,1250000,6000000
987523.9999999997,1250000,6000000
772607.466666667,1250000,6000000
822743.7333333329,1250000,6000000
1678753.73333333,2250000,6000000
1551629.8666666667,2250000,6000000
932846.2666666664,2250000,6000000
799854.1333333333,2250000,6000000
736127.866666667,2250000,6000000
677509.6,2250000,6000000
903607.4666666668,2250000,6000000
637690.5333333333,2250000,6000000
1748048.8000000033,2250000,6000000
1150255.7333333334,2250000,6000000
663111.4666666667,2250000,6000000
694262.3999999999,2250000,6000000
778305.0666666663,2250000,6000000
676416.133333333,1250000,6000000
617426.6666666664,1250000,6000000
630261.333333333,1250000,6000000
623996.1333333338,1250000,6000000
746459.866666667,1250000,6000000
689383.066666667,1250000,6000000
634788.9333333333,1250000,6000000
634403.7333333334,1250000,6000000
649904.666666666,1250000,6000000
1620594.1333333333,2250000,6000000
1306295.86666667,2250000,6000000
661342.8,2250000,6000000
708399.733333333,2250000,6000000
1501578.4,3000000,6000000
2365414.93333333,4000000,6000000
2220388.800000003,4000000,6000000
2283244.93333333,4000000,6000000
2024379.6,4000000,6000000
955482.0,4000000,6000000
851622.4,4000000,6000000
771368.3999999997,4000000,6000000
792868.666666667,4000000,6000000
927476.2666666671,4000000,6000000
729404.6666666664,3250000,6000000
882480.6666666663,3250000,6000000
693838.133333333,3250000,6000000
1868133.3333333367,2250000,6000000
710872.1333333337,2250000,6000000
792296.5333333332,2250000,6000000
666618.5333333331,2250000,6000000
673778.5333333337,2250000,6000000
645778.933333333,2250000,6000000
637588.7999999997,2250000,6000000
626332.266666667,2250000,6000000
819986.7999999997,2250000,6000000
669091.6,2250000,6000000
668881.5999999997,1250000,6000000
630017.066666667,1250000,6000000
703940.266666667,1250000,6000000
648373.0666666663,1250000,6000000
862194.8000000003,1250000,6000000
632155.066666666,1250000,6000000
622392.933333333,1250000,6000000
636103.333333333,1250000,6000000
632546.9333333337,1250000,6000000
964304.5333333333,1250000,6000000
700730.0000000002,1250000,6000000
1588507.733333333,2250000,6000000
1086912.8,2250000,6000000
643077.7333333333,2250000,6000000
658122.8,2250000,6000000
786103.733333333,2250000,6000000
661429.6000000003,2250000,6000000
634877.4666666667,2250000,6000000
647833.2,2250000,6000000
1391680.9333333366,2250000,6000000
1352709.46666667,2250000,6000000
825534.2666666663,2250000,6000000
681781.8666666667,2250000,6000000
668733.466666667,1250000,6000000
686818.6666666663,1250000,6000000
621792.2666666667,1250000,6000000
616426.1333333331,1250000,6000000
1335195.7333333332,2250000,6000000
2136176.6666666633,3250000,6000000
1781330.2666666666,3250000,6000000
1324376.6666666635,3250000,6000000
584618.2666666667,3250000,6000000
620179.333333333,3250000,6000000
1646348.1333333366,3250000,6000000
1020994.533333333,3250000,6000000
597984.8000000003,3250000,6000000
1296158.6666666635,3250000,6000000
791546.133333333,3250000,6000000
1854165.599999997,2250000,6000000
755233.7333333329,2250000,6000000
627183.466666667,2250000,6000000
1815860.399999997,2250000,6000000
696662.8,2250000,6000000
636971.8666666667,2250000,6000000
682530.666666667,2250000,6000000
637698.666666667,2250000,6000000
882290.7999999999,2250000,6000000
975738.533333333,2250000,6000000
703484.533333334,2250000,6000000
679476.6666666671,1250000,6000000
1034566.4,1250000,6000000
1621520.5333333367,2250000,6000000
655230.1333333333,2250000,6000000
723573.466666667,2250000,6000000
780811.7333333336,2250000,6000000
639433.2,2250000,6000000
671691.8666666663,2250000,6000000
646480.4000000003,2250000,6000000
644717.8666666667,2250000,6000000
688217.0666666668,2250000,6000000
645531.066666667,2250000,6000000
614541.2,1250000,6000000
677805.7333333329,1250000,6000000
619791.8666666663,1250000,6000000
644904.0,1250000,6000000
630905.0666666661,1250000,6000000
636145.6,1250000,6000000
634030.0,1250000,6000000
660252.533333333,1250000,6000000
828874.133333333,1250000,6000000
612994.5333333337,1250000,6000000
1459960.26666667,2250000,6000000
1203591.4666666698,2250000,6000000
624408.0000000003,2250000,6000000
654471.733333333,2250000,6000000
652324.6666666659,2250000,6000000
694734.8000000003,2250000,6000000
791952.0,2250000,6000000
667162.0000000003,2250000,6000000
1594655.7333333371,2250000,6000000
1252348.66666667,2250000,6000000
640145.2000000001,2250000,6000000
699105.466666667,2250000,6000000
659821.4666666669,2250000,6000000
645916.266666667,1250000,6000000
679633.733333333,1250000,6000000
667729.733333334,1250000,6000000
657532.0,1250000,6000000
654711.2,1250000,6000000
695965.7333333341,1250000,6000000
671035.066666666,1250000,6000000
754950.133333333,1250000,6000000
652679.2000000001,1250000,6000000
1633831.0666666634,2250000,6000000
1038906.0,2250000,6000000
667840.0,2250000,6000000
770782.533333333,2250000,6000000
1047629.333333334,3000000,6000000
1604996.26666667,3000000,6000000
1147794.9333333368,3000000,6000000
745696.0,3000000,6000000
1862944.8000000028,3000000,6000000
653434.133333334,3000000,6000000
675929.2,3000000,6000000
675452.0,3000000,6000000
664550.4,3000000,6000000
719440.0,2000000,6000000
664262.266666667,1250000,6000000
657161.6000000001,1250000,6000000
629155.6000000001,1250000,6000000
1577044.66666667,2250000,6000000
1035806.8,2250000,6000000
645152.533333333,2250000,6000000
714587.466666667,2250000,6000000
747227.6,2250000,6000000
673367.2000000001,2250000,6000000
667557.333333333,2250000,6000000
650241.066666667,2250000,6000000
663799.6,2250000,6000000
679424.6666666659,2250000,6000000
688270.933333333,1250000,6000000
663432.666666667,1250000,6000000
710562.0,1250000,6000000
686393.6,1250000,6000000
679931.0666666661,1250000,6000000
660235.866666667,1250000,6000000
315981.066666667,1250000,6000000
717928.3999999999,1250000,6000000
636920.933333333,1250000,6000000
658807.866666666,1250000,6000000
915310.266666667,1250000,6000000
1600946.799999997,2250000,6000000
1093007.5999999999,2250000,6000000
606122.133333333,2250000,6000000
651223.866666667,2250000,6000000
630950.6666666664,2250000,6000000
650626.2666666671,2250000,6000000
639664.7999999999,2250000,6000000
645318.0,2250000,6000000
1592445.866666663,2250000,6000000
975723.6000000001,2250000,6000000
622462.0,2250000,6000000
642475.466666666,1250000,6000000
673500.0,1250000,6000000
554165.466666667,1250000,6000000
550582.5333333333,1250000,6000000
558277.8666666667,1250000,6000000
565248.3999999997,1250000,6000000
548519.866666667,1250000,6000000
555983.7333333333,1250000,6000000
587269.466666667,1250000,6000000
564276.6666666663,1250000,6000000
560524.0000000002,1250000,6000000
957663.733333333,1250000,6000000
1246272.800000003,2250000,6000000
1031169.2,2250000,6000000
631447.2000000003,2250000,6000000
631721.866666667,2250000,6000000
1879753.066666663,2250000,6000000
659410.2666666671,2250000,6000000
945688.6666666666,2250000,6000000
1889072.8,2250000,6000000
708002.533333333,2250000,6000000
680122.7999999999,2250000,6000000
677560.666666667,2250000,6000000
665974.533333333,2250000,6000000
733313.7333333329,1250000,6000000
660828.1333333333,1250000,6000000
605347.866666667,1250000,6000000
589971.4666666663,1250000,6000000
1828644.8,2250000,6000000
600096.2666666671,2250000,6000000
587640.2666666671,2250000,6000000
719399.466666667,2250000,6000000
733150.9333333332,2250000,6000000
669922.4000000004,2250000,6000000
621461.866666667,2250000,6000000
581119.4666666669,2250000,6000000
858010.933333333,2250000,6000000
640737.0666666668,2250000,6000000
573455.7333333336,1250000,6000000
782437.2000000001,2000000,6000000
596061.5999999997,2000000,6000000
528802.0000000003,2000000,6000000
693360.5333333332,2000000,6000000
548001.0666666668,2000000,6000000
570408.9333333333,2000000,6000000
579278.0000000002,2000000,6000000
559529.066666667,2000000,6000000
711245.466666666,2000000,6000000
850239.466666666,2000000,6000000
1513760.4000000001,2250000,6000000
1040414.5333333337,2250000,6000000
613170.4,2250000,6000000
527214.666666667,2250000,6000000
555771.7333333337,2250000,6000000
633520.6666666663,2250000,6000000
582802.5333333332,2250000,6000000
644277.466666667,2250000,6000000
1642337.4666666668,2250000,6000000
1038535.733333333,2250000,6000000
759970.1333333338,2250000,6000000
664982.266666666,1250000,6000000
652284.133333334,1250000,6000000
629382.8000000004,1250000,6000000
648405.8666666662,1250000,6000000
657006.4,1250000,6000000
675744.7999999997,1250000,6000000
689842.533333334,1250000,6000000
675115.3333333341,1250000,6000000
669154.6666666671,1250000,6000000
666222.533333333,1250000,6000000
816362.933333333,1250000,6000000
1746193.86666667,2250000,6000000
979009.6,2250000,6000000
671310.1333333338,2250000,6000000
645773.8666666669,2250000,6000000
596293.8666666667,2250000,6000000
1820133.9999999967,2250000,6000000
642167.7333333333,2250000,6000000
859124.4000000003,2250000,6000000
1849700.8000000033,2250000,6000000
595405.6,2250000,6000000
624172.3999999997,2250000,6000000
581584.133333333,2250000,6000000
560939.0666666663,1250000,6000000
605518.0,1250000,6000000
720808.7999999999,1250000,6000000
684547.2000000001,1250000,6000000
570744.2666666663,1250000,6000000
1219481.8666666667,2250000,6000000
1272761.06666667,2250000,6000000
644366.1333333338,2250000,6000000
717024.7999999999,2250000,6000000
772859.7333333336,2250000,6000000
699324.933333333,2250000,6000000
676407.866666667,2250000,6000000
651929.333333333,2250000,6000000
685746.533333333,2250000,6000000
670657.066666667,2250000,6000000
664708.133333333,2250000,6000000
680228.666666667,1250000,6000000
670273.466666666,1250000,6000000
631034.666666667,1250000,6000000
611365.066666666,1250000,6000000
651625.866666666,1250000,6000000
616071.466666667,1250000,6000000
648981.733333333,1250000,6000000
646131.733333333,1250000,6000000
604320.933333333,1250000,6000000
827986.8,1250000,6000000
1522288.2666666629,2250000,6000000
1111144.533333337,2250000,6000000
664576.4,2250000,6000000
647568.133333333,2250000,6000000
638419.3333333341,2250000,6000000
670305.6,2250000,6000000
597887.8666666669,2250000,6000000
601336.666666667,2250000,6000000
1655274.13333333,2250000,6000000
1061546.2666666661,2250000,6000000
691756.7999999997,2250000,6000000
642426.933333334,2250000,6000000
638678.666666667,1250000,6000000
812968.666666667,1250000,6000000
642048.7999999999,1250000,6000000
642558.0,1250000,6000000
647679.066666667,1250000,6000000
630948.133333334,1250000,6000000
635199.6,1250000,6000000
673667.2000000003,1250000,6000000
791196.4,1250000,6000000
1127856.266666663,2250000,6000000
1561404.4000000001,2250000,6000000
1289512.399999997,2250000,6000000
661145.866666667,2250000,6000000
702654.0,2250000,6000000
718285.466666667,2250000,6000000
1932451.466666663,2250000,6000000
721278.4,2250000,6000000
988885.866666667,2250000,6000000
1908202.533333333,2250000,6000000
662866.666666667,2250000,6000000
630146.6666666659,2250000,6000000
712646.0,2250000,6000000
645825.066666667,2250000,6000000
696141.466666666,1250000,6000000
700202.133333334,1250000,6000000
678201.0666666661,1250000,6000000
656878.5333333339,1250000,6000000
1960016.666666663,2250000,6000000
644319.8666666669,2250000,6000000
730015.866666667,2250000,6000000
751400.8,2250000,6000000
738487.0666666663,2250000,6000000
648458.666666666,2250000,6000000
660394.266666667,2250000,6000000
661005.066666667,2250000,6000000
571412.5333333333,2250000,6000000
809930.4,3000000,6000000
572151.4666666667,2000000,6000000
525571.4666666663,2000000,6000000
603840.266666667,2000000,6000000
626080.2666666671,2000000,6000000
643369.6000000001,2000000,6000000
684389.2000000001,2000000,6000000
637428.4,2000000,6000000
661906.4,2000000,6000000
695549.7333333329,2000000,6000000
711252.7999999999,1250000,6000000
722982.666666667,1250000,6000000
976432.1333333331,1250000,6000000
690654.8,1250000,6000000
540570.533333333,1250000,6000000
822255.6,1250000,6000000
821534.1333333331,2000000,6000000
1548909.866666667,2000000,6000000
3116521.333333333,13000000,6000000
3170857.86666667,14000000,6000000
2667450.66666666,14000000,6000000
2434441.2,14000000,6000000
2176040.666666663,14000000,6000000
2219643.066666667,14000000,6000000
2269857.0666666627,14000000,6000000
2286636.9333333327,14000000,6000000
1335684.533333333,14000000,6000000
1617977.866666667,14000000,6000000
2964737.333333337,11000000,6000000
2027753.6,11000000,6000000
2150367.86666667,11000000,6000000
1719369.4666666633,10000000,6000000
1260161.2000000032,10000000,6000000
1902966.0,10000000,6000000
1973129.4666666666,10000000,6000000
2099336.9333333336,10000000,6000000
1500504.4000000001,10000000,6000000
456305.06666666595,10000000,6000000
1859258.666666663,8000000,6000000
2656740.66666667,9000000,6000000
2342061.733333337,9000000,6000000
1876309.333333337,9000000,6000000
2826040.26666667,9000000,6000000
1323283.2,9000000,6000000
2133328.133333337,9000000,6000000
1199954.0,9000000,6000000
1333304.533333333,9000000,6000000
1366893.866666667,9000000,6000000
703528.666666666,6000000,6000000
746415.7333333329,5000000,6000000
725090.4,5000000,6000000
805565.733333334,5000000,6000000
1912759.0666666632,5000000,6000000
753688.266666667,5000000,6000000
777150.266666666,5000000,6000000
808434.0,5000000,6000000
703170.133333334,5000000,6000000
713550.8,5000000,6000000
693192.666666667,4000000,6000000
715470.0,4000000,6000000
713499.6,3000000,6000000
716274.533333334,3000000,6000000
692678.933333333,3000000,6000000
1086029.733333334,3000000,6000000
1678573.06666667,3000000,6000000
1735686.133333333,3000000,6000000
1644793.066666663,3000000,6000000
1900805.86666667,3000000,6000000
2067907.466666663,3000000,6000000
1463434.4,3000000,6000000
2027767.466666663,3000000,6000000
1257972.533333333,3000000,6000000
1574394.133333333,4000000,6000000
1711634.66666667,4000000,6000000
686194.933333333,3000000,6000000
750847.866666666,3000000,6000000
788188.133333333,3000000,6000000
772961.866666666,3000000,6000000
780002.2666666671,3000000,6000000
1254875.066666666,3000000,6000000
1898805.0666666701,3000000,6000000
1197057.6,3000000,6000000
895061.866666666,3000000,6000000
1574364.0,4000000,6000000
1297584.666666667,3000000,6000000
918146.533333333,3000000,6000000
1154666.7999999998,3000000,6000000
920945.8666666669,3000000,6000000
867440.3999999999,3000000,6000000
1471721.066666666,3000000,6000000
1416493.2000000002,3000000,6000000
1248113.466666667,3000000,6000000
902227.866666666,3000000,6000000
1060985.6,2000000,6000000
2695476.0,4000000,6000000
1770702.933333333,4000000,6000000
907970.533333333,4000000,6000000
727369.2,4000000,6000000
772940.666666667,4000000,6000000
2511036.93333333,4000000,6000000
1836940.399999997,4000000,6000000
762340.133333334,4000000,6000000
2441385.6,4000000,6000000
2289725.466666663,4000000,6000000
1281350.266666667,4000000,6000000
1247826.933333333,4000000,6000000
1546396.8,3000000,6000000
1494393.866666667,3000000,6000000
803714.666666667,2000000,6000000
2046114.53333333,3000000,6000000
1811133.0666666701,3000000,6000000
3372873.46666667,5000000,6000000
3333284.4000000004,5000000,6000000
2650345.866666663,5000000,6000000
2578402.266666663,5000000,6000000
2495474.133333337,5000000,6000000
1817858.799999997,5000000,6000000
1059078.133333333,5000000,6000000
1431879.199999997,5000000,6000000
1436417.0666666632,5000000,6000000
1385299.5999999999,5000000,6000000
1463177.8666666702,5000000,6000000
1774888.8000000028,5000000,6000000
1591867.066666663,4000000,6000000
1778624.1333333328,4000000,6000000
1713227.200000003,4000000,6000000
1581392.399999997,4000000,6000000
2044058.266666667,4000000,6000000
2210962.266666667,4000000,6000000
1834927.999999997,4000000,6000000
1602778.0,4000000,6000000
1651208.399999997,4000000,6000000
2348996.800000003,5000000,6000000
2340225.866666667,4000000,6000000
1453727.33333333,4000000,6000000
1694745.200000003,4000000,6000000
1477490.666666667,4000000,6000000
1615532.4000000032,4000000,6000000
1516996.66666667,4000000,6000000
1443891.866666663,4000000,6000000
2204939.73333333,4000000,6000000
2039152.6666666628,4000000,6000000
1558619.46666667,4000000,6000000
1445482.133333337,4000000,6000000
1420949.066666667,3000000,6000000
1502652.800000003,2250000,6000000
1427785.5999999968,2250000,6000000
1417211.866666663,2250000,6000000
1493798.53333333,2250000,6000000
1834317.200000003,3000000,6000000
2328369.46666667,4000000,6000000
1527900.800000003,4000000,6000000
1436640.0,4000000,6000000
1510908.133333333,4000000,6000000
3024486.66666666,5000000,6000000
2421471.0666666627,5000000,6000000
1344488.533333337,5000000,6000000
1590977.599999997,5000000,6000000
1229834.8,5000000,6000000
3066152.53333333,5000000,6000000
2431462.9333333327,5000000,6000000
1989862.133333333,4000000,6000000
3218371.06666667,5000000,6000000
3531292.66666666,5000000,6000000
2225395.2,5000000,6000000
2254840.0,4000000,6000000
2784446.4000000004,4000000,6000000
2966416.13333333,4000000,6000000
2130486.8,4000000,6000000
2333060.0,4000000,6000000
2097708.8,4000000,6000000
3100689.73333333,5000000,6000000
3665321.6,5000000,6000000
2749854.799999997,5000000,6000000
2321256.9333333327,5000000,6000000
2562124.4,5000000,6000000
2499747.33333334,5000000,6000000
2983104.13333333,5000000,6000000
2444649.733333337,5000000,6000000
