8/29/2021 0:00,451.5733333
8/29/2021 0:05,452.72
8/29/2021 0:10,454.08
8/29/2021 0:15,452.9333333
8/29/2021 0:20,446.7733333
8/29/2021 0:25,452.72
8/29/2021 0:30,449.1733333
8/29/2021 0:35,451.5733333
8/29/2021 0:40,449.28
8/29/2021 0:45,456.48
8/29/2021 0:50,447.92
8/29/2021 0:55,458.9866667
8/29/2021 1:00,450.32
8/29/2021 1:05,449.0666667
8/29/2021 1:10,451.5733333
8/29/2021 1:15,451.68
8/29/2021 1:20,452.6133333
8/29/2021 1:25,449.1733333
8/29/2021 1:30,449.1733333
8/29/2021 1:35,452.72
8/29/2021 1:40,451.5733333
8/29/2021 1:45,456.3733333
8/29/2021 1:50,449.1733333
8/29/2021 1:55,458.9866667
8/29/2021 2:00,447.92
8/29/2021 2:05,451.5733333
8/29/2021 2:10,451.68
8/29/2021 2:15,452.72
8/29/2021 2:20,456.48
8/29/2021 2:25,449.1733333
8/29/2021 2:30,455.44
8/29/2021 2:35,450.2133333
8/29/2021 2:40,451.68
8/29/2021 2:45,458.7733333
8/29/2021 2:50,461.3866667
8/29/2021 2:55,454.08
8/29/2021 3:00,455.3333333
8/29/2021 3:05,458.9866667
8/29/2021 3:10,451.5733333
8/29/2021 3:15,452.8266667
8/29/2021 3:20,458.9866667
8/29/2021 3:25,453.9733333
8/29/2021 3:30,456.3733333
8/29/2021 3:35,447.92
8/29/2021 3:40,453.9733333
8/29/2021 3:45,453.9733333
8/29/2021 3:50,451.68
8/29/2021 3:55,453.9733333
8/29/2021 4:00,452.72
8/29/2021 4:05,458.9866667
8/29/2021 4:10,451.5733333
8/29/2021 4:15,454.08
8/29/2021 4:20,453.9733333
8/29/2021 4:25,452.8266667
8/29/2021 4:30,450.4266667
8/29/2021 4:35,456.5866667
8/29/2021 4:40,446.6666667
8/29/2021 4:45,453.9733333
8/29/2021 4:50,449.1733333
8/29/2021 4:55,457.7333333
8/29/2021 5:00,456.48
8/29/2021 5:05,453.9733333
8/29/2021 5:10,455.3333333
8/29/2021 5:15,451.4666667
8/29/2021 5:20,452.6133333
8/29/2021 5:25,454.08
8/29/2021 5:30,454.08
8/29/2021 5:35,451.5733333
8/29/2021 5:40,458.9866667
8/29/2021 5:45,452.8266667
8/29/2021 5:50,449.0666667
8/29/2021 5:55,457.6266667
8/29/2021 6:00,451.5733333
8/29/2021 6:05,447.92
8/29/2021 6:10,458.9866667
8/29/2021 6:15,450.32
8/29/2021 6:20,456.48
8/29/2021 6:25,446.7733333
8/29/2021 6:30,453.9733333
8/29/2021 6:35,454.08
8/29/2021 6:40,447.8133333
8/29/2021 6:45,454.08
8/29/2021 6:50,451.5733333
8/29/2021 6:55,450.32
8/29/2021 7:00,451.68
8/29/2021 7:05,451.5733333
8/29/2021 7:10,449.0666667
8/29/2021 7:15,461.3866667
8/29/2021 7:20,453.9733333
8/29/2021 7:25,457.7333333
8/29/2021 7:30,449.1733333
8/29/2021 7:35,450.32
8/29/2021 7:40,456.48
8/29/2021 7:45,447.92
8/29/2021 7:50,456.48
8/29/2021 7:55,454.08
8/29/2021 8:00,451.5733333
8/29/2021 8:05,455.2266667
8/29/2021 8:10,449.1733333
8/29/2021 8:15,454.08
8/29/2021 8:20,456.3733333
8/29/2021 8:25,455.3333333
8/29/2021 8:30,457.7333333
8/29/2021 8:35,449.1733333
8/29/2021 8:40,458.9866667
8/29/2021 8:45,456.3733333
8/29/2021 8:50,448.0266667
8/29/2021 8:55,453.9733333
8/29/2021 9:00,456.5866667
8/29/2021 9:05,449.1733333
8/29/2021 9:10,455.2266667
8/29/2021 9:15,458.9866667
8/29/2021 9:20,446.7733333
8/29/2021 9:25,456.3733333
8/29/2021 9:30,452.8266667
8/29/2021 9:35,457.7333333
8/29/2021 9:40,455.2266667
8/29/2021 9:45,452.72
8/29/2021 9:50,451.5733333
8/29/2021 9:55,456.48
8/29/2021 10:00,449.1733333
8/29/2021 10:05,451.5733333
8/29/2021 10:10,452.8266667
8/29/2021 10:15,450.32
8/29/2021 10:20,453.9733333
8/29/2021 10:25,451.5733333
8/29/2021 10:30,449.1733333
8/29/2021 10:35,453.9733333
8/29/2021 10:40,452.8266667
8/29/2021 10:45,456.48
8/29/2021 10:50,458.88
8/29/2021 10:55,454.08
8/29/2021 11:00,455.2266667
8/29/2021 11:05,456.48
8/29/2021 11:10,454.08
8/29/2021 11:15,458.88
8/29/2021 11:20,450.4266667
8/29/2021 11:25,451.68
8/29/2021 11:30,455.2266667
8/29/2021 11:35,454.08
8/29/2021 11:40,455.2266667
8/29/2021 11:45,456.3733333
8/29/2021 11:50,450.32
8/29/2021 11:55,451.4666667
8/29/2021 12:00,456.48
8/29/2021 12:05,452.9333333
8/29/2021 12:10,456.48
8/29/2021 12:15,449.0666667
8/29/2021 12:20,461.3866667
8/29/2021 12:25,455.2266667
8/29/2021 12:30,450.32
8/29/2021 12:35,461.3866667
8/29/2021 12:40,450.4266667
8/29/2021 12:45,456.48
8/29/2021 12:50,451.68
8/29/2021 12:55,451.5733333
8/29/2021 13:00,723.7866667
8/29/2021 13:05,467227.12
8/29/2021 13:10,487391.4933
8/29/2021 13:15,499502.88
8/29/2021 13:20,492093.8133
8/29/2021 13:25,493895.6
8/29/2021 13:30,495645.6533
8/29/2021 13:35,492242.96
8/29/2021 13:40,492777.2
8/29/2021 13:45,497928
8/29/2021 13:50,491652.08
8/29/2021 13:55,498466.8533
8/29/2021 14:00,496353.9538
8/29/2021 14:05,567549.5488
8/29/2021 14:10,512319.6533
8/29/2021 14:11,
8/29/2021 14:12,493041.4667
8/29/2021 14:13,495875.3333
8/29/2021 14:14,504460.9333
8/29/2021 14:15,498080
8/29/2021 14:16,497049.8667
8/29/2021 14:17,505815.3333
8/29/2021 14:18,492955.2
8/29/2021 14:19,498997.7333
8/29/2021 14:20,505165.2
8/29/2021 14:21,494824.1333
8/29/2021 14:22,492417.0667
8/29/2021 14:23,509948.2667
8/29/2021 14:24,497503.7333
8/29/2021 14:25,499596.8
8/29/2021 14:26,510507.4667
8/29/2021 14:27,496118.6667
8/29/2021 14:28,500614.1333
8/29/2021 14:29,512699.0667
8/29/2021 14:30,497982.2667
8/29/2021 14:31,495862.9333
8/29/2021 14:32,502392
8/29/2021 14:33,493942.4
8/29/2021 14:34,493039.6
8/29/2021 14:35,506051.7333
8/29/2021 14:36,498476.6667
8/29/2021 14:37,493594
8/29/2021 14:38,507309.3333
8/29/2021 14:39,497422.5333
8/29/2021 14:40,500168.6667
8/29/2021 14:41,505673.2
8/29/2021 14:42,491550.1333
8/29/2021 14:43,494615.7333
8/29/2021 14:44,510869.6
8/29/2021 14:45,500718.6667
8/29/2021 14:46,494908.6667
8/29/2021 14:47,512258
8/29/2021 14:48,499381.2
8/29/2021 14:49,501001.3333
8/29/2021 14:50,510323.3333
8/29/2021 14:51,498524.4
8/29/2021 14:52,494867.2
8/29/2021 14:53,501453.0667
8/29/2021 14:54,494191.6
8/29/2021 14:55,499715.8667
8/29/2021 14:56,513239.0667
8/29/2021 14:57,502761.2
8/29/2021 14:58,496371.6
8/29/2021 14:59,509209.6
8/29/2021 15:00,505273.3333
8/29/2021 15:01,508031.3333
8/29/2021 15:02,517012.8
8/29/2021 15:03,505004.2667
8/29/2021 15:04,505677.4667
8/29/2021 15:05,519867.8667
8/29/2021 15:06,504268.8
8/29/2021 15:07,506774.5333
8/29/2021 15:08,573260
8/29/2021 15:09,503005.8667
8/29/2021 15:10,500261.8667
8/29/2021 15:11,511635.8667
8/29/2021 15:12,500344.4
8/29/2021 15:13,506784.1333
8/29/2021 15:14,514099.0667
8/29/2021 15:15,512021.4667
8/29/2021 15:16,491736.1333
8/29/2021 15:17,508041.4667
8/29/2021 15:18,497435.0667
8/29/2021 15:19,504330
8/29/2021 15:20,510577.0667
8/29/2021 15:21,496191.4667
8/29/2021 15:22,493316.5333
8/29/2021 15:23,509266.4
8/29/2021 15:24,493546.6667
8/29/2021 15:25,507017.7333
8/29/2021 15:26,507497.7333
8/29/2021 15:27,494228.5333
8/29/2021 15:28,500818.6667
8/29/2021 15:29,521316.4
8/29/2021 15:30,504512
8/29/2021 15:31,505833.6
8/29/2021 15:32,510154.4
8/29/2021 15:33,499151.6
8/29/2021 15:34,507634.6667
8/29/2021 15:35,522113.6
8/29/2021 15:36,507822.5333
8/29/2021 15:37,500527.2
8/29/2021 15:38,509026.6667
8/29/2021 15:39,498629.0667
8/29/2021 15:40,495754.8
8/29/2021 15:41,511464.8
8/29/2021 15:42,499016.4
8/29/2021 15:43,496920.1333
8/29/2021 15:44,506457.8667
8/29/2021 15:45,504238
8/29/2021 15:46,497472.6667
8/29/2021 15:47,512030
8/29/2021 15:48,510456.8
8/29/2021 15:49,505606.9333
8/29/2021 15:50,517600
8/29/2021 15:51,542843.6
8/29/2021 15:52,501089.7333
8/29/2021 15:53,510662.9333
8/29/2021 15:54,502395.7333
8/29/2021 15:55,502641.6
8/29/2021 15:56,512581.8667
8/29/2021 15:57,582694.8
8/29/2021 15:58,621569.4667
8/29/2021 15:59,618271.8667
8/29/2021 16:00,714560.9333
8/29/2021 16:01,1876360.667
8/29/2021 16:02,1774640.8
8/29/2021 16:03,2103813.733
8/29/2021 16:04,2136547.867
8/29/2021 16:05,2425321.333
8/29/2021 16:06,2116294.133
8/29/2021 16:07,1999302.8
8/29/2021 16:08,2422617.733
8/29/2021 16:09,2415273.333
8/29/2021 16:10,2228245.6
8/29/2021 16:11,1825429.2
8/29/2021 16:12,1057828.667
8/29/2021 16:13,1980060.267
8/29/2021 16:14,1816479.333
8/29/2021 16:15,605569.2
8/29/2021 16:16,589761.7333
8/29/2021 16:17,1010920
8/29/2021 16:18,1943192.533
8/29/2021 16:19,2331211.733
8/29/2021 16:20,2203845.2
8/29/2021 16:21,1442572.933
8/29/2021 16:22,1478335.333
8/29/2021 16:23,2016474.533
8/29/2021 16:24,1676836.8
8/29/2021 16:25,2061715.467
8/29/2021 16:26,1769634.533
8/29/2021 16:27,674370.1333
8/29/2021 16:28,683647.3333
8/29/2021 16:29,677665.3333
8/29/2021 16:30,792702.9333
8/29/2021 16:31,663833.8667
8/29/2021 16:32,677676.2667
8/29/2021 16:33,646020.5333
8/29/2021 16:34,649494.1333
8/29/2021 16:35,1076543.6
8/29/2021 16:36,765258
8/29/2021 16:37,1057117.6
8/29/2021 16:38,668006
8/29/2021 16:39,647764.9333
8/29/2021 16:40,1189296.933
8/29/2021 16:41,2221367.733
8/29/2021 16:42,2304732
8/29/2021 16:43,2164987.867
8/29/2021 16:44,1806963.733
8/29/2021 16:45,2088475.333
8/29/2021 16:46,2190559.6
8/29/2021 16:47,1935137.867
8/29/2021 16:48,1829528.933
8/29/2021 16:49,1613983.2
8/29/2021 16:50,2149468.933
8/29/2021 16:51,1418840.267
8/29/2021 16:52,633475.2
8/29/2021 16:53,638198.2667
8/29/2021 16:54,804767.0667
8/29/2021 16:55,1407540.267
8/29/2021 16:56,640899.7333
8/29/2021 16:57,614147.0667
8/29/2021 16:58,608155.4667
8/29/2021 16:59,682719.7333
8/29/2021 17:00,1115809.333
8/29/2021 17:01,2416407.333
8/29/2021 17:02,1956487.467
8/29/2021 17:03,2141060.133
8/29/2021 17:04,2281541.6
8/29/2021 17:05,2293867.067
8/29/2021 17:06,1931930.8
8/29/2021 17:07,1830430.267
8/29/2021 17:08,1791075.6
8/29/2021 17:09,2121661.2
8/29/2021 17:10,1821066.8
8/29/2021 17:11,669365.8667
8/29/2021 17:12,1752348.667
8/29/2021 17:13,1260999.333
8/29/2021 17:14,969655.7333
8/29/2021 17:15,1679095.2
8/29/2021 17:16,703919.4667
8/29/2021 17:17,1675225.467
8/29/2021 17:18,2148685.467
8/29/2021 17:19,2019850.4
8/29/2021 17:20,2130453.733
8/29/2021 17:21,1420821.867
8/29/2021 17:22,1821683.867
8/29/2021 17:23,2066425.067
8/29/2021 17:24,2214570.533
8/29/2021 17:25,2032539.2
8/29/2021 17:26,1490505.2
8/29/2021 17:27,619274.5333
8/29/2021 17:28,672767.2
8/29/2021 17:29,598168.4
8/29/2021 17:30,704703.4667
8/29/2021 17:31,588348.6667
8/29/2021 17:32,633410.8
8/29/2021 17:33,609985.7333
8/29/2021 17:34,640861.7333
8/29/2021 17:35,672687.7333
8/29/2021 17:36,692930.9333
8/29/2021 17:37,691141.2
8/29/2021 17:38,595774.6667
8/29/2021 17:39,1315769.867
8/29/2021 17:40,1553437.6
8/29/2021 17:41,2185689.867
8/29/2021 17:42,2301725.867
8/29/2021 17:43,2468203.2
8/29/2021 17:44,1768680
8/29/2021 17:45,2215232
8/29/2021 17:46,2263413.333
8/29/2021 17:47,2347252.4
8/29/2021 17:48,1061559.6
8/29/2021 17:49,792859.8667
8/29/2021 17:50,657209.8667
8/29/2021 17:51,604364.1333
8/29/2021 17:52,628688.9333
8/29/2021 17:53,621904.5333
8/29/2021 17:54,603903.7333
8/29/2021 17:55,627213.7333
8/29/2021 17:56,608775.8667
8/29/2021 17:57,910736
8/29/2021 17:58,746810.6667
8/29/2021 17:59,642023.7333
8/29/2021 18:00,1334047.333
8/29/2021 18:01,2543688.8
8/29/2021 18:02,2165970.8
8/29/2021 18:03,2526667.467
8/29/2021 18:04,2511498.133
8/29/2021 18:05,2332996.667
8/29/2021 18:06,2246272.4
8/29/2021 18:07,2372882.267
8/29/2021 18:08,2269640.533
8/29/2021 18:09,2253907.067
8/29/2021 18:10,1481650.267
8/29/2021 18:11,808677.0667
8/29/2021 18:12,1666190
8/29/2021 18:13,1376596.533
8/29/2021 18:14,1858311.067
8/29/2021 18:15,1192526.133
8/29/2021 18:16,2093339.6
8/29/2021 18:17,1442689.2
8/29/2021 18:18,1182406
8/29/2021 18:19,2283802.8
8/29/2021 18:20,2439360.133
8/29/2021 18:21,2489136.133
8/29/2021 18:22,2338284.8
8/29/2021 18:23,2481016
8/29/2021 18:24,2225740.267
8/29/2021 18:25,2207886.4
8/29/2021 18:26,1914651.867
8/29/2021 18:27,1922806.933
8/29/2021 18:28,988192
8/29/2021 18:29,820660.2667
8/29/2021 18:30,922426.1333
8/29/2021 18:31,799472.2667
8/29/2021 18:32,865695.8667
8/29/2021 18:33,808279.7333
8/29/2021 18:34,789145.7333
8/29/2021 18:35,908988.5333
8/29/2021 18:36,933683.8667
8/29/2021 18:37,1453731.867
8/29/2021 18:38,1419142.8
8/29/2021 18:39,778185.8667
8/29/2021 18:40,2033677.067
8/29/2021 18:41,2519743.067
8/29/2021 18:42,2344348.133
8/29/2021 18:43,1664077.467
8/29/2021 18:44,2336884.933
8/29/2021 18:45,2448694.533
8/29/2021 18:46,2277605.6
8/29/2021 18:47,2168969.733
8/29/2021 18:48,1822490.933
8/29/2021 18:49,657155.2
8/29/2021 18:50,703003.0667
8/29/2021 18:51,833177.2
8/29/2021 18:52,1187878.933
8/29/2021 18:53,707960
8/29/2021 18:54,638734.9333
8/29/2021 18:55,768450.6667
8/29/2021 18:56,1249165.067
8/29/2021 18:57,1506632.4
8/29/2021 18:58,834871.4667
8/29/2021 18:59,697605.0667
8/29/2021 19:00,1293124.4
8/29/2021 19:01,2512762.8
8/29/2021 19:02,2529710.533
8/29/2021 19:03,2502457.333
8/29/2021 19:04,2370633.6
8/29/2021 19:05,2329925.6
8/29/2021 19:06,2362065.733
8/29/2021 19:07,2230134.533
8/29/2021 19:08,1612281.067
8/29/2021 19:09,2384421.6
8/29/2021 19:10,942520.2667
8/29/2021 19:11,843393.0667
8/29/2021 19:12,1091356.667
8/29/2021 19:13,816271.6
8/29/2021 19:14,1944889.333
8/29/2021 19:15,1100896.533
8/29/2021 19:16,1891172.267
8/29/2021 19:17,1322014.267
8/29/2021 19:18,683799.0667
8/29/2021 19:19,887374.6667
8/29/2021 19:20,844648.4
8/29/2021 19:21,814889.2
8/29/2021 19:22,882724
8/29/2021 19:23,896630
8/29/2021 19:24,1134251.067
8/29/2021 19:25,754640.9333
8/29/2021 19:26,1012768.4
8/29/2021 19:27,977222.8
8/29/2021 19:28,959780.1333
8/29/2021 19:29,960890.8
8/29/2021 19:30,948475.7333
8/29/2021 19:31,1028976.533
8/29/2021 19:32,885642.2667
8/29/2021 19:33,853490.4
8/29/2021 19:34,751388.4
8/29/2021 19:35,828094.1333
8/29/2021 19:36,806058.9333
8/29/2021 19:37,746020.1333
8/29/2021 19:38,1673554.533
8/29/2021 19:39,1388305.067
8/29/2021 19:40,762188.9333
8/29/2021 19:41,880623.8667
8/29/2021 19:42,1191504.533
8/29/2021 19:43,836820.5333
8/29/2021 19:44,793928.1333
8/29/2021 19:45,2352240
8/29/2021 19:46,2060565.867
8/29/2021 19:47,1767338.267
8/29/2021 19:48,1793969.2
8/29/2021 19:49,1741979.733
8/29/2021 19:50,1818669.6
8/29/2021 19:51,1868764.933
8/29/2021 19:52,1414327.2
8/29/2021 19:53,946951.8667
8/29/2021 19:54,1123361.2
8/29/2021 19:55,925898.8
8/29/2021 19:56,1031150
8/29/2021 19:57,1129456.4
8/29/2021 19:58,1350594.933
8/29/2021 19:59,867009.4667
8/29/2021 20:00,1227086.933
8/29/2021 20:01,2140155.467
8/29/2021 20:02,2357407.2
8/29/2021 20:03,1416167.467
8/29/2021 20:04,1259051.2
8/29/2021 20:05,2103228.133
8/29/2021 20:06,1239973.467
8/29/2021 20:07,748027.8667
8/29/2021 20:08,886881.0667
8/29/2021 20:09,841117.3333
8/29/2021 20:10,826876
8/29/2021 20:11,772209.8667
8/29/2021 20:12,1711681.733
8/29/2021 20:13,1134994.4
8/29/2021 20:14,1799060.267
8/29/2021 20:15,992224
8/29/2021 20:16,1764745.067
8/29/2021 20:17,1262257.333
8/29/2021 20:18,788952.2667
8/29/2021 20:19,809568.9333
8/29/2021 20:20,763190.1333
8/29/2021 20:21,805994.9333
8/29/2021 20:22,836797.3333
8/29/2021 20:23,818112.4
8/29/2021 20:24,745337.7333
8/29/2021 20:25,732536.2667
8/29/2021 20:26,726624.4
8/29/2021 20:27,705156.4
8/29/2021 20:28,751802.5333
8/29/2021 20:29,726655.7333
8/29/2021 20:30,834584.4
8/29/2021 20:31,665176.5333
8/29/2021 20:32,658394.6667
8/29/2021 20:33,629938.8
8/29/2021 20:34,626360.6667
8/29/2021 20:35,689863.4667
8/29/2021 20:36,801089.3333
8/29/2021 20:37,821953.6
8/29/2021 20:38,1835609.2
8/29/2021 20:39,2049600.4
8/29/2021 20:40,1066405.333
8/29/2021 20:41,690227.3333
8/29/2021 20:42,694760.9333
8/29/2021 20:43,670971.8667
8/29/2021 20:44,664238.8
8/29/2021 20:45,1643536.667
8/29/2021 20:46,1115280.8
8/29/2021 20:47,717910.1333
8/29/2021 20:48,686853.7333
8/29/2021 20:49,698200.2667
8/29/2021 20:50,759680.9333
8/29/2021 20:51,655867.6
8/29/2021 20:52,693596
8/29/2021 20:53,1295050.4
8/29/2021 20:54,674618
8/29/2021 20:55,683259.4667
8/29/2021 20:56,720329.0667
8/29/2021 20:57,694542.6667
8/29/2021 20:58,686788.4
8/29/2021 20:59,714653.3333
8/29/2021 21:00,1095764.133
8/29/2021 21:01,2279388
8/29/2021 21:02,1206887.067
8/29/2021 21:03,650714.1333
8/29/2021 21:04,672996.4
8/29/2021 21:05,1821113.067
8/29/2021 21:06,1001606.933
8/29/2021 21:07,791554
8/29/2021 21:08,911875.7333
8/29/2021 21:09,926183.3333
8/29/2021 21:10,914886.5333
8/29/2021 21:11,877896.2667
8/29/2021 21:12,1699697.733
8/29/2021 21:13,985849.4667
8/29/2021 21:14,1964217.2
8/29/2021 21:15,807258.5333
8/29/2021 21:16,1801322.4
8/29/2021 21:17,1095568.667
8/29/2021 21:18,759316.9333
8/29/2021 21:19,726378.6667
8/29/2021 21:20,743837.2
8/29/2021 21:21,714810.9333
8/29/2021 21:22,745117.7333
8/29/2021 21:23,750608.9333
8/29/2021 21:24,835529.4667
8/29/2021 21:25,954272.8
8/29/2021 21:26,844516.1333
8/29/2021 21:27,757868.6667
8/29/2021 21:28,958810.1333
8/29/2021 21:29,987815.6
8/29/2021 21:30,811566.8
8/29/2021 21:31,552769.2
8/29/2021 21:32,567728.2667
8/29/2021 21:33,562409.0667
8/29/2021 21:34,566985.3333
8/29/2021 21:35,596411.0667
8/29/2021 21:36,828318.5333
8/29/2021 21:37,537450.8
8/29/2021 21:38,1858156.8
8/29/2021 21:39,1416382.267
8/29/2021 21:40,578944.6667
8/29/2021 21:41,536769.2
8/29/2021 21:42,564067.0667
8/29/2021 21:43,558182.1333
8/29/2021 21:44,593783.8667
8/29/2021 21:45,1582171.333
8/29/2021 21:46,1021993.333
8/29/2021 21:47,600288
8/29/2021 21:48,699686.6667
8/29/2021 21:49,536911.0667
8/29/2021 21:50,638263.8667
8/29/2021 21:51,584407.7333
8/29/2021 21:52,571902.9333
8/29/2021 21:53,584245.4667
8/29/2021 21:54,568694.1333
8/29/2021 21:55,576186.9333
8/29/2021 21:56,629027.7333
8/29/2021 21:57,560801.7333
8/29/2021 21:58,579464.8
8/29/2021 21:59,588117.2
8/29/2021 22:00,998588.4
8/29/2021 22:01,1918372
8/29/2021 22:02,1960154.267
8/29/2021 22:03,1892679.467
8/29/2021 22:04,1727791.067
8/29/2021 22:05,1921457.067
8/29/2021 22:06,1582074.933
8/29/2021 22:07,747302.1333
8/29/2021 22:08,711304.2667
8/29/2021 22:09,635596.2667
8/29/2021 22:10,650276.2667
8/29/2021 22:11,852281.2
8/29/2021 22:12,717310.1333
8/29/2021 22:13,700586.6667
8/29/2021 22:14,1826860.933
8/29/2021 22:15,873193.0667
8/29/2021 22:16,1610234.933
8/29/2021 22:17,1113435.067
8/29/2021 22:18,778172.6667
8/29/2021 22:19,829573.2
8/29/2021 22:20,777253.0667
8/29/2021 22:21,606618.9333
8/29/2021 22:22,643910.5333
8/29/2021 22:23,737121.7333
8/29/2021 22:24,659833.8667
8/29/2021 22:25,607969.6
8/29/2021 22:26,711899.7333
8/29/2021 22:27,580388.5333
8/29/2021 22:28,637562.9333
8/29/2021 22:29,928094.6667
8/29/2021 22:30,572014.8
8/29/2021 22:31,566537.7333
8/29/2021 22:32,707736.2667
8/29/2021 22:33,696512.5333
8/29/2021 22:34,718257.3333
8/29/2021 22:35,667725.6
8/29/2021 22:36,674397.8667
8/29/2021 22:37,642974.9333
8/29/2021 22:38,1373578
8/29/2021 22:39,1862034
8/29/2021 22:40,1464063.867
8/29/2021 22:41,958981.4667
8/29/2021 22:42,570495.4667
8/29/2021 22:43,562750.9333
8/29/2021 22:44,570945.6
8/29/2021 22:45,1463754.667
8/29/2021 22:46,1161039.2
8/29/2021 22:47,646806.2667
8/29/2021 22:48,620994.8
8/29/2021 22:49,566871.2
8/29/2021 22:50,620126.5333
8/29/2021 22:51,534508.8
8/29/2021 22:52,519750.9333
8/29/2021 22:53,513245.0667
8/29/2021 22:54,538906.8
8/29/2021 22:55,556878.5333
8/29/2021 22:56,559744.9333
8/29/2021 22:57,530661.7333
8/29/2021 22:58,533600.9333
8/29/2021 22:59,520139.6
8/29/2021 23:00,948904.4
8/29/2021 23:01,1972545.333
8/29/2021 23:02,1444535.867
8/29/2021 23:03,507119.4667
8/29/2021 23:04,974102.5333
8/29/2021 23:05,1746358
8/29/2021 23:06,513524.2667
8/29/2021 23:07,1447748.133
8/29/2021 23:08,1436732.267
8/29/2021 23:09,530833.7333
8/29/2021 23:10,541995.2
8/29/2021 23:11,514805.8667
8/29/2021 23:12,1440751.2
8/29/2021 23:13,963545.6
8/29/2021 23:14,1753028.133
8/29/2021 23:15,515358.5333
8/29/2021 23:16,504761.4667
8/29/2021 23:17,975965.0667
8/29/2021 23:18,517710.4
8/29/2021 23:19,621545.7333
8/29/2021 23:20,560275.7333
8/29/2021 23:21,532620.9333
8/29/2021 23:22,635795.4667
8/29/2021 23:23,576476.8
8/29/2021 23:24,523439.0667
8/29/2021 23:25,557276.5333
8/29/2021 23:26,528164.1333
8/29/2021 23:27,518578.1333
8/29/2021 23:28,559031.4667
8/29/2021 23:29,516214
8/29/2021 23:30,527574.4
8/29/2021 23:31,537295.4667
8/29/2021 23:32,541201.3333
8/29/2021 23:33,563822.5333
8/29/2021 23:34,987108.8
8/29/2021 23:35,632745.0667
8/29/2021 23:36,609913.0667
8/29/2021 23:37,1144148.133
8/29/2021 23:38,1571686.8
8/29/2021 23:39,933662.5333
8/29/2021 23:40,765598.1333
8/29/2021 23:41,570767.4667
8/29/2021 23:42,617402.2667
8/29/2021 23:43,610947.4667
8/29/2021 23:44,583334.9333
8/29/2021 23:45,1458133.2
8/29/2021 23:46,1181990.267
8/29/2021 23:47,527372.6667
8/29/2021 23:48,539955.4667
8/29/2021 23:49,534439.2
8/29/2021 23:50,615675.2
8/29/2021 23:51,542412.9333
8/29/2021 23:52,1116228.8
8/29/2021 23:53,543984.9333
8/29/2021 23:54,543947.0667
8/29/2021 23:55,550106.9333
8/29/2021 23:56,562710.4
8/29/2021 23:57,509075.3333
8/29/2021 23:58,544703.7333
8/29/2021 23:59,533026.4
8/30/2021 0:00,1135900.4
8/30/2021 0:01,1928752.533
8/30/2021 0:02,1553982.533
8/30/2021 0:03,536637.4667
8/30/2021 0:04,531380.6667
8/30/2021 0:05,1778835.6
8/30/2021 0:06,558373.7333
8/30/2021 0:07,1537436.133
8/30/2021 0:08,1017077.867
8/30/2021 0:09,537806.4
8/30/2021 0:10,557027.8667
8/30/2021 0:11,596342.5333
8/30/2021 0:12,1301194.933
8/30/2021 0:13,1279096.533
8/30/2021 0:14,1772229.2
8/30/2021 0:15,625928.4
8/30/2021 0:16,671460.1333
8/30/2021 0:17,568233.2
8/30/2021 0:18,587987.4667
8/30/2021 0:19,608414.2667
8/30/2021 0:20,771127.6
8/30/2021 0:21,642302.5333
8/30/2021 0:22,586316.5333
8/30/2021 0:23,646605.6
8/30/2021 0:24,613481.0667
8/30/2021 0:25,580802.5333
8/30/2021 0:26,585908.8
8/30/2021 0:27,575433.4667
8/30/2021 0:28,635536.4
8/30/2021 0:29,581272.9333
8/30/2021 0:30,605016.1333
8/30/2021 0:31,589634.4
8/30/2021 0:32,569499.8667
8/30/2021 0:33,545857.3333
8/30/2021 0:34,638506.4
8/30/2021 0:35,610040.8
8/30/2021 0:36,631284
8/30/2021 0:37,642972.2667
8/30/2021 0:38,1659496.267
8/30/2021 0:39,1847904.533
8/30/2021 0:40,1715401.867
8/30/2021 0:41,538832.2667
8/30/2021 0:42,547079.6
8/30/2021 0:43,547592.9333
8/30/2021 0:44,578355.3333
8/30/2021 0:45,1610940.533
8/30/2021 0:46,1292472.667
8/30/2021 0:47,537403.3333
8/30/2021 0:48,625433.3333
8/30/2021 0:49,575754.2667
8/30/2021 0:50,601263.8667
8/30/2021 0:51,624580.9333
8/30/2021 0:52,752646.8
8/30/2021 0:53,584075.6
8/30/2021 0:54,618986.9333
8/30/2021 0:55,637140.2667
8/30/2021 0:56,760027.6
8/30/2021 0:57,763603.0667
8/30/2021 0:58,547693.0667
8/30/2021 0:59,513112.5333
8/30/2021 1:00,987746.1333
8/30/2021 1:01,1917984.933
8/30/2021 1:02,1725701.733
8/30/2021 1:03,809085.7333
8/30/2021 1:04,511332
8/30/2021 1:05,1744205.467
8/30/2021 1:06,685712.4
8/30/2021 1:07,1648998.4
8/30/2021 1:08,1325870.8
8/30/2021 1:09,726526.2667
8/30/2021 1:10,701170
8/30/2021 1:11,841843.2
8/30/2021 1:12,1444229.867
8/30/2021 1:13,1375197.067
8/30/2021 1:14,1770622.8
8/30/2021 1:15,814576.2667
8/30/2021 1:16,579342
8/30/2021 1:17,745720.9333
8/30/2021 1:18,703064.2667
8/30/2021 1:19,891290.1333
8/30/2021 1:20,778234.5333
8/30/2021 1:21,673132
8/30/2021 1:22,750160.6667
8/30/2021 1:23,640037.4667
8/30/2021 1:24,530813.4667
8/30/2021 1:25,691440.8
8/30/2021 1:26,698781.7333
8/30/2021 1:27,789849.3333
8/30/2021 1:28,811263.6
8/30/2021 1:29,858667.3333
8/30/2021 1:30,870018.9333
8/30/2021 1:31,813665.6
8/30/2021 1:32,552028.2667
8/30/2021 1:33,554530.6667
8/30/2021 1:34,884888.6667
8/30/2021 1:35,589691.3333
8/30/2021 1:36,615456.6667
8/30/2021 1:37,693389.4667
8/30/2021 1:38,1483669.6
8/30/2021 1:39,1177515.333
8/30/2021 1:40,1506192.133
8/30/2021 1:41,652732.8
8/30/2021 1:42,821804.2667
8/30/2021 1:43,991663.4667
8/30/2021 1:44,559108.8
8/30/2021 1:45,1586182
8/30/2021 1:46,955069.0667
8/30/2021 1:47,549745.3333
8/30/2021 1:48,553616.5333
8/30/2021 1:49,559343.3333
8/30/2021 1:50,625911.6
8/30/2021 1:51,532351.8667
8/30/2021 1:52,640201.6
8/30/2021 1:53,511380
8/30/2021 1:54,536799.3333
8/30/2021 1:55,735440.6667
8/30/2021 1:56,584848.8
8/30/2021 1:57,612834.9333
8/30/2021 1:58,560760.1333
8/30/2021 1:59,581299.4667
8/30/2021 2:00,550615.7333
8/30/2021 2:01,1737492
8/30/2021 2:02,658498.8
8/30/2021 2:03,724321.2
8/30/2021 2:04,544551.4667
8/30/2021 2:05,1741163.867
8/30/2021 2:06,661518.4
8/30/2021 2:07,1701972.133
8/30/2021 2:08,873064.2667
8/30/2021 2:09,673798.2667
8/30/2021 2:10,585399.6
8/30/2021 2:11,554391.2
8/30/2021 2:12,562483.2
8/30/2021 2:13,610587.8667
8/30/2021 2:14,1782642.133
8/30/2021 2:15,626731.4667
8/30/2021 2:16,594760.6667
8/30/2021 2:17,591306.2667
8/30/2021 2:18,591307.8667
8/30/2021 2:19,563214.4
8/30/2021 2:20,554962.4
8/30/2021 2:21,550430.9333
8/30/2021 2:22,526760.9333
8/30/2021 2:23,524546.5333
8/30/2021 2:24,560632.2667
8/30/2021 2:25,554990.4
8/30/2021 2:26,576278.2667
8/30/2021 2:27,677952
8/30/2021 2:28,593687.0667
8/30/2021 2:29,727294.5333
8/30/2021 2:30,803999.8667
8/30/2021 2:31,702703.7333
8/30/2021 2:32,604639.4667
8/30/2021 2:33,706532.1333
8/30/2021 2:34,761915.8667
8/30/2021 2:35,600130.6667
8/30/2021 2:36,816419.0667
8/30/2021 2:37,616407.2
8/30/2021 2:38,1431606
8/30/2021 2:39,994479.6
8/30/2021 2:40,593204.1333
8/30/2021 2:41,664373.2
8/30/2021 2:42,660930.6667
8/30/2021 2:43,609597.4667
8/30/2021 2:44,606555.4667
8/30/2021 2:45,1553349.467
8/30/2021 2:46,945669.7333
8/30/2021 2:47,703995.7333
8/30/2021 2:48,533080.1333
8/30/2021 2:49,513985.0667
8/30/2021 2:50,587024.6667
8/30/2021 2:51,529231.3333
8/30/2021 2:52,520708.1333
8/30/2021 2:53,704397.4667
8/30/2021 2:54,534964.9333
8/30/2021 2:55,590514
8/30/2021 2:56,577404.1333
8/30/2021 2:57,572997.3333
8/30/2021 2:58,518624.5333
8/30/2021 2:59,680581.8667
8/30/2021 3:00,504998.1333
8/30/2021 3:01,1751742.4
8/30/2021 3:02,655867.7333
8/30/2021 3:03,517162.2667
8/30/2021 3:04,695934
8/30/2021 3:05,1739065.733
8/30/2021 3:06,825219.3333
8/30/2021 3:07,1485997.733
8/30/2021 3:08,1294453.6
8/30/2021 3:09,572665.4667
8/30/2021 3:10,659602
8/30/2021 3:11,533255.7333
8/30/2021 3:12,540494
8/30/2021 3:13,636863.4667
8/30/2021 3:14,1761701.733
8/30/2021 3:15,553684.6667
8/30/2021 3:16,735424.5333
8/30/2021 3:17,713674.4
8/30/2021 3:18,641069.6
8/30/2021 3:19,712996
8/30/2021 3:20,587118.1333
8/30/2021 3:21,587209.7333
8/30/2021 3:22,595425.6
8/30/2021 3:23,707779.6
8/30/2021 3:24,602006.4
8/30/2021 3:25,576998.1333
8/30/2021 3:26,573911.4667
8/30/2021 3:27,584855.3333
8/30/2021 3:28,611606
8/30/2021 3:29,796822.8
8/30/2021 3:30,585749.7333
8/30/2021 3:31,527123.2
8/30/2021 3:32,592498.1333
8/30/2021 3:33,638703.7333
8/30/2021 3:34,767097.8667
8/30/2021 3:35,749290.8
8/30/2021 3:36,594420.1333
8/30/2021 3:37,749258.1333
8/30/2021 3:38,558898.6667
8/30/2021 3:39,557602.8
8/30/2021 3:40,665938.4
8/30/2021 3:41,726550.5333
8/30/2021 3:42,564773.8667
8/30/2021 3:43,534218.6667
8/30/2021 3:44,538415.4667
8/30/2021 3:45,557455.7333
8/30/2021 3:46,567548.9333
8/30/2021 3:47,676536
8/30/2021 3:48,589917.8667
8/30/2021 3:49,557504.4
8/30/2021 3:50,590249.3333
8/30/2021 3:51,539227.4667
8/30/2021 3:52,587970.8
8/30/2021 3:53,572641.8667
8/30/2021 3:54,1659550.533
8/30/2021 3:55,778166
8/30/2021 3:56,576747.7333
8/30/2021 3:57,710996.4
8/30/2021 3:58,803509.2
8/30/2021 3:59,2203538.133
8/30/2021 4:00,1363440.133
8/30/2021 4:01,543140.6667
8/30/2021 4:02,633936.5333
8/30/2021 4:03,584495.7333
8/30/2021 4:04,1687150.267
8/30/2021 4:05,793582.8
8/30/2021 4:06,540064
8/30/2021 4:07,1639976.933
8/30/2021 4:08,694368.9333
8/30/2021 4:09,617426.8
8/30/2021 4:10,523101.0667
8/30/2021 4:11,543642.9333
8/30/2021 4:12,505662.1333
8/30/2021 4:13,529367.7333
8/30/2021 4:14,531298.8
8/30/2021 4:15,546583.6
8/30/2021 4:16,1721668.933
8/30/2021 4:17,954952.4
8/30/2021 4:18,1931494.667
8/30/2021 4:19,1291916.533
8/30/2021 4:20,1161912.667
8/30/2021 4:21,634978.1333
8/30/2021 4:22,623450.1333
8/30/2021 4:23,705253.4667
8/30/2021 4:24,625210.9333
8/30/2021 4:25,615651.8667
8/30/2021 4:26,627086.1333
8/30/2021 4:27,636013.0667
8/30/2021 4:28,711357.6
8/30/2021 4:29,741334.1333
8/30/2021 4:30,600509.6
8/30/2021 4:31,622531.2
8/30/2021 4:32,593368.1333
8/30/2021 4:33,803284.4
8/30/2021 4:34,891488.1333
8/30/2021 4:35,680935.4667
8/30/2021 4:36,733738.5333
8/30/2021 4:37,1587113.733
8/30/2021 4:38,1456506.4
8/30/2021 4:39,844661.3333
8/30/2021 4:40,700370.8
8/30/2021 4:41,631900
8/30/2021 4:42,588760.4
8/30/2021 4:43,808322.8
8/30/2021 4:44,552262.4
8/30/2021 4:45,1660370.667
8/30/2021 4:46,1053327.6
8/30/2021 4:47,576750.4
8/30/2021 4:48,603991.2
8/30/2021 4:49,685552.1333
8/30/2021 4:50,589130.1333
8/30/2021 4:51,526429.7333
8/30/2021 4:52,529746.4
8/30/2021 4:53,538865.4667
8/30/2021 4:54,656431.8667
8/30/2021 4:55,593549.4667
8/30/2021 4:56,548894.8
8/30/2021 4:57,542320.8
8/30/2021 4:58,549283.3333
8/30/2021 4:59,1534336
8/30/2021 5:00,1209925.067
8/30/2021 5:01,535141.7333
8/30/2021 5:02,596034.9333
8/30/2021 5:03,1005570
8/30/2021 5:04,2256376.533
8/30/2021 5:05,2128034.267
8/30/2021 5:06,2152686.933
8/30/2021 5:07,1935587.6
8/30/2021 5:08,852301.7333
8/30/2021 5:09,760022
8/30/2021 5:10,677421.3333
8/30/2021 5:11,700103.0667
8/30/2021 5:12,833917.8667
8/30/2021 5:13,632957.7333
8/30/2021 5:14,796727.3333
8/30/2021 5:15,606818.9333
8/30/2021 5:16,1770657.467
8/30/2021 5:17,622370.2667
8/30/2021 5:18,696117.2
8/30/2021 5:19,570655.7333
8/30/2021 5:20,581053.0667
8/30/2021 5:21,544385.7333
8/30/2021 5:22,540749.7333
8/30/2021 5:23,531949.0667
8/30/2021 5:24,723770.1333
8/30/2021 5:25,560906.5333
8/30/2021 5:26,570988.9333
8/30/2021 5:27,539638.2667
8/30/2021 5:28,601219.6
8/30/2021 5:29,554972.1333
8/30/2021 5:30,770258.2667
8/30/2021 5:31,529402.1333
8/30/2021 5:32,527096.5333
8/30/2021 5:33,537300.5333
8/30/2021 5:34,533539.8667
8/30/2021 5:35,871034
8/30/2021 5:36,606204.6667
8/30/2021 5:37,1477759.2
8/30/2021 5:38,982078.8
8/30/2021 5:39,548477.2
8/30/2021 5:40,553817.8667
8/30/2021 5:41,694373.3333
8/30/2021 5:42,562675.0667
8/30/2021 5:43,537261.6
8/30/2021 5:44,553002
8/30/2021 5:45,1296327.867
8/30/2021 5:46,1250989.467
8/30/2021 5:47,733704.5333
8/30/2021 5:48,583077.2
8/30/2021 5:49,570344.6667
8/30/2021 5:50,594062.1333
8/30/2021 5:51,527708.4
8/30/2021 5:52,520401.3333
8/30/2021 5:53,1242422.4
8/30/2021 5:54,2040090.133
8/30/2021 5:55,1683516.4
8/30/2021 5:56,1240486.933
8/30/2021 5:57,494712.4
8/30/2021 5:58,514904.9333
8/30/2021 5:59,1549107.867
8/30/2021 6:00,919995.6
8/30/2021 6:01,502287.8667
8/30/2021 6:02,1201214.933
8/30/2021 6:03,700316.1333
8/30/2021 6:04,1753925.333
8/30/2021 6:05,654144.1333
8/30/2021 6:06,529403.4667
8/30/2021 6:07,1709094.933
8/30/2021 6:08,596640.8
8/30/2021 6:09,538982
8/30/2021 6:10,574341.6
8/30/2021 6:11,531206.6667
8/30/2021 6:12,785891.2
8/30/2021 6:13,877298.5333
8/30/2021 6:14,603465.8667
8/30/2021 6:15,585681.8667
8/30/2021 6:16,933515.4667
8/30/2021 6:17,1530895.467
8/30/2021 6:18,557789.6
8/30/2021 6:19,620006.6667
8/30/2021 6:20,682222.6667
8/30/2021 6:21,533063.6
8/30/2021 6:22,572637.7333
8/30/2021 6:23,557254.6667
8/30/2021 6:24,552512.8
8/30/2021 6:25,589238.4
8/30/2021 6:26,552043.4667
8/30/2021 6:27,517464
8/30/2021 6:28,568583.2
8/30/2021 6:29,522793.3333
8/30/2021 6:30,543673.2
8/30/2021 6:31,526003.3333
8/30/2021 6:32,530466.9333
8/30/2021 6:33,538035.2
8/30/2021 6:34,559001.3333
8/30/2021 6:35,727139.6
8/30/2021 6:36,517132.2667
8/30/2021 6:37,1334578.667
8/30/2021 6:38,1081699.067
8/30/2021 6:39,532341.0667
8/30/2021 6:40,550743.7333
8/30/2021 6:41,551800.5333
8/30/2021 6:42,594805.0667
8/30/2021 6:43,683286.6667
8/30/2021 6:44,575881.4667
8/30/2021 6:45,1493199.467
8/30/2021 6:46,1149225.467
8/30/2021 6:47,544752.8
8/30/2021 6:48,578182.8
8/30/2021 6:49,548678.2667
8/30/2021 6:50,536796
8/30/2021 6:51,538138.4
8/30/2021 6:52,557672.6667
8/30/2021 6:53,557140.4
8/30/2021 6:54,552045.2
8/30/2021 6:55,555387.8667
8/30/2021 6:56,539626.9333
8/30/2021 6:57,643280
8/30/2021 6:58,535703.4667
8/30/2021 6:59,1535665.333
8/30/2021 7:00,943170.8
8/30/2021 7:01,566462.1333
8/30/2021 7:02,666868
8/30/2021 7:03,571955.4667
8/30/2021 7:04,1475322.267
8/30/2021 7:05,1040269.867
8/30/2021 7:06,639830.8
8/30/2021 7:07,1749003.067
8/30/2021 7:08,546341.8667
8/30/2021 7:09,567650.1333
8/30/2021 7:10,565990.9333
8/30/2021 7:11,561004.4
8/30/2021 7:12,617528.6667
8/30/2021 7:13,553243.0667
8/30/2021 7:14,545391.8667
8/30/2021 7:15,526567.7333
8/30/2021 7:16,1468191.867
8/30/2021 7:17,931751.8667
8/30/2021 7:18,538990.9333
8/30/2021 7:19,603632
8/30/2021 7:20,642980
8/30/2021 7:21,569147.4667
8/30/2021 7:22,557870.8
8/30/2021 7:23,540727.0667
8/30/2021 7:24,562170.2667
8/30/2021 7:25,574768.1333
8/30/2021 7:26,587560.9333
8/30/2021 7:27,559407.4667
8/30/2021 7:28,596098.1333
8/30/2021 7:29,582794.4
8/30/2021 7:30,570471.7333
8/30/2021 7:31,545968
8/30/2021 7:32,212342.4
8/30/2021 7:33,616044.2667
8/30/2021 7:34,527158.1333
8/30/2021 7:35,553606.1333
8/30/2021 7:36,809295.0667
8/30/2021 7:37,1490668.533
8/30/2021 7:38,990878.1333
8/30/2021 7:39,503560.8
8/30/2021 7:40,534477.0667
8/30/2021 7:41,534879.7333
8/30/2021 7:42,548060.8
8/30/2021 7:43,530579.2
8/30/2021 7:44,526922
8/30/2021 7:45,1489289.733
8/30/2021 7:46,861891.8667
8/30/2021 7:47,504679.4667
8/30/2021 7:48,514146.1333
8/30/2021 7:49,536337.7333
8/30/2021 7:50,514926.6667
8/30/2021 7:51,514348
8/30/2021 7:52,511644.8
8/30/2021 7:53,545888.9333
8/30/2021 7:54,522433.0667
8/30/2021 7:55,518786.8
8/30/2021 7:56,533695.4667
8/30/2021 7:57,513663.7333
8/30/2021 7:58,504230.6667
8/30/2021 7:59,856281.3333
8/30/2021 8:00,1140867.867
8/30/2021 8:01,917726.5333
8/30/2021 8:02,533435.0667
8/30/2021 8:03,531117.8667
8/30/2021 8:04,1762299.733
8/30/2021 8:05,539079.4667
8/30/2021 8:06,848675.6
8/30/2021 8:07,1784145.2
8/30/2021 8:08,583812
8/30/2021 8:09,579226.6667
8/30/2021 8:10,576338.2667
8/30/2021 8:11,566996.1333
8/30/2021 8:12,627291.6
8/30/2021 8:13,563508
8/30/2021 8:14,580983.0667
8/30/2021 8:15,538225.7333
8/30/2021 8:16,1768173.2
8/30/2021 8:17,560181.4667
8/30/2021 8:18,530067.8667
8/30/2021 8:19,599432.4
8/30/2021 8:20,669083.2
8/30/2021 8:21,661879.4667
8/30/2021 8:22,618385.8667
8/30/2021 8:23,580098.2667
8/30/2021 8:24,614995.6
8/30/2021 8:25,595322.8
8/30/2021 8:26,556424.2667
8/30/2021 8:27,526009.8667
8/30/2021 8:28,580509.7333
8/30/2021 8:29,519075.0667
8/30/2021 8:30,667199.2
8/30/2021 8:31,538104.8
8/30/2021 8:32,558016
8/30/2021 8:33,564262.6667
8/30/2021 8:34,556579.8667
8/30/2021 8:35,529172.1333
8/30/2021 8:36,735806.5333
8/30/2021 8:37,1489031.6
8/30/2021 8:38,994117.0667
8/30/2021 8:39,520634.4
8/30/2021 8:40,496644.2667
8/30/2021 8:41,523716.2667
8/30/2021 8:42,605026.9333
8/30/2021 8:43,535417.2
8/30/2021 8:44,540744.6667
8/30/2021 8:45,1531752.4
8/30/2021 8:46,932410
8/30/2021 8:47,660737.4667
8/30/2021 8:48,559850.9333
8/30/2021 8:49,548199.8667
8/30/2021 8:50,531677.8667
8/30/2021 8:51,550560.1333
8/30/2021 8:52,549918.4
8/30/2021 8:53,580268.5333
8/30/2021 8:54,578953.0667
8/30/2021 8:55,545573.8667
8/30/2021 8:56,570823.8667
8/30/2021 8:57,565682.4
8/30/2021 8:58,702370.5333
8/30/2021 8:59,1651237.067
8/30/2021 9:00,870307.4667
8/30/2021 9:01,573725.4667
8/30/2021 9:02,567564.6667
8/30/2021 9:03,577334
8/30/2021 9:04,1788260.933
8/30/2021 9:05,603935.2
8/30/2021 9:06,790047.0667
8/30/2021 9:07,1811001.067
8/30/2021 9:08,571474.4
8/30/2021 9:09,614282.9333
8/30/2021 9:10,563120.9333
8/30/2021 9:11,550305.7333
8/30/2021 9:12,602792
8/30/2021 9:13,561714.1333
8/30/2021 9:14,538802.8
8/30/2021 9:15,531740.1333
8/30/2021 9:16,1169410.4
8/30/2021 9:17,1204645.867
8/30/2021 9:18,571455.4667
8/30/2021 9:19,608452.1333
8/30/2021 9:20,673956.6667
8/30/2021 9:21,582887.2
8/30/2021 9:22,566483.8667
8/30/2021 9:23,548871.6
8/30/2021 9:24,582568.1333
8/30/2021 9:25,551899.2
8/30/2021 9:26,560892.1333
8/30/2021 9:27,567327.0667
8/30/2021 9:28,551661.3333
8/30/2021 9:29,522099.8667
8/30/2021 9:30,493638.1333
8/30/2021 9:31,544084.5333
8/30/2021 9:32,516540.6667
8/30/2021 9:33,537537.3333
8/30/2021 9:34,537226.9333
8/30/2021 9:35,511988.9333
8/30/2021 9:36,725129.8667
8/30/2021 9:37,1413864.533
8/30/2021 9:38,1009235.067
8/30/2021 9:39,562544.6667
8/30/2021 9:40,539072.9333
8/30/2021 9:41,535607.4667
8/30/2021 9:42,567753.6
8/30/2021 9:43,492376.8
8/30/2021 9:44,507151.4667
8/30/2021 9:45,1550348.133
8/30/2021 9:46,951741.3333
8/30/2021 9:47,593516.5333
8/30/2021 9:48,535859.8667
8/30/2021 9:49,529323.0667
8/30/2021 9:50,712350.2667
8/30/2021 9:51,545371.2
8/30/2021 9:52,533626.6667
8/30/2021 9:53,546379.2
8/30/2021 9:54,517712.2667
8/30/2021 9:55,515975.8667
8/30/2021 9:56,575447.0667
8/30/2021 9:57,680967.0667
8/30/2021 9:58,1014349.733
8/30/2021 9:59,1455799.6
8/30/2021 10:00,1177280.133
8/30/2021 10:01,547936
8/30/2021 10:02,562852
8/30/2021 10:03,613549.8667
8/30/2021 10:04,1814012.533
8/30/2021 10:05,598896.9333
8/30/2021 10:06,860913.8667
8/30/2021 10:07,1787290.8
8/30/2021 10:08,556334.6667
8/30/2021 10:09,520336.5333
8/30/2021 10:10,586945.3333
8/30/2021 10:11,524920
8/30/2021 10:12,579616.9333
8/30/2021 10:13,542295.4667
8/30/2021 10:14,571293.7333
8/30/2021 10:15,547190.2667
8/30/2021 10:16,1847838.933
8/30/2021 10:17,542430.6667
8/30/2021 10:18,625175.8667
8/30/2021 10:19,633723.0667
8/30/2021 10:20,642559.7333
8/30/2021 10:21,537395.7333
8/30/2021 10:22,552421.2
8/30/2021 10:23,554707.6
8/30/2021 10:24,570954.8
8/30/2021 10:25,500452.2667
8/30/2021 10:26,512447.2
8/30/2021 10:27,487764.9333
8/30/2021 10:28,546454.2667
8/30/2021 10:29,525160.8
8/30/2021 10:30,540837.7333
8/30/2021 10:31,571079.7333
8/30/2021 10:32,536862.9333
8/30/2021 10:33,556258
8/30/2021 10:34,563728.9333
8/30/2021 10:35,584340.2667
8/30/2021 10:36,597266.6667
8/30/2021 10:37,840363.7333
8/30/2021 10:38,554396.8
8/30/2021 10:39,376368.8
8/30/2021 10:40,673061.6
8/30/2021 10:41,494700.9333
8/30/2021 10:42,830716.2667
8/30/2021 10:43,963124.5333
8/30/2021 10:44,1517286.8
8/30/2021 10:45,1627211.333
8/30/2021 10:46,1043318
8/30/2021 10:47,565836.9333
8/30/2021 10:48,607449.8667
8/30/2021 10:49,577444.5333
8/30/2021 10:50,482858.5333
8/30/2021 10:51,536570.4
8/30/2021 10:52,702115.2
8/30/2021 10:53,593604.2667
8/30/2021 10:54,215563.6
8/30/2021 10:55,8160
8/30/2021 10:56,569.7333333
8/30/2021 10:57,10754.13333
8/30/2021 10:58,8097.6
8/30/2021 10:59,2387.466667
8/30/2021 11:00,553.7333333
8/30/2021 11:01,44968.8
8/30/2021 11:02,225723.3333
8/30/2021 11:03,1440178.133
8/30/2021 11:04,2054456.667
8/30/2021 11:05,723506.6667
8/30/2021 11:06,554116.6667
8/30/2021 11:07,1790748.4
8/30/2021 11:08,813515.6
8/30/2021 11:09,532204.2667
8/30/2021 11:10,511268.1333
8/30/2021 11:11,544066.1333
8/30/2021 11:12,592958.2667
8/30/2021 11:13,537008.9333
8/30/2021 11:14,542076.1333
8/30/2021 11:15,510017.8667
8/30/2021 11:16,588490.2667
8/30/2021 11:17,1659608.933
8/30/2021 11:18,529255.2
8/30/2021 11:19,589675.3333
8/30/2021 11:20,624398.4
8/30/2021 11:21,543679.4667
8/30/2021 11:22,517709.2
8/30/2021 11:23,499772.6667
8/30/2021 11:24,519790.9333
8/30/2021 11:25,514271.8667
8/30/2021 11:26,504439.4667
8/30/2021 11:27,501047.7333
8/30/2021 11:28,533625.8667
8/30/2021 11:29,512976
8/30/2021 11:30,505524.5333
8/30/2021 11:31,495309.7333
8/30/2021 11:32,497856.8
8/30/2021 11:33,507666.1333
8/30/2021 11:34,595840.5333
8/30/2021 11:35,501540.1333
8/30/2021 11:36,502724.9333
8/30/2021 11:37,1252387.6
8/30/2021 11:38,1287830.667
8/30/2021 11:39,502565.7333
8/30/2021 11:40,535632.1333
8/30/2021 11:41,548457.6
8/30/2021 11:42,559439.3333
8/30/2021 11:43,519958
8/30/2021 11:44,511140.5333
8/30/2021 11:45,1463959.467
8/30/2021 11:46,931293.4667
8/30/2021 11:47,535456.9333
8/30/2021 11:48,513930
8/30/2021 11:49,520863.2
8/30/2021 11:50,516856
8/30/2021 11:51,536766.6667
8/30/2021 11:52,637695.2
8/30/2021 11:53,565147.6
8/30/2021 11:54,528970.9333
8/30/2021 11:55,526785.8667
8/30/2021 11:56,599465.4667
8/30/2021 11:57,553998.5333
8/30/2021 11:58,555263.2
8/30/2021 11:59,1392636.933
8/30/2021 12:00,1248252
8/30/2021 12:01,586660.5333
8/30/2021 12:02,518119.7333
8/30/2021 12:03,557463.2
8/30/2021 12:04,1686332.533
8/30/2021 12:05,619321.4667
8/30/2021 12:06,526114.2667
8/30/2021 12:07,1780305.6
8/30/2021 12:08,935779.3333
8/30/2021 12:09,1002932.8
8/30/2021 12:10,902332.5333
8/30/2021 12:11,718551.8667
8/30/2021 12:12,605225.6
8/30/2021 12:13,556388.4
8/30/2021 12:14,659066
8/30/2021 12:15,629196.8
8/30/2021 12:16,1223119.6
8/30/2021 12:17,1081726.8
8/30/2021 12:18,609940.9333
8/30/2021 12:19,688502.1333
8/30/2021 12:20,710925.0667
8/30/2021 12:21,607249.0667
8/30/2021 12:22,833722.4
8/30/2021 12:23,1238307.333
8/30/2021 12:24,1230830.933
8/30/2021 12:25,1172472.4
8/30/2021 12:26,1202374.267
8/30/2021 12:27,1441557.067
8/30/2021 12:28,1366989.333
8/30/2021 12:29,1398327.2
8/30/2021 12:30,1406719.067
8/30/2021 12:31,1322024.133
8/30/2021 12:32,1372019.2
8/30/2021 12:33,1345102.8
8/30/2021 12:34,1387488.533
8/30/2021 12:35,1435680.4
8/30/2021 12:36,1497297.333
8/30/2021 12:37,2128988.267
8/30/2021 12:38,2145179.6
8/30/2021 12:39,1276235.733
8/30/2021 12:40,1487392.667
8/30/2021 12:41,1225396.4
8/30/2021 12:42,1405910.267
8/30/2021 12:43,1273193.867
8/30/2021 12:44,1192185.733
8/30/2021 12:45,2020962.933
8/30/2021 12:46,1839933.733
8/30/2021 12:47,1346323.467
8/30/2021 12:48,1212087.467
8/30/2021 12:49,1180426
8/30/2021 12:50,1296326.667
8/30/2021 12:51,1223451.733
8/30/2021 12:52,1174473.733
8/30/2021 12:53,1256635.333
8/30/2021 12:54,1157325.867
8/30/2021 12:55,1155021.867
8/30/2021 12:56,1248071.867
8/30/2021 12:57,1179516.4
8/30/2021 12:58,1210439.6
8/30/2021 12:59,2011473.733
8/30/2021 13:00,1685192.533
8/30/2021 13:01,1144918.667
8/30/2021 13:02,1227831.333
8/30/2021 13:03,903244.4
8/30/2021 13:04,2125324.933
8/30/2021 13:05,1679194.4
8/30/2021 13:06,1189810.8
8/30/2021 13:07,1920265.2
8/30/2021 13:08,1691294.533
8/30/2021 13:09,1281351.6
8/30/2021 13:10,1206331.867
8/30/2021 13:11,1188666.933
8/30/2021 13:12,1343268.8
8/30/2021 13:13,1184433.2
8/30/2021 13:14,1193538.667
8/30/2021 13:15,1214405.6
8/30/2021 13:16,2208936.133
8/30/2021 13:17,2441290
8/30/2021 13:18,1810804.133
8/30/2021 13:19,1417428.4
8/30/2021 13:20,1341272.533
8/30/2021 13:21,1228803.067
8/30/2021 13:22,1511695.2
8/30/2021 13:23,1486921.067
8/30/2021 13:24,1406619.467
8/30/2021 13:25,1480455.2
8/30/2021 13:26,1322650.4
8/30/2021 13:27,1213270.667
8/30/2021 13:28,1246061.067
8/30/2021 13:29,1178905.733
8/30/2021 13:30,1338006
8/30/2021 13:31,1199790.4
8/30/2021 13:32,1172956.133
8/30/2021 13:33,1304997.867
8/30/2021 13:34,1200818.933
8/30/2021 13:35,1171663.6
8/30/2021 13:36,1202074.933
8/30/2021 13:37,1987089.6
8/30/2021 13:38,1749363.6
8/30/2021 13:39,1462260.8
8/30/2021 13:40,1223940.533
8/30/2021 13:41,1346428
8/30/2021 13:42,1405118.133
8/30/2021 13:43,1300918.933
8/30/2021 13:44,1409358.667
8/30/2021 13:45,1914836
8/30/2021 13:46,2355118.4
8/30/2021 13:47,1303333.867
8/30/2021 13:48,1403898.8
8/30/2021 13:49,1352372
8/30/2021 13:50,1254656.267
8/30/2021 13:51,1268179.6
8/30/2021 13:52,1248229.733
8/30/2021 13:53,1254873.467
8/30/2021 13:54,1312611.333
8/30/2021 13:55,1812907.733
8/30/2021 13:56,1283590.933
8/30/2021 13:57,1252922.4
8/30/2021 13:58,1259092.8
8/30/2021 13:59,2039991.2
8/30/2021 14:00,1831959.733
8/30/2021 14:01,1239083.467
8/30/2021 14:02,1252892.533
8/30/2021 14:03,1266293.333
8/30/2021 14:04,1961031.6
8/30/2021 14:05,1795461.733
8/30/2021 14:06,1246570.533
8/30/2021 14:07,2028131.467
8/30/2021 14:08,1727836.667
8/30/2021 14:09,1443213.2
8/30/2021 14:10,1275507.067
8/30/2021 14:11,1330266.8
8/30/2021 14:12,1348909.333
8/30/2021 14:13,1307979.467
8/30/2021 14:14,1310081.867
8/30/2021 14:15,1273669.733
8/30/2021 14:16,1573833.067
8/30/2021 14:17,2135415.067
8/30/2021 14:18,1382544.4
8/30/2021 14:19,1327534.4
8/30/2021 14:20,1406221.2
8/30/2021 14:21,1292315.867
8/30/2021 14:22,1267405.6
8/30/2021 14:23,1241534.667
8/30/2021 14:24,1230054.4
8/30/2021 14:25,1227655.067
8/30/2021 14:26,1193314
8/30/2021 14:27,1617598.667
8/30/2021 14:28,1301270.8
8/30/2021 14:29,1252827.467
8/30/2021 14:30,1280556.267
8/30/2021 14:31,1199300.667
8/30/2021 14:32,1196456.933
8/30/2021 14:33,1646637.2
8/30/2021 14:34,1824413.867
8/30/2021 14:35,1260737.333
8/30/2021 14:36,1250333.867
8/30/2021 14:37,1926235.333
8/30/2021 14:38,1896834.533
8/30/2021 14:39,1523049.867
8/30/2021 14:40,1280280.4
8/30/2021 14:41,1188356.267
8/30/2021 14:42,1250970.933
8/30/2021 14:43,1192819.2
8/30/2021 14:44,1214708
8/30/2021 14:45,2041861.867
8/30/2021 14:46,2038776.4
8/30/2021 14:47,1911521.333
8/30/2021 14:48,1352736
8/30/2021 14:49,1613797.867
8/30/2021 14:50,1326086
8/30/2021 14:51,1248238
8/30/2021 14:52,1295653.467
8/30/2021 14:53,1269751.333
8/30/2021 14:54,1252409.333
8/30/2021 14:55,1231581.467
8/30/2021 14:56,1221316.533
8/30/2021 14:57,1243166.8
8/30/2021 14:58,1281481.067
8/30/2021 14:59,2062672.933
8/30/2021 15:00,1691285.333
8/30/2021 15:01,1156255.867
8/30/2021 15:02,1165354.4
8/30/2021 15:03,1149517.867
8/30/2021 15:04,2000543.6
8/30/2021 15:05,1517399.867
8/30/2021 15:06,1153814
8/30/2021 15:07,2104030.667
8/30/2021 15:08,1455721.2
8/30/2021 15:09,1329869.6
8/30/2021 15:10,1163658.133
8/30/2021 15:11,1172321.333
8/30/2021 15:12,1214440.533
8/30/2021 15:13,1187991.333
8/30/2021 15:14,1215463.6
8/30/2021 15:15,1199944
8/30/2021 15:16,2122687.6
8/30/2021 15:17,1482047.467
8/30/2021 15:18,1199664.267
8/30/2021 15:19,1247905.733
8/30/2021 15:20,1313537.867
8/30/2021 15:21,1254420.267
8/30/2021 15:22,1246361.333
8/30/2021 15:23,1222971.6
8/30/2021 15:24,1175475.6
8/30/2021 15:25,1210109.467
8/30/2021 15:26,1243900.667
8/30/2021 15:27,1171271.6
8/30/2021 15:28,1312815.867
8/30/2021 15:29,1380570.8
8/30/2021 15:30,1460731.467
8/30/2021 15:31,1442062.267
8/30/2021 15:32,1980959.6
8/30/2021 15:33,2398511.2
8/30/2021 15:34,1863908
8/30/2021 15:35,1224543.067
8/30/2021 15:36,1222598.933
8/30/2021 15:37,1980541.733
8/30/2021 15:38,1786363.2
8/30/2021 15:39,1364572.8
8/30/2021 15:40,1417813.6
8/30/2021 15:41,1388632.267
8/30/2021 15:42,1274906.667
8/30/2021 15:43,1263364.133
8/30/2021 15:44,1272806.667
8/30/2021 15:45,2039848.133
8/30/2021 15:46,1880389.733
8/30/2021 15:47,1458838.133
8/30/2021 15:48,2202266.533
8/30/2021 15:49,2065338.667
8/30/2021 15:50,2390651.2
8/30/2021 15:51,2369313.867
8/30/2021 15:52,2283551.333
8/30/2021 15:53,1686046.133
8/30/2021 15:54,1389502.8
8/30/2021 15:55,1331954.133
8/30/2021 15:56,1276051.867
8/30/2021 15:57,1338045.467
8/30/2021 15:58,1225915.333
8/30/2021 15:59,1964970.8
8/30/2021 16:00,1825561.733
8/30/2021 16:01,1261602.8
8/30/2021 16:02,1705994.133
8/30/2021 16:03,2398153.733
8/30/2021 16:04,2355020
8/30/2021 16:05,2348728
8/30/2021 16:06,1333983.467
8/30/2021 16:07,2126930.667
8/30/2021 16:08,1715940.533
8/30/2021 16:09,1277379.067
8/30/2021 16:10,2039066.133
8/30/2021 16:11,2448153.867
8/30/2021 16:12,2362804.267
8/30/2021 16:13,1540614.667
8/30/2021 16:14,1839683.867
8/30/2021 16:15,1215261.867
8/30/2021 16:16,1233294.667
8/30/2021 16:17,2438007.2
8/30/2021 16:18,1749343.333
8/30/2021 16:19,2519711.067
8/30/2021 16:20,2444191.867
8/30/2021 16:21,2526986.667
8/30/2021 16:22,1408391.2
8/30/2021 16:23,1321362.8
8/30/2021 16:24,1264965.067
8/30/2021 16:25,1319010
8/30/2021 16:26,1239808.267
8/30/2021 16:27,1246360.533
8/30/2021 16:28,1317800.8
8/30/2021 16:29,1246231.067
8/30/2021 16:30,1266553.6
8/30/2021 16:31,1300783.467
8/30/2021 16:32,1349630.267
8/30/2021 16:33,1230762.933
8/30/2021 16:34,1213664.267
8/30/2021 16:35,1218427.867
8/30/2021 16:36,1242008.267
8/30/2021 16:37,1960754.8
8/30/2021 16:38,1778897.733
8/30/2021 16:39,1198059.333
8/30/2021 16:40,1428584.667
8/30/2021 16:41,1184565.867
8/30/2021 16:42,1366410.133
8/30/2021 16:43,1206190.667
8/30/2021 16:44,1193571.6
8/30/2021 16:45,2030814.267
8/30/2021 16:46,1743249.467
8/30/2021 16:47,1187491.6
8/30/2021 16:48,1221809.2
8/30/2021 16:49,1237131.067
8/30/2021 16:50,1222184.8
8/30/2021 16:51,1308151.2
8/30/2021 16:52,1869431.067
8/30/2021 16:53,1200830.267
8/30/2021 16:54,1187075.333
8/30/2021 16:55,1200085.467
8/30/2021 16:56,1812963.867
8/30/2021 16:57,1655568.8
8/30/2021 16:58,1676394.267
8/30/2021 16:59,2355331.867
8/30/2021 17:00,2176158.533
8/30/2021 17:01,1285945.333
8/30/2021 17:02,2030390.133
8/30/2021 17:03,2490522.267
8/30/2021 17:04,1848776.267
8/30/2021 17:05,2252432
8/30/2021 17:06,2574697.067
8/30/2021 17:07,2512449.6
8/30/2021 17:08,2557530.667
8/30/2021 17:09,2086909.6
8/30/2021 17:10,1488270
8/30/2021 17:11,1670383.733
8/30/2021 17:12,1357762.4
8/30/2021 17:13,1277793.867
8/30/2021 17:14,2059480.8
8/30/2021 17:15,2199298.133
8/30/2021 17:16,2512949.467
8/30/2021 17:17,2257358.4
8/30/2021 17:18,2297673.067
8/30/2021 17:19,1971511.867
8/30/2021 17:20,1308737.333
8/30/2021 17:21,1242764.267
8/30/2021 17:22,1396921.467
8/30/2021 17:23,1429005.733
8/30/2021 17:24,1331183.2
8/30/2021 17:25,1334113.867
8/30/2021 17:26,984552.5333
8/30/2021 17:27,9182.8
8/30/2021 17:28,1340299.067
8/30/2021 17:29,2258479.333
8/30/2021 17:30,1630369.467
8/30/2021 17:31,1648360.667
8/30/2021 17:32,1000004.133
8/30/2021 17:33,274026.5333
8/30/2021 17:34,1903898.667
8/30/2021 17:35,2171089.867
8/30/2021 17:36,1864978.267
8/30/2021 17:37,2271124.8
8/30/2021 17:38,2372562.8
8/30/2021 17:39,1511174.133
8/30/2021 17:40,1637526.133
8/30/2021 17:41,1396021.733
8/30/2021 17:42,1562869.6
8/30/2021 17:43,1456242.4
8/30/2021 17:44,1343399.6
8/30/2021 17:45,2185538
8/30/2021 17:46,1878560.667
8/30/2021 17:47,1249934.667
8/30/2021 17:48,1254864.933
8/30/2021 17:49,1207377.333
8/30/2021 17:50,1228286
8/30/2021 17:51,1198605.2
8/30/2021 17:52,1175239.2
8/30/2021 17:53,1144842
8/30/2021 17:54,1165068.933
8/30/2021 17:55,1078217.067
8/30/2021 17:56,1209593.2
8/30/2021 17:57,1321086.4
8/30/2021 17:58,1103857.733
8/30/2021 17:59,1295920
8/30/2021 18:00,1131258.4
8/30/2021 18:01,1121660.4
8/30/2021 18:02,1073005.733
8/30/2021 18:03,1077677.067
8/30/2021 18:04,1052022.267
8/30/2021 18:05,1077854.4
8/30/2021 18:06,1080280.133
8/30/2021 18:07,1101923.6
8/30/2021 18:08,1146443.733
8/30/2021 18:09,1139008.133
8/30/2021 18:10,1160898.667
8/30/2021 18:11,1140524.8
8/30/2021 18:12,1147524.8
8/30/2021 18:13,1144354.4
8/30/2021 18:14,1116255.067
8/30/2021 18:15,1201408.267
8/30/2021 18:16,1135344.933
8/30/2021 18:17,1113135.2
8/30/2021 18:18,1139162.4
8/30/2021 18:19,1118485.2
8/30/2021 18:20,1111469.333
8/30/2021 18:21,304498
8/30/2021 18:22,679426.1333
8/30/2021 18:23,1116485.467
8/30/2021 18:24,1098759.333
8/30/2021 18:25,1100583.867
8/30/2021 18:26,1068754.8
8/30/2021 18:27,1074726
8/30/2021 18:28,1056999.2
8/30/2021 18:29,1069884.667
8/30/2021 18:30,1085107.067
8/30/2021 18:31,1085860
8/30/2021 18:32,1092983.2
8/30/2021 18:33,1122772
8/30/2021 18:34,1104749.467
8/30/2021 18:35,1158961.733
8/30/2021 18:36,1536104.667
8/30/2021 18:37,1116715.867
8/30/2021 18:38,1268631.2
8/30/2021 18:39,1238438.133
8/30/2021 18:40,1180706.533
8/30/2021 18:41,1173799.333
8/30/2021 18:42,1194789.6
8/30/2021 18:43,1149836.8
8/30/2021 18:44,1162080.933
8/30/2021 18:45,1136689.6
8/30/2021 18:46,1152475.2
8/30/2021 18:47,1143406.8
8/30/2021 18:48,1110524.933
8/30/2021 18:49,1108819.333
8/30/2021 18:50,1105811.867
8/30/2021 18:51,679344.6667
8/30/2021 18:52,457.7333333
8/30/2021 18:53,433.2
8/30/2021 18:54,464
8/30/2021 18:55,457.7333333
8/30/2021 18:56,457.2
8/30/2021 18:57,457.7333333
8/30/2021 18:58,457.7333333
8/30/2021 18:59,457.7333333
8/30/2021 19:00,457.7333333
8/30/2021 19:01,445.2
8/30/2021 19:02,457.7333333
8/30/2021 19:03,445.2
8/30/2021 19:04,469.7333333
8/30/2021 19:05,469.7333333
8/30/2021 19:06,451.4666667
8/30/2021 19:07,445.2
8/30/2021 19:08,457.7333333
8/30/2021 19:09,445.7333333
8/30/2021 19:10,445.7333333
8/30/2021 19:11,445.2
8/30/2021 19:12,445.2
8/30/2021 19:13,445.2
8/30/2021 19:14,457.7333333
8/30/2021 19:15,457.7333333
8/30/2021 19:16,464
8/30/2021 19:17,457.7333333
8/30/2021 19:18,445.7333333
8/30/2021 19:19,445.2
8/30/2021 19:20,469.7333333
8/30/2021 19:21,445.7333333
8/30/2021 19:22,457.7333333
8/30/2021 19:23,457.7333333
8/30/2021 19:24,464
8/30/2021 19:25,457.7333333
8/30/2021 19:26,457.7333333
8/30/2021 19:27,433.2
8/30/2021 19:28,457.7333333
8/30/2021 19:29,445.2
8/30/2021 19:30,445.7333333
8/30/2021 19:31,457.7333333
8/30/2021 19:32,457.7333333
8/30/2021 19:33,464
8/30/2021 19:34,457.2
8/30/2021 19:35,445.7333333
8/30/2021 19:36,445.2
8/30/2021 19:37,457.7333333
8/30/2021 19:38,457.7333333
8/30/2021 19:39,439.4666667
8/30/2021 19:40,457.7333333
8/30/2021 19:41,457.7333333
8/30/2021 19:42,457.7333333
8/30/2021 19:43,457.7333333
8/30/2021 19:44,445.7333333
8/30/2021 19:45,457.7333333
8/30/2021 19:46,445.7333333
8/30/2021 19:47,464
8/30/2021 19:48,445.2
8/30/2021 19:49,433.2
8/30/2021 19:50,457.7333333
8/30/2021 19:51,457.7333333
8/30/2021 19:52,445.7333333
8/30/2021 19:53,457.7333333
8/30/2021 19:54,457.7333333
8/30/2021 19:55,457.7333333
8/30/2021 19:56,457.2
8/30/2021 19:57,439.4666667
8/30/2021 19:58,457.7333333
8/30/2021 19:59,445.2
8/30/2021 20:00,445.7333333
8/30/2021 20:01,457.7333333
8/30/2021 20:02,469.7333333
8/30/2021 20:03,439.4666667
8/30/2021 20:04,469.7333333
8/30/2021 20:05,445.7333333
8/30/2021 20:06,457.7333333
8/30/2021 20:07,457.2
8/30/2021 20:08,451.4666667
8/30/2021 20:09,457.7333333
8/30/2021 20:10,457.7333333
8/30/2021 20:11,445.2
8/30/2021 20:12,445.2
8/30/2021 20:13,457.7333333
8/30/2021 20:14,464
8/30/2021 20:15,457.7333333
8/30/2021 20:16,445.2
8/30/2021 20:17,457.7333333
8/30/2021 20:18,457.7333333
8/30/2021 20:19,445.2
8/30/2021 20:20,451.4666667
8/30/2021 20:21,457.7333333
8/30/2021 20:22,457.7333333
8/30/2021 20:23,457.7333333
8/30/2021 20:24,433.2
8/30/2021 20:25,457.7333333
8/30/2021 20:26,457.7333333
8/30/2021 20:27,445.2
8/30/2021 20:28,464
8/30/2021 20:29,458.2666667
8/30/2021 20:30,445.2
8/30/2021 20:31,457.7333333
8/30/2021 20:32,469.7333333
8/30/2021 20:33,433.2
8/30/2021 20:34,457.7333333
8/30/2021 20:35,445.7333333
8/30/2021 20:36,445.2
8/30/2021 20:37,463.4666667
8/30/2021 20:38,470.2666667
8/30/2021 20:39,445.7333333
8/30/2021 20:40,457.7333333
8/30/2021 20:41,433.2
8/30/2021 20:42,457.7333333
8/30/2021 20:43,457.7333333
8/30/2021 20:44,451.4666667
8/30/2021 20:45,457.7333333
8/30/2021 20:46,457.7333333
8/30/2021 20:47,457.7333333
8/30/2021 20:48,445.2
8/30/2021 20:49,457.7333333
8/30/2021 20:50,457.7333333
8/30/2021 20:51,464
8/30/2021 20:52,445.2
8/30/2021 20:53,457.7333333
8/30/2021 20:54,445.2
8/30/2021 20:55,445.7333333
8/30/2021 20:56,445.7333333
8/30/2021 20:57,476
8/30/2021 20:58,445.2
8/30/2021 20:59,457.7333333
8/30/2021 21:00,445.2
8/30/2021 21:01,457.7333333
8/30/2021 21:02,445.7333333
8/30/2021 21:03,457.7333333
8/30/2021 21:04,451.4666667
8/30/2021 21:05,457.7333333
8/30/2021 21:06,445.7333333
8/30/2021 21:07,457.7333333
8/30/2021 21:08,445.7333333
8/30/2021 21:09,445.2
8/30/2021 21:10,464
8/30/2021 21:11,457.7333333
8/30/2021 21:12,457.7333333
8/30/2021 21:13,457.7333333
8/30/2021 21:14,464
8/30/2021 21:15,433.2
8/30/2021 21:16,457.7333333
8/30/2021 21:17,470.2666667
8/30/2021 21:18,457.7333333
8/30/2021 21:19,445.2
8/30/2021 21:20,451.4666667
8/30/2021 21:21,457.7333333
8/30/2021 21:22,457.7333333
8/30/2021 21:23,445.2
8/30/2021 21:24,445.7333333
8/30/2021 21:25,445.2
8/30/2021 21:26,457.7333333
8/30/2021 21:27,433.2
8/30/2021 21:28,464
8/30/2021 21:29,445.2
8/30/2021 21:30,457.7333333
8/30/2021 21:31,445.2
8/30/2021 21:32,445.7333333
8/30/2021 21:33,457.7333333
8/30/2021 21:34,457.7333333
8/30/2021 21:35,439.4666667
8/30/2021 21:36,445.7333333
8/30/2021 21:37,445.2
8/30/2021 21:38,470.2666667
8/30/2021 21:39,457.7333333
8/30/2021 21:40,445.2
8/30/2021 21:41,457.7333333
8/30/2021 21:42,440
8/30/2021 21:43,445.2
8/30/2021 21:44,457.7333333
8/30/2021 21:45,469.7333333
8/30/2021 21:46,445.2
8/30/2021 21:47,445.7333333
8/30/2021 21:48,457.2
8/30/2021 21:49,457.7333333
8/30/2021 21:50,457.7333333
8/30/2021 21:51,439.4666667
8/30/2021 21:52,457.7333333
8/30/2021 21:53,457.2
8/30/2021 21:54,457.7333333
8/30/2021 21:55,457.7333333
8/30/2021 21:56,463.4666667
8/30/2021 21:57,445.7333333
8/30/2021 21:58,445.2
8/30/2021 21:59,457.7333333
8/30/2021 22:00,433.2
8/30/2021 22:01,457.7333333
8/30/2021 22:02,488.5333333
8/30/2021 22:03,445.2
8/30/2021 22:04,457.7333333
8/30/2021 22:05,457.7333333
8/30/2021 22:06,433.2
8/30/2021 22:07,457.7333333
8/30/2021 22:08,445.2
8/30/2021 22:09,457.7333333
8/30/2021 22:10,452
8/30/2021 22:11,457.2
8/30/2021 22:12,445.7333333
8/30/2021 22:13,457.7333333
8/30/2021 22:14,457.7333333
8/30/2021 22:15,457.7333333
8/30/2021 22:16,445.7333333
8/30/2021 22:17,445.2
8/30/2021 22:18,464
8/30/2021 22:19,445.2
8/30/2021 22:20,470.2666667
8/30/2021 22:21,445.2
8/30/2021 22:22,457.7333333
8/30/2021 22:23,451.4666667
8/30/2021 22:24,457.7333333
8/30/2021 22:25,445.2
8/30/2021 22:26,445.7333333
8/30/2021 22:27,457.7333333
8/30/2021 22:28,445.2
8/30/2021 22:29,445.7333333
8/30/2021 22:30,451.4666667
8/30/2021 22:31,457.7333333
8/30/2021 22:32,445.7333333
8/30/2021 22:33,445.2
8/30/2021 22:34,457.7333333
8/30/2021 22:35,457.7333333
8/30/2021 22:36,457.7333333
8/30/2021 22:37,445.7333333
8/30/2021 22:38,457.7333333
8/30/2021 22:39,476
8/30/2021 22:40,457.7333333
8/30/2021 22:41,445.2
8/30/2021 22:42,445.7333333
8/30/2021 22:43,452
8/30/2021 22:44,457.7333333
8/30/2021 22:45,445.2
8/30/2021 22:46,445.7333333
8/30/2021 22:47,457.7333333
8/30/2021 22:48,451.4666667
8/30/2021 22:49,457.7333333
8/30/2021 22:50,445.7333333
8/30/2021 22:51,469.7333333
8/30/2021 22:52,433.2
8/30/2021 22:53,457.2
8/30/2021 22:54,451.4666667
8/30/2021 22:55,457.7333333
8/30/2021 22:56,457.7333333
8/30/2021 22:57,457.7333333
8/30/2021 22:58,445.7333333
8/30/2021 22:59,445.2
8/30/2021 23:00,445.2
8/30/2021 23:01,470.2666667
8/30/2021 23:02,457.7333333
8/30/2021 23:03,439.4666667
8/30/2021 23:04,457.7333333
8/30/2021 23:05,445.2
8/30/2021 23:06,457.7333333
8/30/2021 23:07,445.7333333
8/30/2021 23:08,445.2
8/30/2021 23:09,457.7333333
8/30/2021 23:10,464
8/30/2021 23:11,445.7333333
8/30/2021 23:12,469.7333333
8/30/2021 23:13,433.2
8/30/2021 23:14,457.7333333
8/30/2021 23:15,457.7333333
8/30/2021 23:16,445.2
8/30/2021 23:17,457.7333333
8/30/2021 23:18,445.7333333
8/30/2021 23:19,451.4666667
8/30/2021 23:20,457.7333333
8/30/2021 23:21,457.7333333
8/30/2021 23:22,445.7333333
8/30/2021 23:23,445.2
8/30/2021 23:24,464
8/30/2021 23:25,470.2666667
8/30/2021 23:26,445.2
8/30/2021 23:27,445.7333333
8/30/2021 23:28,445.7333333
8/30/2021 23:29,445.7333333
8/30/2021 23:30,445.2
8/30/2021 23:31,476
8/30/2021 23:32,445.7333333
8/30/2021 23:33,445.2
8/30/2021 23:34,457.7333333
8/30/2021 23:35,457.7333333
8/30/2021 23:36,457.7333333
8/30/2021 23:37,445.2
8/30/2021 23:38,457.7333333
8/30/2021 23:39,451.4666667
8/30/2021 23:40,445.7333333
8/30/2021 23:41,457.7333333
8/30/2021 23:42,457.7333333
8/30/2021 23:43,457.7333333
8/30/2021 23:44,457.7333333
8/30/2021 23:45,445.2
