"8/29/21 0:00","451.573333333333"
"8/29/21 0:05","452.72"
"8/29/21 0:10","454.08"
"8/29/21 0:15","452.933333333333"
"8/29/21 0:20","446.773333333333"
"8/29/21 0:25","452.72"
"8/29/21 0:30","449.173333333333"
"8/29/21 0:35","451.573333333333"
"8/29/21 0:40","449.28"
"8/29/21 0:45","456.48"
"8/29/21 0:50","447.92"
"8/29/21 0:55","458.986666666667"
"8/29/21 1:00","450.32"
"8/29/21 1:05","449.066666666667"
"8/29/21 1:10","451.573333333333"
"8/29/21 1:15","451.68"
"8/29/21 1:20","452.613333333333"
"8/29/21 1:25","449.173333333333"
"8/29/21 1:30","449.173333333333"
"8/29/21 1:35","452.72"
"8/29/21 1:40","451.573333333333"
"8/29/21 1:45","456.373333333333"
"8/29/21 1:50","449.173333333333"
"8/29/21 1:55","458.986666666667"
"8/29/21 2:00","447.92"
"8/29/21 2:05","451.573333333333"
"8/29/21 2:10","451.68"
"8/29/21 2:15","452.72"
"8/29/21 2:20","456.48"
"8/29/21 2:25","449.173333333333"
"8/29/21 2:30","455.44"
"8/29/21 2:35","450.213333333333"
"8/29/21 2:40","451.68"
"8/29/21 2:45","458.773333333333"
"8/29/21 2:50","461.386666666667"
"8/29/21 2:55","454.08"
"8/29/21 3:00","455.333333333333"
"8/29/21 3:05","458.986666666667"
"8/29/21 3:10","451.573333333333"
"8/29/21 3:15","452.826666666667"
"8/29/21 3:20","458.986666666667"
"8/29/21 3:25","453.973333333333"
"8/29/21 3:30","456.373333333333"
"8/29/21 3:35","447.92"
"8/29/21 3:40","453.973333333333"
"8/29/21 3:45","453.973333333333"
"8/29/21 3:50","451.68"
"8/29/21 3:55","453.973333333333"
"8/29/21 4:00","452.72"
"8/29/21 4:05","458.986666666667"
"8/29/21 4:10","451.573333333333"
"8/29/21 4:15","454.08"
"8/29/21 4:20","453.973333333333"
"8/29/21 4:25","452.826666666667"
"8/29/21 4:30","450.426666666667"
"8/29/21 4:35","456.586666666667"
"8/29/21 4:40","446.666666666667"
"8/29/21 4:45","453.973333333333"
"8/29/21 4:50","449.173333333333"
"8/29/21 4:55","457.733333333333"
"8/29/21 5:00","456.48"
"8/29/21 5:05","453.973333333333"
"8/29/21 5:10","455.333333333333"
"8/29/21 5:15","451.466666666667"
"8/29/21 5:20","452.613333333333"
"8/29/21 5:25","454.08"
"8/29/21 5:30","454.08"
"8/29/21 5:35","451.573333333333"
"8/29/21 5:40","458.986666666667"
"8/29/21 5:45","452.826666666667"
"8/29/21 5:50","449.066666666667"
"8/29/21 5:55","457.626666666667"
"8/29/21 6:00","451.573333333333"
"8/29/21 6:05","447.92"
"8/29/21 6:10","458.986666666667"
"8/29/21 6:15","450.32"
"8/29/21 6:20","456.48"
"8/29/21 6:25","446.773333333333"
"8/29/21 6:30","453.973333333333"
"8/29/21 6:35","454.08"
"8/29/21 6:40","447.813333333333"
"8/29/21 6:45","454.08"
"8/29/21 6:50","451.573333333333"
"8/29/21 6:55","450.32"
"8/29/21 7:00","451.68"
"8/29/21 7:05","451.573333333333"
"8/29/21 7:10","449.066666666667"
"8/29/21 7:15","461.386666666667"
"8/29/21 7:20","453.973333333333"
"8/29/21 7:25","457.733333333333"
"8/29/21 7:30","449.173333333333"
"8/29/21 7:35","450.32"
"8/29/21 7:40","456.48"
"8/29/21 7:45","447.92"
"8/29/21 7:50","456.48"
"8/29/21 7:55","454.08"
"8/29/21 8:00","451.573333333333"
"8/29/21 8:05","455.226666666667"
"8/29/21 8:10","449.173333333333"
"8/29/21 8:15","454.08"
"8/29/21 8:20","456.373333333333"
"8/29/21 8:25","455.333333333333"
"8/29/21 8:30","457.733333333333"
"8/29/21 8:35","449.173333333333"
"8/29/21 8:40","458.986666666667"
"8/29/21 8:45","456.373333333333"
"8/29/21 8:50","448.026666666667"
"8/29/21 8:55","453.973333333333"
"8/29/21 9:00","456.586666666667"
"8/29/21 9:05","449.173333333333"
"8/29/21 9:10","455.226666666667"
"8/29/21 9:15","458.986666666667"
"8/29/21 9:20","446.773333333333"
"8/29/21 9:25","456.373333333333"
"8/29/21 9:30","452.826666666667"
"8/29/21 9:35","457.733333333333"
"8/29/21 9:40","455.226666666667"
"8/29/21 9:45","452.72"
"8/29/21 9:50","451.573333333333"
"8/29/21 9:55","456.48"
"8/29/21 10:00","449.173333333333"
"8/29/21 10:05","451.573333333333"
"8/29/21 10:10","452.826666666667"
"8/29/21 10:15","450.32"
"8/29/21 10:20","453.973333333333"
"8/29/21 10:25","451.573333333333"
"8/29/21 10:30","449.173333333333"
"8/29/21 10:35","453.973333333333"
"8/29/21 10:40","452.826666666667"
"8/29/21 10:45","456.48"
"8/29/21 10:50","458.88"
"8/29/21 10:55","454.08"
"8/29/21 11:00","455.226666666667"
"8/29/21 11:05","456.48"
"8/29/21 11:10","454.08"
"8/29/21 11:15","458.88"
"8/29/21 11:20","450.426666666667"
"8/29/21 11:25","451.68"
"8/29/21 11:30","455.226666666667"
"8/29/21 11:35","454.08"
"8/29/21 11:40","455.226666666667"
"8/29/21 11:45","456.373333333333"
"8/29/21 11:50","450.32"
"8/29/21 11:55","451.466666666667"
"8/29/21 12:00","456.48"
"8/29/21 12:05","452.933333333333"
"8/29/21 12:10","456.48"
"8/29/21 12:15","449.066666666667"
"8/29/21 12:20","461.386666666667"
"8/29/21 12:25","455.226666666667"
"8/29/21 12:30","450.32"
"8/29/21 12:35","461.386666666667"
"8/29/21 12:40","450.426666666667"
"8/29/21 12:45","456.48"
"8/29/21 12:50","451.68"
"8/29/21 12:55","451.573333333333"
"8/29/21 13:00","723.786666666667"
"8/29/21 13:05","467227.12"
"8/29/21 13:10","487391.493333333"
"8/29/21 13:15","499502.88"
"8/29/21 13:20","492093.813333333"
"8/29/21 13:25","493895.6"
"8/29/21 13:30","495645.653333333"
"8/29/21 13:35","492242.96"
"8/29/21 13:40","492777.2"
"8/29/21 13:45","497928.0"
"8/29/21 13:50","491652.08"
"8/29/21 13:55","498466.853333333"
"8/29/21 14:00","496353.95379538"
"8/29/21 14:05","567549.548821549"
"8/29/21 14:10","512319.653333333"
"8/29/21 14:11",
"8/29/21 14:12","493041.466666667"
"8/29/21 14:13","495875.333333333"
"8/29/21 14:14","504460.933333333"
"8/29/21 14:15","498080.0"
"8/29/21 14:16","497049.866666667"
"8/29/21 14:17","505815.333333333"
"8/29/21 14:18","492955.2"
"8/29/21 14:19","498997.733333333"
"8/29/21 14:20","505165.2"
"8/29/21 14:21","494824.133333333"
"8/29/21 14:22","492417.066666667"
"8/29/21 14:23","509948.266666667"
"8/29/21 14:24","497503.733333333"
"8/29/21 14:25","499596.8"
"8/29/21 14:26","510507.466666667"
"8/29/21 14:27","496118.666666667"
"8/29/21 14:28","500614.133333333"
"8/29/21 14:29","512699.066666667"
"8/29/21 14:30","497982.266666667"
"8/29/21 14:31","495862.933333333"
"8/29/21 14:32","502392.0"
"8/29/21 14:33","493942.4"
"8/29/21 14:34","493039.6"
"8/29/21 14:35","506051.733333333"
"8/29/21 14:36","498476.666666667"
"8/29/21 14:37","493594.0"
"8/29/21 14:38","507309.333333333"
"8/29/21 14:39","497422.533333333"
"8/29/21 14:40","500168.666666667"
"8/29/21 14:41","505673.2"
"8/29/21 14:42","491550.133333333"
"8/29/21 14:43","494615.733333333"
"8/29/21 14:44","510869.6"
"8/29/21 14:45","500718.666666667"
"8/29/21 14:46","494908.666666667"
"8/29/21 14:47","512258.0"
"8/29/21 14:48","499381.2"
"8/29/21 14:49","501001.333333333"
"8/29/21 14:50","510323.333333333"
"8/29/21 14:51","498524.4"
"8/29/21 14:52","494867.2"
"8/29/21 14:53","501453.066666667"
"8/29/21 14:54","494191.6"
"8/29/21 14:55","499715.866666667"
"8/29/21 14:56","513239.066666667"
"8/29/21 14:57","502761.2"
"8/29/21 14:58","496371.6"
"8/29/21 14:59","509209.6"
"8/29/21 15:00","505273.333333333"
"8/29/21 15:01","508031.333333333"
"8/29/21 15:02","517012.8"
"8/29/21 15:03","505004.266666667"
"8/29/21 15:04","505677.466666667"
"8/29/21 15:05","519867.866666667"
"8/29/21 15:06","504268.8"
"8/29/21 15:07","506774.533333333"
"8/29/21 15:08","573260.0"
"8/29/21 15:09","503005.866666667"
"8/29/21 15:10","500261.866666667"
"8/29/21 15:11","511635.866666667"
"8/29/21 15:12","500344.4"
"8/29/21 15:13","506784.133333333"
"8/29/21 15:14","514099.066666667"
"8/29/21 15:15","512021.466666667"
"8/29/21 15:16","491736.133333333"
"8/29/21 15:17","508041.466666667"
"8/29/21 15:18","497435.066666667"
"8/29/21 15:19","504330.0"
"8/29/21 15:20","510577.066666667"
"8/29/21 15:21","496191.466666667"
"8/29/21 15:22","493316.533333333"
"8/29/21 15:23","509266.4"
"8/29/21 15:24","493546.666666667"
"8/29/21 15:25","507017.733333333"
"8/29/21 15:26","507497.733333333"
"8/29/21 15:27","494228.533333333"
"8/29/21 15:28","500818.666666667"
"8/29/21 15:29","521316.4"
"8/29/21 15:30","504512.0"
"8/29/21 15:31","505833.6"
"8/29/21 15:32","510154.4"
"8/29/21 15:33","499151.6"
"8/29/21 15:34","507634.666666667"
"8/29/21 15:35","522113.6"
"8/29/21 15:36","507822.533333333"
"8/29/21 15:37","500527.2"
"8/29/21 15:38","509026.666666667"
"8/29/21 15:39","498629.066666667"
"8/29/21 15:40","495754.8"
"8/29/21 15:41","511464.8"
"8/29/21 15:42","499016.4"
"8/29/21 15:43","496920.133333333"
"8/29/21 15:44","506457.866666667"
"8/29/21 15:45","504238.0"
"8/29/21 15:46","497472.666666667"
"8/29/21 15:47","512030.0"
"8/29/21 15:48","510456.8"
"8/29/21 15:49","505606.933333333"
"8/29/21 15:50","517600.0"
"8/29/21 15:51","542843.6"
"8/29/21 15:52","501089.733333333"
"8/29/21 15:53","510662.933333333"
"8/29/21 15:54","502395.733333333"
"8/29/21 15:55","502641.6"
"8/29/21 15:56","512581.866666667"
"8/29/21 15:57","582694.8"
"8/29/21 15:58","621569.466666667"
"8/29/21 15:59","618271.866666667"
"8/29/21 16:00","714560.933333333"
"8/29/21 16:01","1876360.66666667"
"8/29/21 16:02","1774640.8"
"8/29/21 16:03","2103813.73333333"
"8/29/21 16:04","2136547.86666667"
"8/29/21 16:05","2425321.33333333"
"8/29/21 16:06","2116294.13333333"
"8/29/21 16:07","1999302.8"
"8/29/21 16:08","2422617.73333333"
"8/29/21 16:09","2415273.33333333"
"8/29/21 16:10","2228245.6"
"8/29/21 16:11","1825429.2"
"8/29/21 16:12","1057828.66666667"
"8/29/21 16:13","1980060.26666667"
"8/29/21 16:14","1816479.33333333"
"8/29/21 16:15","605569.2"
"8/29/21 16:16","589761.733333333"
"8/29/21 16:17","1010920.0"
"8/29/21 16:18","1943192.53333333"
"8/29/21 16:19","2331211.73333333"
"8/29/21 16:20","2203845.2"
"8/29/21 16:21","1442572.93333333"
"8/29/21 16:22","1478335.33333333"
"8/29/21 16:23","2016474.53333333"
"8/29/21 16:24","1676836.8"
"8/29/21 16:25","2061715.46666667"
"8/29/21 16:26","1769634.53333333"
"8/29/21 16:27","674370.133333333"
"8/29/21 16:28","683647.333333333"
"8/29/21 16:29","677665.333333333"
"8/29/21 16:30","792702.933333333"
"8/29/21 16:31","663833.866666667"
"8/29/21 16:32","677676.266666667"
"8/29/21 16:33","646020.533333333"
"8/29/21 16:34","649494.133333333"
"8/29/21 16:35","1076543.6"
"8/29/21 16:36","765258.0"
"8/29/21 16:37","1057117.6"
"8/29/21 16:38","668006.0"
"8/29/21 16:39","647764.933333333"
"8/29/21 16:40","1189296.93333333"
"8/29/21 16:41","2221367.73333333"
"8/29/21 16:42","2304732.0"
"8/29/21 16:43","2164987.86666667"
"8/29/21 16:44","1806963.73333333"
"8/29/21 16:45","2088475.33333333"
"8/29/21 16:46","2190559.6"
"8/29/21 16:47","1935137.86666667"
"8/29/21 16:48","1829528.93333333"
"8/29/21 16:49","1613983.2"
"8/29/21 16:50","2149468.93333333"
"8/29/21 16:51","1418840.26666667"
"8/29/21 16:52","633475.2"
"8/29/21 16:53","638198.266666667"
"8/29/21 16:54","804767.066666667"
"8/29/21 16:55","1407540.26666667"
"8/29/21 16:56","640899.733333333"
"8/29/21 16:57","614147.066666667"
"8/29/21 16:58","608155.466666667"
"8/29/21 16:59","682719.733333333"
"8/29/21 17:00","1115809.33333333"
"8/29/21 17:01","2416407.33333333"
"8/29/21 17:02","1956487.46666667"
"8/29/21 17:03","2141060.13333333"
"8/29/21 17:04","2281541.6"
"8/29/21 17:05","2293867.06666667"
"8/29/21 17:06","1931930.8"
"8/29/21 17:07","1830430.26666667"
"8/29/21 17:08","1791075.6"
"8/29/21 17:09","2121661.2"
"8/29/21 17:10","1821066.8"
"8/29/21 17:11","669365.866666667"
"8/29/21 17:12","1752348.66666667"
"8/29/21 17:13","1260999.33333333"
"8/29/21 17:14","969655.733333333"
"8/29/21 17:15","1679095.2"
"8/29/21 17:16","703919.466666667"
"8/29/21 17:17","1675225.46666667"
"8/29/21 17:18","2148685.46666667"
"8/29/21 17:19","2019850.4"
"8/29/21 17:20","2130453.73333333"
"8/29/21 17:21","1420821.86666667"
"8/29/21 17:22","1821683.86666667"
"8/29/21 17:23","2066425.06666667"
"8/29/21 17:24","2214570.53333333"
"8/29/21 17:25","2032539.2"
"8/29/21 17:26","1490505.2"
"8/29/21 17:27","619274.533333333"
"8/29/21 17:28","672767.2"
"8/29/21 17:29","598168.4"
"8/29/21 17:30","704703.466666667"
"8/29/21 17:31","588348.666666667"
"8/29/21 17:32","633410.8"
"8/29/21 17:33","609985.733333333"
"8/29/21 17:34","640861.733333333"
"8/29/21 17:35","672687.733333333"
"8/29/21 17:36","692930.933333333"
"8/29/21 17:37","691141.2"
"8/29/21 17:38","595774.666666667"
"8/29/21 17:39","1315769.86666667"
"8/29/21 17:40","1553437.6"
"8/29/21 17:41","2185689.86666667"
"8/29/21 17:42","2301725.86666667"
"8/29/21 17:43","2468203.2"
"8/29/21 17:44","1768680.0"
"8/29/21 17:45","2215232.0"
"8/29/21 17:46","2263413.33333333"
"8/29/21 17:47","2347252.4"
"8/29/21 17:48","1061559.6"
"8/29/21 17:49","792859.866666667"
"8/29/21 17:50","657209.866666667"
"8/29/21 17:51","604364.133333333"
"8/29/21 17:52","628688.933333333"
"8/29/21 17:53","621904.533333333"
"8/29/21 17:54","603903.733333333"
"8/29/21 17:55","627213.733333333"
"8/29/21 17:56","608775.866666667"
"8/29/21 17:57","910736.0"
"8/29/21 17:58","746810.666666667"
"8/29/21 17:59","642023.733333333"
"8/29/21 18:00","1334047.33333333"
"8/29/21 18:01","2543688.8"
"8/29/21 18:02","2165970.8"
"8/29/21 18:03","2526667.46666667"
"8/29/21 18:04","2511498.13333333"
"8/29/21 18:05","2332996.66666667"
"8/29/21 18:06","2246272.4"
"8/29/21 18:07","2372882.26666667"
"8/29/21 18:08","2269640.53333333"
"8/29/21 18:09","2253907.06666667"
"8/29/21 18:10","1481650.26666667"
"8/29/21 18:11","808677.066666667"
"8/29/21 18:12","1666190.0"
"8/29/21 18:13","1376596.53333333"
"8/29/21 18:14","1858311.06666667"
"8/29/21 18:15","1192526.13333333"
"8/29/21 18:16","2093339.6"
"8/29/21 18:17","1442689.2"
"8/29/21 18:18","1182406.0"
"8/29/21 18:19","2283802.8"
"8/29/21 18:20","2439360.13333333"
"8/29/21 18:21","2489136.13333333"
"8/29/21 18:22","2338284.8"
"8/29/21 18:23","2481016.0"
"8/29/21 18:24","2225740.26666667"
"8/29/21 18:25","2207886.4"
"8/29/21 18:26","1914651.86666667"
"8/29/21 18:27","1922806.93333333"
"8/29/21 18:28","988192.0"
"8/29/21 18:29","820660.266666667"
"8/29/21 18:30","922426.133333333"
"8/29/21 18:31","799472.266666667"
"8/29/21 18:32","865695.866666667"
"8/29/21 18:33","808279.733333333"
"8/29/21 18:34","789145.733333333"
"8/29/21 18:35","908988.533333333"
"8/29/21 18:36","933683.866666667"
"8/29/21 18:37","1453731.86666667"
"8/29/21 18:38","1419142.8"
"8/29/21 18:39","778185.866666667"
"8/29/21 18:40","2033677.06666667"
"8/29/21 18:41","2519743.06666667"
"8/29/21 18:42","2344348.13333333"
"8/29/21 18:43","1664077.46666667"
"8/29/21 18:44","2336884.93333333"
"8/29/21 18:45","2448694.53333333"
"8/29/21 18:46","2277605.6"
"8/29/21 18:47","2168969.73333333"
"8/29/21 18:48","1822490.93333333"
"8/29/21 18:49","657155.2"
"8/29/21 18:50","703003.066666667"
"8/29/21 18:51","833177.2"
"8/29/21 18:52","1187878.93333333"
"8/29/21 18:53","707960.0"
"8/29/21 18:54","638734.933333333"
"8/29/21 18:55","768450.666666667"
"8/29/21 18:56","1249165.06666667"
"8/29/21 18:57","1506632.4"
"8/29/21 18:58","834871.466666667"
"8/29/21 18:59","697605.066666667"
"8/29/21 19:00","1293124.4"
"8/29/21 19:01","2512762.8"
"8/29/21 19:02","2529710.53333333"
"8/29/21 19:03","2502457.33333333"
"8/29/21 19:04","2370633.6"
"8/29/21 19:05","2329925.6"
"8/29/21 19:06","2362065.73333333"
"8/29/21 19:07","2230134.53333333"
"8/29/21 19:08","1612281.06666667"
"8/29/21 19:09","2384421.6"
"8/29/21 19:10","942520.266666667"
"8/29/21 19:11","843393.066666667"
"8/29/21 19:12","1091356.66666667"
"8/29/21 19:13","816271.6"
"8/29/21 19:14","1944889.33333333"
"8/29/21 19:15","1100896.53333333"
"8/29/21 19:16","1891172.26666667"
"8/29/21 19:17","1322014.26666667"
"8/29/21 19:18","683799.066666667"
"8/29/21 19:19","887374.666666667"
"8/29/21 19:20","844648.4"
"8/29/21 19:21","814889.2"
"8/29/21 19:22","882724.0"
"8/29/21 19:23","896630.0"
"8/29/21 19:24","1134251.06666667"
"8/29/21 19:25","754640.933333333"
"8/29/21 19:26","1012768.4"
"8/29/21 19:27","977222.8"
"8/29/21 19:28","959780.133333333"
"8/29/21 19:29","960890.8"
"8/29/21 19:30","948475.733333333"
"8/29/21 19:31","1028976.53333333"
"8/29/21 19:32","885642.266666667"
"8/29/21 19:33","853490.4"
"8/29/21 19:34","751388.4"
"8/29/21 19:35","828094.133333333"
"8/29/21 19:36","806058.933333333"
"8/29/21 19:37","746020.133333333"
"8/29/21 19:38","1673554.53333333"
"8/29/21 19:39","1388305.06666667"
"8/29/21 19:40","762188.933333333"
"8/29/21 19:41","880623.866666667"
"8/29/21 19:42","1191504.53333333"
"8/29/21 19:43","836820.533333333"
"8/29/21 19:44","793928.133333333"
"8/29/21 19:45","2352240.0"
"8/29/21 19:46","2060565.86666667"
"8/29/21 19:47","1767338.26666667"
"8/29/21 19:48","1793969.2"
"8/29/21 19:49","1741979.73333333"
"8/29/21 19:50","1818669.6"
"8/29/21 19:51","1868764.93333333"
"8/29/21 19:52","1414327.2"
"8/29/21 19:53","946951.866666667"
"8/29/21 19:54","1123361.2"
"8/29/21 19:55","925898.8"
"8/29/21 19:56","1031150.0"
"8/29/21 19:57","1129456.4"
"8/29/21 19:58","1350594.93333333"
"8/29/21 19:59","867009.466666667"
"8/29/21 20:00","1227086.93333333"
"8/29/21 20:01","2140155.46666667"
"8/29/21 20:02","2357407.2"
"8/29/21 20:03","1416167.46666667"
"8/29/21 20:04","1259051.2"
"8/29/21 20:05","2103228.13333333"
"8/29/21 20:06","1239973.46666667"
"8/29/21 20:07","748027.866666667"
"8/29/21 20:08","886881.066666667"
"8/29/21 20:09","841117.333333333"
"8/29/21 20:10","826876.0"
"8/29/21 20:11","772209.866666667"
"8/29/21 20:12","1711681.73333333"
"8/29/21 20:13","1134994.4"
"8/29/21 20:14","1799060.26666667"
"8/29/21 20:15","992224.0"
"8/29/21 20:16","1764745.06666667"
"8/29/21 20:17","1262257.33333333"
"8/29/21 20:18","788952.266666667"
"8/29/21 20:19","809568.933333333"
"8/29/21 20:20","763190.133333333"
"8/29/21 20:21","805994.933333333"
"8/29/21 20:22","836797.333333333"
"8/29/21 20:23","818112.4"
"8/29/21 20:24","745337.733333333"
"8/29/21 20:25","732536.266666667"
"8/29/21 20:26","726624.4"
"8/29/21 20:27","705156.4"
"8/29/21 20:28","751802.533333333"
"8/29/21 20:29","726655.733333333"
"8/29/21 20:30","834584.4"
"8/29/21 20:31","665176.533333333"
"8/29/21 20:32","658394.666666667"
"8/29/21 20:33","629938.8"
"8/29/21 20:34","626360.666666667"
"8/29/21 20:35","689863.466666667"
"8/29/21 20:36","801089.333333333"
"8/29/21 20:37","821953.6"
"8/29/21 20:38","1835609.2"
"8/29/21 20:39","2049600.4"
"8/29/21 20:40","1066405.33333333"
"8/29/21 20:41","690227.333333333"
"8/29/21 20:42","694760.933333333"
"8/29/21 20:43","670971.866666667"
"8/29/21 20:44","664238.8"
"8/29/21 20:45","1643536.66666667"
"8/29/21 20:46","1115280.8"
"8/29/21 20:47","717910.133333333"
"8/29/21 20:48","686853.733333333"
"8/29/21 20:49","698200.266666667"
"8/29/21 20:50","759680.933333333"
"8/29/21 20:51","655867.6"
"8/29/21 20:52","693596.0"
"8/29/21 20:53","1295050.4"
"8/29/21 20:54","674618.0"
"8/29/21 20:55","683259.466666667"
"8/29/21 20:56","720329.066666667"
"8/29/21 20:57","694542.666666667"
"8/29/21 20:58","686788.4"
"8/29/21 20:59","714653.333333333"
"8/29/21 21:00","1095764.13333333"
"8/29/21 21:01","2279388.0"
"8/29/21 21:02","1206887.06666667"
"8/29/21 21:03","650714.133333333"
"8/29/21 21:04","672996.4"
"8/29/21 21:05","1821113.06666667"
"8/29/21 21:06","1001606.93333333"
"8/29/21 21:07","791554.0"
"8/29/21 21:08","911875.733333333"
"8/29/21 21:09","926183.333333333"
"8/29/21 21:10","914886.533333333"
"8/29/21 21:11","877896.266666667"
"8/29/21 21:12","1699697.73333333"
"8/29/21 21:13","985849.466666667"
"8/29/21 21:14","1964217.2"
"8/29/21 21:15","807258.533333333"
"8/29/21 21:16","1801322.4"
"8/29/21 21:17","1095568.66666667"
"8/29/21 21:18","759316.933333333"
"8/29/21 21:19","726378.666666667"
"8/29/21 21:20","743837.2"
"8/29/21 21:21","714810.933333333"
"8/29/21 21:22","745117.733333333"
"8/29/21 21:23","750608.933333333"
"8/29/21 21:24","835529.466666667"
"8/29/21 21:25","954272.8"
"8/29/21 21:26","844516.133333333"
"8/29/21 21:27","757868.666666667"
"8/29/21 21:28","958810.133333333"
"8/29/21 21:29","987815.6"
"8/29/21 21:30","811566.8"
"8/29/21 21:31","552769.2"
"8/29/21 21:32","567728.266666667"
"8/29/21 21:33","562409.066666667"
"8/29/21 21:34","566985.333333333"
"8/29/21 21:35","596411.066666667"
"8/29/21 21:36","828318.533333333"
"8/29/21 21:37","537450.8"
"8/29/21 21:38","1858156.8"
"8/29/21 21:39","1416382.26666667"
"8/29/21 21:40","578944.666666667"
"8/29/21 21:41","536769.2"
"8/29/21 21:42","564067.066666667"
"8/29/21 21:43","558182.133333333"
"8/29/21 21:44","593783.866666667"
"8/29/21 21:45","1582171.33333333"
"8/29/21 21:46","1021993.33333333"
"8/29/21 21:47","600288.0"
"8/29/21 21:48","699686.666666667"
"8/29/21 21:49","536911.066666667"
"8/29/21 21:50","638263.866666667"
"8/29/21 21:51","584407.733333333"
"8/29/21 21:52","571902.933333333"
"8/29/21 21:53","584245.466666667"
"8/29/21 21:54","568694.133333333"
"8/29/21 21:55","576186.933333333"
"8/29/21 21:56","629027.733333333"
"8/29/21 21:57","560801.733333333"
"8/29/21 21:58","579464.8"
"8/29/21 21:59","588117.2"
"8/29/21 22:00","998588.4"
"8/29/21 22:01","1918372.0"
"8/29/21 22:02","1960154.26666667"
"8/29/21 22:03","1892679.46666667"
"8/29/21 22:04","1727791.06666667"
"8/29/21 22:05","1921457.06666667"
"8/29/21 22:06","1582074.93333333"
"8/29/21 22:07","747302.133333333"
"8/29/21 22:08","711304.266666667"
"8/29/21 22:09","635596.266666667"
"8/29/21 22:10","650276.266666667"
"8/29/21 22:11","852281.2"
"8/29/21 22:12","717310.133333333"
"8/29/21 22:13","700586.666666667"
"8/29/21 22:14","1826860.93333333"
"8/29/21 22:15","873193.066666667"
"8/29/21 22:16","1610234.93333333"
"8/29/21 22:17","1113435.06666667"
"8/29/21 22:18","778172.666666667"
"8/29/21 22:19","829573.2"
"8/29/21 22:20","777253.066666667"
"8/29/21 22:21","606618.933333333"
"8/29/21 22:22","643910.533333333"
"8/29/21 22:23","737121.733333333"
"8/29/21 22:24","659833.866666667"
"8/29/21 22:25","607969.6"
"8/29/21 22:26","711899.733333333"
"8/29/21 22:27","580388.533333333"
"8/29/21 22:28","637562.933333333"
"8/29/21 22:29","928094.666666667"
"8/29/21 22:30","572014.8"
"8/29/21 22:31","566537.733333333"
"8/29/21 22:32","707736.266666667"
"8/29/21 22:33","696512.533333333"
"8/29/21 22:34","718257.333333333"
"8/29/21 22:35","667725.6"
"8/29/21 22:36","674397.866666667"
"8/29/21 22:37","642974.933333333"
"8/29/21 22:38","1373578.0"
"8/29/21 22:39","1862034.0"
"8/29/21 22:40","1464063.86666667"
"8/29/21 22:41","958981.466666667"
"8/29/21 22:42","570495.466666667"
"8/29/21 22:43","562750.933333333"
"8/29/21 22:44","570945.6"
"8/29/21 22:45","1463754.66666667"
"8/29/21 22:46","1161039.2"
"8/29/21 22:47","646806.266666667"
"8/29/21 22:48","620994.8"
"8/29/21 22:49","566871.2"
"8/29/21 22:50","620126.533333333"
"8/29/21 22:51","534508.8"
"8/29/21 22:52","519750.933333333"
"8/29/21 22:53","513245.066666667"
"8/29/21 22:54","538906.8"
"8/29/21 22:55","556878.533333333"
"8/29/21 22:56","559744.933333333"
"8/29/21 22:57","530661.733333333"
"8/29/21 22:58","533600.933333333"
"8/29/21 22:59","520139.6"
"8/29/21 23:00","948904.4"
"8/29/21 23:01","1972545.33333333"
"8/29/21 23:02","1444535.86666667"
"8/29/21 23:03","507119.466666667"
"8/29/21 23:04","974102.533333333"
"8/29/21 23:05","1746358.0"
"8/29/21 23:06","513524.266666667"
"8/29/21 23:07","1447748.13333333"
"8/29/21 23:08","1436732.26666667"
"8/29/21 23:09","530833.733333333"
"8/29/21 23:10","541995.2"
"8/29/21 23:11","514805.866666667"
"8/29/21 23:12","1440751.2"
"8/29/21 23:13","963545.6"
"8/29/21 23:14","1753028.13333333"
"8/29/21 23:15","515358.533333333"
"8/29/21 23:16","504761.466666667"
"8/29/21 23:17","975965.066666667"
"8/29/21 23:18","517710.4"
"8/29/21 23:19","621545.733333333"
"8/29/21 23:20","560275.733333333"
"8/29/21 23:21","532620.933333333"
"8/29/21 23:22","635795.466666667"
"8/29/21 23:23","576476.8"
"8/29/21 23:24","523439.066666667"
"8/29/21 23:25","557276.533333333"
"8/29/21 23:26","528164.133333333"
"8/29/21 23:27","518578.133333333"
"8/29/21 23:28","559031.466666667"
"8/29/21 23:29","516214.0"
"8/29/21 23:30","527574.4"
"8/29/21 23:31","537295.466666667"
"8/29/21 23:32","541201.333333333"
"8/29/21 23:33","563822.533333333"
"8/29/21 23:34","987108.8"
"8/29/21 23:35","632745.066666667"
"8/29/21 23:36","609913.066666667"
"8/29/21 23:37","1144148.13333333"
"8/29/21 23:38","1571686.8"
"8/29/21 23:39","933662.533333333"
"8/29/21 23:40","765598.133333333"
"8/29/21 23:41","570767.466666667"
"8/29/21 23:42","617402.266666667"
"8/29/21 23:43","610947.466666667"
"8/29/21 23:44","583334.933333333"
"8/29/21 23:45","1458133.2"
"8/29/21 23:46","1181990.26666667"
"8/29/21 23:47","527372.666666667"
"8/29/21 23:48","539955.466666667"
"8/29/21 23:49","534439.2"
"8/29/21 23:50","615675.2"
"8/29/21 23:51","542412.933333333"
"8/29/21 23:52","1116228.8"
"8/29/21 23:53","543984.933333333"
"8/29/21 23:54","543947.066666667"
"8/29/21 23:55","550106.933333333"
"8/29/21 23:56","562710.4"
"8/29/21 23:57","509075.333333333"
"8/29/21 23:58","544703.733333333"
"8/29/21 23:59","533026.4"
"8/30/21 0:00","1135900.4"
"8/30/21 0:01","1928752.53333333"
"8/30/21 0:02","1553982.53333333"
"8/30/21 0:03","536637.466666667"
"8/30/21 0:04","531380.666666667"
"8/30/21 0:05","1778835.6"
"8/30/21 0:06","558373.733333333"
"8/30/21 0:07","1537436.13333333"
"8/30/21 0:08","1017077.86666667"
"8/30/21 0:09","537806.4"
"8/30/21 0:10","557027.866666667"
"8/30/21 0:11","596342.533333333"
"8/30/21 0:12","1301194.93333333"
"8/30/21 0:13","1279096.53333333"
"8/30/21 0:14","1772229.2"
"8/30/21 0:15","625928.4"
"8/30/21 0:16","671460.133333333"
"8/30/21 0:17","568233.2"
"8/30/21 0:18","587987.466666667"
"8/30/21 0:19","608414.266666667"
"8/30/21 0:20","771127.6"
"8/30/21 0:21","642302.533333333"
"8/30/21 0:22","586316.533333333"
"8/30/21 0:23","646605.6"
"8/30/21 0:24","613481.066666667"
"8/30/21 0:25","580802.533333333"
"8/30/21 0:26","585908.8"
"8/30/21 0:27","575433.466666667"
"8/30/21 0:28","635536.4"
"8/30/21 0:29","581272.933333333"
"8/30/21 0:30","605016.133333333"
"8/30/21 0:31","589634.4"
"8/30/21 0:32","569499.866666667"
"8/30/21 0:33","545857.333333333"
"8/30/21 0:34","638506.4"
"8/30/21 0:35","610040.8"
"8/30/21 0:36","631284.0"
"8/30/21 0:37","642972.266666667"
"8/30/21 0:38","1659496.26666667"
"8/30/21 0:39","1847904.53333333"
"8/30/21 0:40","1715401.86666667"
"8/30/21 0:41","538832.266666667"
"8/30/21 0:42","547079.6"
"8/30/21 0:43","547592.933333333"
"8/30/21 0:44","578355.333333333"
"8/30/21 0:45","1610940.53333333"
"8/30/21 0:46","1292472.66666667"
"8/30/21 0:47","537403.333333333"
"8/30/21 0:48","625433.333333333"
"8/30/21 0:49","575754.266666667"
"8/30/21 0:50","601263.866666667"
"8/30/21 0:51","624580.933333333"
"8/30/21 0:52","752646.8"
"8/30/21 0:53","584075.6"
"8/30/21 0:54","618986.933333333"
"8/30/21 0:55","637140.266666667"
"8/30/21 0:56","760027.6"
"8/30/21 0:57","763603.066666667"
"8/30/21 0:58","547693.066666667"
"8/30/21 0:59","513112.533333333"
"8/30/21 1:00","987746.133333333"
"8/30/21 1:01","1917984.93333333"
"8/30/21 1:02","1725701.73333333"
"8/30/21 1:03","809085.733333333"
"8/30/21 1:04","511332.0"
"8/30/21 1:05","1744205.46666667"
"8/30/21 1:06","685712.4"
"8/30/21 1:07","1648998.4"
"8/30/21 1:08","1325870.8"
"8/30/21 1:09","726526.266666667"
"8/30/21 1:10","701170.0"
"8/30/21 1:11","841843.2"
"8/30/21 1:12","1444229.86666667"
"8/30/21 1:13","1375197.06666667"
"8/30/21 1:14","1770622.8"
"8/30/21 1:15","814576.266666667"
"8/30/21 1:16","579342.0"
"8/30/21 1:17","745720.933333333"
"8/30/21 1:18","703064.266666667"
"8/30/21 1:19","891290.133333333"
"8/30/21 1:20","778234.533333333"
"8/30/21 1:21","673132.0"
"8/30/21 1:22","750160.666666667"
"8/30/21 1:23","640037.466666667"
"8/30/21 1:24","530813.466666667"
"8/30/21 1:25","691440.8"
"8/30/21 1:26","698781.733333333"
"8/30/21 1:27","789849.333333333"
"8/30/21 1:28","811263.6"
"8/30/21 1:29","858667.333333333"
"8/30/21 1:30","870018.933333333"
"8/30/21 1:31","813665.6"
"8/30/21 1:32","552028.266666667"
"8/30/21 1:33","554530.666666667"
"8/30/21 1:34","884888.666666667"
"8/30/21 1:35","589691.333333333"
"8/30/21 1:36","615456.666666667"
"8/30/21 1:37","693389.466666667"
"8/30/21 1:38","1483669.6"
"8/30/21 1:39","1177515.33333333"
"8/30/21 1:40","1506192.13333333"
"8/30/21 1:41","652732.8"
"8/30/21 1:42","821804.266666667"
"8/30/21 1:43","991663.466666667"
"8/30/21 1:44","559108.8"
"8/30/21 1:45","1586182.0"
"8/30/21 1:46","955069.066666667"
"8/30/21 1:47","549745.333333333"
"8/30/21 1:48","553616.533333333"
"8/30/21 1:49","559343.333333333"
"8/30/21 1:50","625911.6"
"8/30/21 1:51","532351.866666667"
"8/30/21 1:52","640201.6"
"8/30/21 1:53","511380.0"
"8/30/21 1:54","536799.333333333"
"8/30/21 1:55","735440.666666667"
"8/30/21 1:56","584848.8"
"8/30/21 1:57","612834.933333333"
"8/30/21 1:58","560760.133333333"
"8/30/21 1:59","581299.466666667"
"8/30/21 2:00","550615.733333333"
"8/30/21 2:01","1737492.0"
"8/30/21 2:02","658498.8"
"8/30/21 2:03","724321.2"
"8/30/21 2:04","544551.466666667"
"8/30/21 2:05","1741163.86666667"
"8/30/21 2:06","661518.4"
"8/30/21 2:07","1701972.13333333"
"8/30/21 2:08","873064.266666667"
"8/30/21 2:09","673798.266666667"
"8/30/21 2:10","585399.6"
"8/30/21 2:11","554391.2"
"8/30/21 2:12","562483.2"
"8/30/21 2:13","610587.866666667"
"8/30/21 2:14","1782642.13333333"
"8/30/21 2:15","626731.466666667"
"8/30/21 2:16","594760.666666667"
"8/30/21 2:17","591306.266666667"
"8/30/21 2:18","591307.866666667"
"8/30/21 2:19","563214.4"
"8/30/21 2:20","554962.4"
"8/30/21 2:21","550430.933333333"
"8/30/21 2:22","526760.933333333"
"8/30/21 2:23","524546.533333333"
"8/30/21 2:24","560632.266666667"
"8/30/21 2:25","554990.4"
"8/30/21 2:26","576278.266666667"
"8/30/21 2:27","677952.0"
"8/30/21 2:28","593687.066666667"
"8/30/21 2:29","727294.533333333"
"8/30/21 2:30","803999.866666667"
"8/30/21 2:31","702703.733333333"
"8/30/21 2:32","604639.466666667"
"8/30/21 2:33","706532.133333333"
"8/30/21 2:34","761915.866666667"
"8/30/21 2:35","600130.666666667"
"8/30/21 2:36","816419.066666667"
"8/30/21 2:37","616407.2"
"8/30/21 2:38","1431606.0"
"8/30/21 2:39","994479.6"
"8/30/21 2:40","593204.133333333"
"8/30/21 2:41","664373.2"
"8/30/21 2:42","660930.666666667"
"8/30/21 2:43","609597.466666667"
"8/30/21 2:44","606555.466666667"
"8/30/21 2:45","1553349.46666667"
"8/30/21 2:46","945669.733333333"
"8/30/21 2:47","703995.733333333"
"8/30/21 2:48","533080.133333333"
"8/30/21 2:49","513985.066666667"
"8/30/21 2:50","587024.666666667"
"8/30/21 2:51","529231.333333333"
"8/30/21 2:52","520708.133333333"
"8/30/21 2:53","704397.466666667"
"8/30/21 2:54","534964.933333333"
"8/30/21 2:55","590514.0"
"8/30/21 2:56","577404.133333333"
"8/30/21 2:57","572997.333333333"
"8/30/21 2:58","518624.533333333"
"8/30/21 2:59","680581.866666667"
"8/30/21 3:00","504998.133333333"
"8/30/21 3:01","1751742.4"
"8/30/21 3:02","655867.733333333"
"8/30/21 3:03","517162.266666667"
"8/30/21 3:04","695934.0"
"8/30/21 3:05","1739065.73333333"
"8/30/21 3:06","825219.333333333"
"8/30/21 3:07","1485997.73333333"
"8/30/21 3:08","1294453.6"
"8/30/21 3:09","572665.466666667"
"8/30/21 3:10","659602.0"
"8/30/21 3:11","533255.733333333"
"8/30/21 3:12","540494.0"
"8/30/21 3:13","636863.466666667"
"8/30/21 3:14","1761701.73333333"
"8/30/21 3:15","553684.666666667"
"8/30/21 3:16","735424.533333333"
"8/30/21 3:17","713674.4"
"8/30/21 3:18","641069.6"
"8/30/21 3:19","712996.0"
"8/30/21 3:20","587118.133333333"
"8/30/21 3:21","587209.733333333"
"8/30/21 3:22","595425.6"
"8/30/21 3:23","707779.6"
"8/30/21 3:24","602006.4"
"8/30/21 3:25","576998.133333333"
"8/30/21 3:26","573911.466666667"
"8/30/21 3:27","584855.333333333"
"8/30/21 3:28","611606.0"
"8/30/21 3:29","796822.8"
"8/30/21 3:30","585749.733333333"
"8/30/21 3:31","527123.2"
"8/30/21 3:32","592498.133333333"
"8/30/21 3:33","638703.733333333"
"8/30/21 3:34","767097.866666667"
"8/30/21 3:35","749290.8"
"8/30/21 3:36","594420.133333333"
"8/30/21 3:37","749258.133333333"
"8/30/21 3:38","558898.666666667"
"8/30/21 3:39","557602.8"
"8/30/21 3:40","665938.4"
"8/30/21 3:41","726550.533333333"
"8/30/21 3:42","564773.866666667"
"8/30/21 3:43","534218.666666667"
"8/30/21 3:44","538415.466666667"
"8/30/21 3:45","557455.733333333"
"8/30/21 3:46","567548.933333333"
"8/30/21 3:47","676536.0"
"8/30/21 3:48","589917.866666667"
"8/30/21 3:49","557504.4"
"8/30/21 3:50","590249.333333333"
"8/30/21 3:51","539227.466666667"
"8/30/21 3:52","587970.8"
"8/30/21 3:53","572641.866666667"
"8/30/21 3:54","1659550.53333333"
"8/30/21 3:55","778166.0"
"8/30/21 3:56","576747.733333333"
"8/30/21 3:57","710996.4"
"8/30/21 3:58","803509.2"
"8/30/21 3:59","2203538.13333333"
"8/30/21 4:00","1363440.13333333"
"8/30/21 4:01","543140.666666667"
"8/30/21 4:02","633936.533333333"
"8/30/21 4:03","584495.733333333"
"8/30/21 4:04","1687150.26666667"
"8/30/21 4:05","793582.8"
"8/30/21 4:06","540064.0"
"8/30/21 4:07","1639976.93333333"
"8/30/21 4:08","694368.933333333"
"8/30/21 4:09","617426.8"
"8/30/21 4:10","523101.066666667"
"8/30/21 4:11","543642.933333333"
"8/30/21 4:12","505662.133333333"
"8/30/21 4:13","529367.733333333"
"8/30/21 4:14","531298.8"
"8/30/21 4:15","546583.6"
"8/30/21 4:16","1721668.93333333"
"8/30/21 4:17","954952.4"
"8/30/21 4:18","1931494.66666667"
"8/30/21 4:19","1291916.53333333"
"8/30/21 4:20","1161912.66666667"
"8/30/21 4:21","634978.133333333"
"8/30/21 4:22","623450.133333333"
"8/30/21 4:23","705253.466666667"
"8/30/21 4:24","625210.933333333"
"8/30/21 4:25","615651.866666667"
"8/30/21 4:26","627086.133333333"
"8/30/21 4:27","636013.066666667"
"8/30/21 4:28","711357.6"
"8/30/21 4:29","741334.133333333"
"8/30/21 4:30","600509.6"
"8/30/21 4:31","622531.2"
"8/30/21 4:32","593368.133333333"
"8/30/21 4:33","803284.4"
"8/30/21 4:34","891488.133333333"
"8/30/21 4:35","680935.466666667"
"8/30/21 4:36","733738.533333333"
"8/30/21 4:37","1587113.73333333"
"8/30/21 4:38","1456506.4"
"8/30/21 4:39","844661.333333333"
"8/30/21 4:40","700370.8"
"8/30/21 4:41","631900.0"
"8/30/21 4:42","588760.4"
"8/30/21 4:43","808322.8"
"8/30/21 4:44","552262.4"
"8/30/21 4:45","1660370.66666667"
"8/30/21 4:46","1053327.6"
"8/30/21 4:47","576750.4"
"8/30/21 4:48","603991.2"
"8/30/21 4:49","685552.133333333"
"8/30/21 4:50","589130.133333333"
"8/30/21 4:51","526429.733333333"
"8/30/21 4:52","529746.4"
"8/30/21 4:53","538865.466666667"
"8/30/21 4:54","656431.866666667"
"8/30/21 4:55","593549.466666667"
"8/30/21 4:56","548894.8"
"8/30/21 4:57","542320.8"
"8/30/21 4:58","549283.333333333"
"8/30/21 4:59","1534336.0"
"8/30/21 5:00","1209925.06666667"
"8/30/21 5:01","535141.733333333"
"8/30/21 5:02","596034.933333333"
"8/30/21 5:03","1005570.0"
"8/30/21 5:04","2256376.53333333"
"8/30/21 5:05","2128034.26666667"
"8/30/21 5:06","2152686.93333333"
"8/30/21 5:07","1935587.6"
"8/30/21 5:08","852301.733333333"
"8/30/21 5:09","760022.0"
"8/30/21 5:10","677421.333333333"
"8/30/21 5:11","700103.066666667"
"8/30/21 5:12","833917.866666667"
"8/30/21 5:13","632957.733333333"
"8/30/21 5:14","796727.333333333"
"8/30/21 5:15","606818.933333333"
"8/30/21 5:16","1770657.46666667"
"8/30/21 5:17","622370.266666667"
"8/30/21 5:18","696117.2"
"8/30/21 5:19","570655.733333333"
"8/30/21 5:20","581053.066666667"
"8/30/21 5:21","544385.733333333"
"8/30/21 5:22","540749.733333333"
"8/30/21 5:23","531949.066666667"
"8/30/21 5:24","723770.133333333"
"8/30/21 5:25","560906.533333333"
"8/30/21 5:26","570988.933333333"
"8/30/21 5:27","539638.266666667"
"8/30/21 5:28","601219.6"
"8/30/21 5:29","554972.133333333"
"8/30/21 5:30","770258.266666667"
"8/30/21 5:31","529402.133333333"
"8/30/21 5:32","527096.533333333"
"8/30/21 5:33","537300.533333333"
"8/30/21 5:34","533539.866666667"
"8/30/21 5:35","871034.0"
"8/30/21 5:36","606204.666666667"
"8/30/21 5:37","1477759.2"
"8/30/21 5:38","982078.8"
"8/30/21 5:39","548477.2"
"8/30/21 5:40","553817.866666667"
"8/30/21 5:41","694373.333333333"
"8/30/21 5:42","562675.066666667"
"8/30/21 5:43","537261.6"
"8/30/21 5:44","553002.0"
"8/30/21 5:45","1296327.86666667"
"8/30/21 5:46","1250989.46666667"
"8/30/21 5:47","733704.533333333"
"8/30/21 5:48","583077.2"
"8/30/21 5:49","570344.666666667"
"8/30/21 5:50","594062.133333333"
"8/30/21 5:51","527708.4"
"8/30/21 5:52","520401.333333333"
"8/30/21 5:53","1242422.4"
"8/30/21 5:54","2040090.13333333"
"8/30/21 5:55","1683516.4"
"8/30/21 5:56","1240486.93333333"
"8/30/21 5:57","494712.4"
"8/30/21 5:58","514904.933333333"
"8/30/21 5:59","1549107.86666667"
"8/30/21 6:00","919995.6"
"8/30/21 6:01","502287.866666667"
"8/30/21 6:02","1201214.93333333"
"8/30/21 6:03","700316.133333333"
"8/30/21 6:04","1753925.33333333"
"8/30/21 6:05","654144.133333333"
"8/30/21 6:06","529403.466666667"
"8/30/21 6:07","1709094.93333333"
"8/30/21 6:08","596640.8"
"8/30/21 6:09","538982.0"
"8/30/21 6:10","574341.6"
"8/30/21 6:11","531206.666666667"
"8/30/21 6:12","785891.2"
"8/30/21 6:13","877298.533333333"
"8/30/21 6:14","603465.866666667"
"8/30/21 6:15","585681.866666667"
"8/30/21 6:16","933515.466666667"
"8/30/21 6:17","1530895.46666667"
"8/30/21 6:18","557789.6"
"8/30/21 6:19","620006.666666667"
"8/30/21 6:20","682222.666666667"
"8/30/21 6:21","533063.6"
"8/30/21 6:22","572637.733333333"
"8/30/21 6:23","557254.666666667"
"8/30/21 6:24","552512.8"
"8/30/21 6:25","589238.4"
"8/30/21 6:26","552043.466666667"
"8/30/21 6:27","517464.0"
"8/30/21 6:28","568583.2"
"8/30/21 6:29","522793.333333333"
"8/30/21 6:30","543673.2"
"8/30/21 6:31","526003.333333333"
"8/30/21 6:32","530466.933333333"
"8/30/21 6:33","538035.2"
"8/30/21 6:34","559001.333333333"
"8/30/21 6:35","727139.6"
"8/30/21 6:36","517132.266666667"
"8/30/21 6:37","1334578.66666667"
"8/30/21 6:38","1081699.06666667"
"8/30/21 6:39","532341.066666667"
"8/30/21 6:40","550743.733333333"
"8/30/21 6:41","551800.533333333"
"8/30/21 6:42","594805.066666667"
"8/30/21 6:43","683286.666666667"
"8/30/21 6:44","575881.466666667"
"8/30/21 6:45","1493199.46666667"
"8/30/21 6:46","1149225.46666667"
"8/30/21 6:47","544752.8"
"8/30/21 6:48","578182.8"
"8/30/21 6:49","548678.266666667"
"8/30/21 6:50","536796.0"
"8/30/21 6:51","538138.4"
"8/30/21 6:52","557672.666666667"
"8/30/21 6:53","557140.4"
"8/30/21 6:54","552045.2"
"8/30/21 6:55","555387.866666667"
"8/30/21 6:56","539626.933333333"
"8/30/21 6:57","643280.0"
"8/30/21 6:58","535703.466666667"
"8/30/21 6:59","1535665.33333333"
"8/30/21 7:00","943170.8"
"8/30/21 7:01","566462.133333333"
"8/30/21 7:02","666868.0"
"8/30/21 7:03","571955.466666667"
"8/30/21 7:04","1475322.26666667"
"8/30/21 7:05","1040269.86666667"
"8/30/21 7:06","639830.8"
"8/30/21 7:07","1749003.06666667"
"8/30/21 7:08","546341.866666667"
"8/30/21 7:09","567650.133333333"
"8/30/21 7:10","565990.933333333"
"8/30/21 7:11","561004.4"
"8/30/21 7:12","617528.666666667"
"8/30/21 7:13","553243.066666667"
"8/30/21 7:14","545391.866666667"
"8/30/21 7:15","526567.733333333"
"8/30/21 7:16","1468191.86666667"
"8/30/21 7:17","931751.866666667"
"8/30/21 7:18","538990.933333333"
"8/30/21 7:19","603632.0"
"8/30/21 7:20","642980.0"
"8/30/21 7:21","569147.466666667"
"8/30/21 7:22","557870.8"
"8/30/21 7:23","540727.066666667"
"8/30/21 7:24","562170.266666667"
"8/30/21 7:25","574768.133333333"
"8/30/21 7:26","587560.933333333"
"8/30/21 7:27","559407.466666667"
"8/30/21 7:28","596098.133333333"
"8/30/21 7:29","582794.4"
"8/30/21 7:30","570471.733333333"
"8/30/21 7:31","545968.0"
"8/30/21 7:32","212342.4"
"8/30/21 7:33","616044.266666667"
"8/30/21 7:34","527158.133333333"
"8/30/21 7:35","553606.133333333"
"8/30/21 7:36","809295.066666667"
"8/30/21 7:37","1490668.53333333"
"8/30/21 7:38","990878.133333333"
"8/30/21 7:39","503560.8"
"8/30/21 7:40","534477.066666667"
"8/30/21 7:41","534879.733333333"
"8/30/21 7:42","548060.8"
"8/30/21 7:43","530579.2"
"8/30/21 7:44","526922.0"
"8/30/21 7:45","1489289.73333333"
"8/30/21 7:46","861891.866666667"
"8/30/21 7:47","504679.466666667"
"8/30/21 7:48","514146.133333333"
"8/30/21 7:49","536337.733333333"
"8/30/21 7:50","514926.666666667"
"8/30/21 7:51","514348.0"
"8/30/21 7:52","511644.8"
"8/30/21 7:53","545888.933333333"
"8/30/21 7:54","522433.066666667"
"8/30/21 7:55","518786.8"
"8/30/21 7:56","533695.466666667"
"8/30/21 7:57","513663.733333333"
"8/30/21 7:58","504230.666666667"
"8/30/21 7:59","856281.333333333"
"8/30/21 8:00","1140867.86666667"
"8/30/21 8:01","917726.533333333"
"8/30/21 8:02","533435.066666667"
"8/30/21 8:03","531117.866666667"
"8/30/21 8:04","1762299.73333333"
"8/30/21 8:05","539079.466666667"
"8/30/21 8:06","848675.6"
"8/30/21 8:07","1784145.2"
"8/30/21 8:08","583812.0"
"8/30/21 8:09","579226.666666667"
"8/30/21 8:10","576338.266666667"
"8/30/21 8:11","566996.133333333"
"8/30/21 8:12","627291.6"
"8/30/21 8:13","563508.0"
"8/30/21 8:14","580983.066666667"
"8/30/21 8:15","538225.733333333"
"8/30/21 8:16","1768173.2"
"8/30/21 8:17","560181.466666667"
"8/30/21 8:18","530067.866666667"
"8/30/21 8:19","599432.4"
"8/30/21 8:20","669083.2"
"8/30/21 8:21","661879.466666667"
"8/30/21 8:22","618385.866666667"
"8/30/21 8:23","580098.266666667"
"8/30/21 8:24","614995.6"
"8/30/21 8:25","595322.8"
"8/30/21 8:26","556424.266666667"
"8/30/21 8:27","526009.866666667"
"8/30/21 8:28","580509.733333333"
"8/30/21 8:29","519075.066666667"
"8/30/21 8:30","667199.2"
"8/30/21 8:31","538104.8"
"8/30/21 8:32","558016.0"
"8/30/21 8:33","564262.666666667"
"8/30/21 8:34","556579.866666667"
"8/30/21 8:35","529172.133333333"
"8/30/21 8:36","735806.533333333"
"8/30/21 8:37","1489031.6"
"8/30/21 8:38","994117.066666667"
"8/30/21 8:39","520634.4"
"8/30/21 8:40","496644.266666667"
"8/30/21 8:41","523716.266666667"
"8/30/21 8:42","605026.933333333"
"8/30/21 8:43","535417.2"
"8/30/21 8:44","540744.666666667"
"8/30/21 8:45","1531752.4"
"8/30/21 8:46","932410.0"
"8/30/21 8:47","660737.466666667"
"8/30/21 8:48","559850.933333333"
"8/30/21 8:49","548199.866666667"
"8/30/21 8:50","531677.866666667"
"8/30/21 8:51","550560.133333333"
"8/30/21 8:52","549918.4"
"8/30/21 8:53","580268.533333333"
"8/30/21 8:54","578953.066666667"
"8/30/21 8:55","545573.866666667"
"8/30/21 8:56","570823.866666667"
"8/30/21 8:57","565682.4"
"8/30/21 8:58","702370.533333333"
"8/30/21 8:59","1651237.06666667"
"8/30/21 9:00","870307.466666667"
"8/30/21 9:01","573725.466666667"
"8/30/21 9:02","567564.666666667"
"8/30/21 9:03","577334.0"
"8/30/21 9:04","1788260.93333333"
"8/30/21 9:05","603935.2"
"8/30/21 9:06","790047.066666667"
"8/30/21 9:07","1811001.06666667"
"8/30/21 9:08","571474.4"
"8/30/21 9:09","614282.933333333"
"8/30/21 9:10","563120.933333333"
"8/30/21 9:11","550305.733333333"
"8/30/21 9:12","602792.0"
"8/30/21 9:13","561714.133333333"
"8/30/21 9:14","538802.8"
"8/30/21 9:15","531740.133333333"
"8/30/21 9:16","1169410.4"
"8/30/21 9:17","1204645.86666667"
"8/30/21 9:18","571455.466666667"
"8/30/21 9:19","608452.133333333"
"8/30/21 9:20","673956.666666667"
"8/30/21 9:21","582887.2"
"8/30/21 9:22","566483.866666667"
"8/30/21 9:23","548871.6"
"8/30/21 9:24","582568.133333333"
"8/30/21 9:25","551899.2"
"8/30/21 9:26","560892.133333333"
"8/30/21 9:27","567327.066666667"
"8/30/21 9:28","551661.333333333"
"8/30/21 9:29","522099.866666667"
"8/30/21 9:30","493638.133333333"
"8/30/21 9:31","544084.533333333"
"8/30/21 9:32","516540.666666667"
"8/30/21 9:33","537537.333333333"
"8/30/21 9:34","537226.933333333"
"8/30/21 9:35","511988.933333333"
"8/30/21 9:36","725129.866666667"
"8/30/21 9:37","1413864.53333333"
"8/30/21 9:38","1009235.06666667"
"8/30/21 9:39","562544.666666667"
"8/30/21 9:40","539072.933333333"
"8/30/21 9:41","535607.466666667"
"8/30/21 9:42","567753.6"
"8/30/21 9:43","492376.8"
"8/30/21 9:44","507151.466666667"
"8/30/21 9:45","1550348.13333333"
"8/30/21 9:46","951741.333333333"
"8/30/21 9:47","593516.533333333"
"8/30/21 9:48","535859.866666667"
"8/30/21 9:49","529323.066666667"
"8/30/21 9:50","712350.266666667"
"8/30/21 9:51","545371.2"
"8/30/21 9:52","533626.666666667"
"8/30/21 9:53","546379.2"
"8/30/21 9:54","517712.266666667"
"8/30/21 9:55","515975.866666667"
"8/30/21 9:56","575447.066666667"
"8/30/21 9:57","680967.066666667"
"8/30/21 9:58","1014349.73333333"
"8/30/21 9:59","1455799.6"
"8/30/21 10:00","1177280.13333333"
"8/30/21 10:01","547936.0"
"8/30/21 10:02","562852.0"
"8/30/21 10:03","613549.866666667"
"8/30/21 10:04","1814012.53333333"
"8/30/21 10:05","598896.933333333"
"8/30/21 10:06","860913.866666667"
"8/30/21 10:07","1787290.8"
"8/30/21 10:08","556334.666666667"
"8/30/21 10:09","520336.533333333"
"8/30/21 10:10","586945.333333333"
"8/30/21 10:11","524920.0"
"8/30/21 10:12","579616.933333333"
"8/30/21 10:13","542295.466666667"
"8/30/21 10:14","571293.733333333"
"8/30/21 10:15","547190.266666667"
"8/30/21 10:16","1847838.93333333"
"8/30/21 10:17","542430.666666667"
"8/30/21 10:18","625175.866666667"
"8/30/21 10:19","633723.066666667"
"8/30/21 10:20","642559.733333333"
"8/30/21 10:21","537395.733333333"
"8/30/21 10:22","552421.2"
"8/30/21 10:23","554707.6"
"8/30/21 10:24","570954.8"
"8/30/21 10:25","500452.266666667"
"8/30/21 10:26","512447.2"
"8/30/21 10:27","487764.933333333"
"8/30/21 10:28","546454.266666667"
"8/30/21 10:29","525160.8"
"8/30/21 10:30","540837.733333333"
"8/30/21 10:31","571079.733333333"
"8/30/21 10:32","536862.933333333"
"8/30/21 10:33","556258.0"
"8/30/21 10:34","563728.933333333"
"8/30/21 10:35","584340.266666667"
"8/30/21 10:36","597266.666666667"
"8/30/21 10:37","840363.733333333"
"8/30/21 10:38","554396.8"
"8/30/21 10:39","376368.8"
"8/30/21 10:40","673061.6"
"8/30/21 10:41","494700.933333333"
"8/30/21 10:42","830716.266666667"
"8/30/21 10:43","963124.533333333"
"8/30/21 10:44","1517286.8"
"8/30/21 10:45","1627211.33333333"
"8/30/21 10:46","1043318.0"
"8/30/21 10:47","565836.933333333"
"8/30/21 10:48","607449.866666667"
"8/30/21 10:49","577444.533333333"
"8/30/21 10:50","482858.533333333"
"8/30/21 10:51","536570.4"
"8/30/21 10:52","702115.2"
"8/30/21 10:53","593604.266666667"
"8/30/21 10:54","215563.6"
"8/30/21 10:55","8160.0"
"8/30/21 10:56","569.733333333333"
"8/30/21 10:57","10754.1333333333"
"8/30/21 10:58","8097.6"
"8/30/21 10:59","2387.46666666667"
"8/30/21 11:00","553.733333333333"
"8/30/21 11:01","44968.8"
"8/30/21 11:02","225723.333333333"
"8/30/21 11:03","1440178.13333333"
"8/30/21 11:04","2054456.66666667"
"8/30/21 11:05","723506.666666667"
"8/30/21 11:06","554116.666666667"
"8/30/21 11:07","1790748.4"
"8/30/21 11:08","813515.6"
"8/30/21 11:09","532204.266666667"
"8/30/21 11:10","511268.133333333"
"8/30/21 11:11","544066.133333333"
"8/30/21 11:12","592958.266666667"
"8/30/21 11:13","537008.933333333"
"8/30/21 11:14","542076.133333333"
"8/30/21 11:15","510017.866666667"
"8/30/21 11:16","588490.266666667"
"8/30/21 11:17","1659608.93333333"
"8/30/21 11:18","529255.2"
"8/30/21 11:19","589675.333333333"
"8/30/21 11:20","624398.4"
"8/30/21 11:21","543679.466666667"
"8/30/21 11:22","517709.2"
"8/30/21 11:23","499772.666666667"
"8/30/21 11:24","519790.933333333"
"8/30/21 11:25","514271.866666667"
"8/30/21 11:26","504439.466666667"
"8/30/21 11:27","501047.733333333"
"8/30/21 11:28","533625.866666667"
"8/30/21 11:29","512976.0"
"8/30/21 11:30","505524.533333333"
"8/30/21 11:31","495309.733333333"
"8/30/21 11:32","497856.8"
"8/30/21 11:33","507666.133333333"
"8/30/21 11:34","595840.533333333"
"8/30/21 11:35","501540.133333333"
"8/30/21 11:36","502724.933333333"
"8/30/21 11:37","1252387.6"
"8/30/21 11:38","1287830.66666667"
"8/30/21 11:39","502565.733333333"
"8/30/21 11:40","535632.133333333"
"8/30/21 11:41","548457.6"
"8/30/21 11:42","559439.333333333"
"8/30/21 11:43","519958.0"
"8/30/21 11:44","511140.533333333"
"8/30/21 11:45","1463959.46666667"
"8/30/21 11:46","931293.466666667"
"8/30/21 11:47","535456.933333333"
"8/30/21 11:48","513930.0"
"8/30/21 11:49","520863.2"
"8/30/21 11:50","516856.0"
"8/30/21 11:51","536766.666666667"
"8/30/21 11:52","637695.2"
"8/30/21 11:53","565147.6"
"8/30/21 11:54","528970.933333333"
"8/30/21 11:55","526785.866666667"
"8/30/21 11:56","599465.466666667"
"8/30/21 11:57","553998.533333333"
"8/30/21 11:58","555263.2"
"8/30/21 11:59","1392636.93333333"
"8/30/21 12:00","1248252.0"
"8/30/21 12:01","586660.533333333"
"8/30/21 12:02","518119.733333333"
"8/30/21 12:03","557463.2"
"8/30/21 12:04","1686332.53333333"
"8/30/21 12:05","619321.466666667"
"8/30/21 12:06","526114.266666667"
"8/30/21 12:07","1780305.6"
"8/30/21 12:08","935779.333333333"
"8/30/21 12:09","1002932.8"
"8/30/21 12:10","902332.533333333"
"8/30/21 12:11","718551.866666667"
"8/30/21 12:12","605225.6"
"8/30/21 12:13","556388.4"
"8/30/21 12:14","659066.0"
"8/30/21 12:15","629196.8"
"8/30/21 12:16","1223119.6"
"8/30/21 12:17","1081726.8"
"8/30/21 12:18","609940.933333333"
"8/30/21 12:19","688502.133333333"
"8/30/21 12:20","710925.066666667"
"8/30/21 12:21","607249.066666667"
"8/30/21 12:22","833722.4"
"8/30/21 12:23","1238307.33333333"
"8/30/21 12:24","1230830.93333333"
"8/30/21 12:25","1172472.4"
"8/30/21 12:26","1202374.26666667"
"8/30/21 12:27","1441557.06666667"
"8/30/21 12:28","1366989.33333333"
"8/30/21 12:29","1398327.2"
"8/30/21 12:30","1406719.06666667"
"8/30/21 12:31","1322024.13333333"
"8/30/21 12:32","1372019.2"
"8/30/21 12:33","1345102.8"
"8/30/21 12:34","1387488.53333333"
"8/30/21 12:35","1435680.4"
"8/30/21 12:36","1497297.33333333"
"8/30/21 12:37","2128988.26666667"
"8/30/21 12:38","2145179.6"
"8/30/21 12:39","1276235.73333333"
"8/30/21 12:40","1487392.66666667"
"8/30/21 12:41","1225396.4"
"8/30/21 12:42","1405910.26666667"
"8/30/21 12:43","1273193.86666667"
"8/30/21 12:44","1192185.73333333"
"8/30/21 12:45","2020962.93333333"
"8/30/21 12:46","1839933.73333333"
"8/30/21 12:47","1346323.46666667"
"8/30/21 12:48","1212087.46666667"
"8/30/21 12:49","1180426.0"
"8/30/21 12:50","1296326.66666667"
"8/30/21 12:51","1223451.73333333"
"8/30/21 12:52","1174473.73333333"
"8/30/21 12:53","1256635.33333333"
"8/30/21 12:54","1157325.86666667"
"8/30/21 12:55","1155021.86666667"
"8/30/21 12:56","1248071.86666667"
"8/30/21 12:57","1179516.4"
"8/30/21 12:58","1210439.6"
"8/30/21 12:59","2011473.73333333"
"8/30/21 13:00","1685192.53333333"
"8/30/21 13:01","1144918.66666667"
"8/30/21 13:02","1227831.33333333"
"8/30/21 13:03","903244.4"
"8/30/21 13:04","2125324.93333333"
"8/30/21 13:05","1679194.4"
"8/30/21 13:06","1189810.8"
"8/30/21 13:07","1920265.2"
"8/30/21 13:08","1691294.53333333"
"8/30/21 13:09","1281351.6"
"8/30/21 13:10","1206331.86666667"
"8/30/21 13:11","1188666.93333333"
"8/30/21 13:12","1343268.8"
"8/30/21 13:13","1184433.2"
"8/30/21 13:14","1193538.66666667"
"8/30/21 13:15","1214405.6"
"8/30/21 13:16","2208936.13333333"
"8/30/21 13:17","2441290.0"
"8/30/21 13:18","1810804.13333333"
"8/30/21 13:19","1417428.4"
"8/30/21 13:20","1341272.53333333"
"8/30/21 13:21","1228803.06666667"
"8/30/21 13:22","1511695.2"
"8/30/21 13:23","1486921.06666667"
"8/30/21 13:24","1406619.46666667"
"8/30/21 13:25","1480455.2"
"8/30/21 13:26","1322650.4"
"8/30/21 13:27","1213270.66666667"
"8/30/21 13:28","1246061.06666667"
"8/30/21 13:29","1178905.73333333"
"8/30/21 13:30","1338006.0"
"8/30/21 13:31","1199790.4"
"8/30/21 13:32","1172956.13333333"
"8/30/21 13:33","1304997.86666667"
"8/30/21 13:34","1200818.93333333"
"8/30/21 13:35","1171663.6"
"8/30/21 13:36","1202074.93333333"
"8/30/21 13:37","1987089.6"
"8/30/21 13:38","1749363.6"
"8/30/21 13:39","1462260.8"
"8/30/21 13:40","1223940.53333333"
"8/30/21 13:41","1346428.0"
"8/30/21 13:42","1405118.13333333"
"8/30/21 13:43","1300918.93333333"
"8/30/21 13:44","1409358.66666667"
"8/30/21 13:45","1914836.0"
"8/30/21 13:46","2355118.4"
"8/30/21 13:47","1303333.86666667"
"8/30/21 13:48","1403898.8"
"8/30/21 13:49","1352372.0"
"8/30/21 13:50","1254656.26666667"
"8/30/21 13:51","1268179.6"
"8/30/21 13:52","1248229.73333333"
"8/30/21 13:53","1254873.46666667"
"8/30/21 13:54","1312611.33333333"
"8/30/21 13:55","1812907.73333333"
"8/30/21 13:56","1283590.93333333"
"8/30/21 13:57","1252922.4"
"8/30/21 13:58","1259092.8"
"8/30/21 13:59","2039991.2"
"8/30/21 14:00","1831959.73333333"
"8/30/21 14:01","1239083.46666667"
"8/30/21 14:02","1252892.53333333"
"8/30/21 14:03","1266293.33333333"
"8/30/21 14:04","1961031.6"
"8/30/21 14:05","1795461.73333333"
"8/30/21 14:06","1246570.53333333"
"8/30/21 14:07","2028131.46666667"
"8/30/21 14:08","1727836.66666667"
"8/30/21 14:09","1443213.2"
"8/30/21 14:10","1275507.06666667"
"8/30/21 14:11","1330266.8"
"8/30/21 14:12","1348909.33333333"
"8/30/21 14:13","1307979.46666667"
"8/30/21 14:14","1310081.86666667"
"8/30/21 14:15","1273669.73333333"
"8/30/21 14:16","1573833.06666667"
"8/30/21 14:17","2135415.06666667"
"8/30/21 14:18","1382544.4"
"8/30/21 14:19","1327534.4"
"8/30/21 14:20","1406221.2"
"8/30/21 14:21","1292315.86666667"
"8/30/21 14:22","1267405.6"
"8/30/21 14:23","1241534.66666667"
"8/30/21 14:24","1230054.4"
"8/30/21 14:25","1227655.06666667"
"8/30/21 14:26","1193314.0"
"8/30/21 14:27","1617598.66666667"
"8/30/21 14:28","1301270.8"
"8/30/21 14:29","1252827.46666667"
"8/30/21 14:30","1280556.26666667"
"8/30/21 14:31","1199300.66666667"
"8/30/21 14:32","1196456.93333333"
"8/30/21 14:33","1646637.2"
"8/30/21 14:34","1824413.86666667"
"8/30/21 14:35","1260737.33333333"
"8/30/21 14:36","1250333.86666667"
"8/30/21 14:37","1926235.33333333"
"8/30/21 14:38","1896834.53333333"
"8/30/21 14:39","1523049.86666667"
"8/30/21 14:40","1280280.4"
"8/30/21 14:41","1188356.26666667"
"8/30/21 14:42","1250970.93333333"
"8/30/21 14:43","1192819.2"
"8/30/21 14:44","1214708.0"
"8/30/21 14:45","2041861.86666667"
"8/30/21 14:46","2038776.4"
"8/30/21 14:47","1911521.33333333"
"8/30/21 14:48","1352736.0"
"8/30/21 14:49","1613797.86666667"
"8/30/21 14:50","1326086.0"
"8/30/21 14:51","1248238.0"
"8/30/21 14:52","1295653.46666667"
"8/30/21 14:53","1269751.33333333"
"8/30/21 14:54","1252409.33333333"
"8/30/21 14:55","1231581.46666667"
"8/30/21 14:56","1221316.53333333"
"8/30/21 14:57","1243166.8"
"8/30/21 14:58","1281481.06666667"
"8/30/21 14:59","2062672.93333333"
"8/30/21 15:00","1691285.33333333"
"8/30/21 15:01","1156255.86666667"
"8/30/21 15:02","1165354.4"
"8/30/21 15:03","1149517.86666667"
"8/30/21 15:04","2000543.6"
"8/30/21 15:05","1517399.86666667"
"8/30/21 15:06","1153814.0"
"8/30/21 15:07","2104030.66666667"
"8/30/21 15:08","1455721.2"
"8/30/21 15:09","1329869.6"
"8/30/21 15:10","1163658.13333333"
"8/30/21 15:11","1172321.33333333"
"8/30/21 15:12","1214440.53333333"
"8/30/21 15:13","1187991.33333333"
"8/30/21 15:14","1215463.6"
"8/30/21 15:15","1199944.0"
"8/30/21 15:16","2122687.6"
"8/30/21 15:17","1482047.46666667"
"8/30/21 15:18","1199664.26666667"
"8/30/21 15:19","1247905.73333333"
"8/30/21 15:20","1313537.86666667"
"8/30/21 15:21","1254420.26666667"
"8/30/21 15:22","1246361.33333333"
"8/30/21 15:23","1222971.6"
"8/30/21 15:24","1175475.6"
"8/30/21 15:25","1210109.46666667"
"8/30/21 15:26","1243900.66666667"
"8/30/21 15:27","1171271.6"
"8/30/21 15:28","1312815.86666667"
"8/30/21 15:29","1380570.8"
"8/30/21 15:30","1460731.46666667"
"8/30/21 15:31","1442062.26666667"
"8/30/21 15:32","1980959.6"
"8/30/21 15:33","2398511.2"
"8/30/21 15:34","1863908.0"
"8/30/21 15:35","1224543.06666667"
"8/30/21 15:36","1222598.93333333"
"8/30/21 15:37","1980541.73333333"
"8/30/21 15:38","1786363.2"
"8/30/21 15:39","1364572.8"
"8/30/21 15:40","1417813.6"
"8/30/21 15:41","1388632.26666667"
"8/30/21 15:42","1274906.66666667"
"8/30/21 15:43","1263364.13333333"
"8/30/21 15:44","1272806.66666667"
"8/30/21 15:45","2039848.13333333"
"8/30/21 15:46","1880389.73333333"
"8/30/21 15:47","1458838.13333333"
"8/30/21 15:48","2202266.53333333"
"8/30/21 15:49","2065338.66666667"
"8/30/21 15:50","2390651.2"
"8/30/21 15:51","2369313.86666667"
"8/30/21 15:52","2283551.33333333"
"8/30/21 15:53","1686046.13333333"
"8/30/21 15:54","1389502.8"
"8/30/21 15:55","1331954.13333333"
"8/30/21 15:56","1276051.86666667"
"8/30/21 15:57","1338045.46666667"
"8/30/21 15:58","1225915.33333333"
"8/30/21 15:59","1964970.8"
"8/30/21 16:00","1825561.73333333"
"8/30/21 16:01","1261602.8"
"8/30/21 16:02","1705994.13333333"
"8/30/21 16:03","2398153.73333333"
"8/30/21 16:04","2355020.0"
"8/30/21 16:05","2348728.0"
"8/30/21 16:06","1333983.46666667"
"8/30/21 16:07","2126930.66666667"
"8/30/21 16:08","1715940.53333333"
"8/30/21 16:09","1277379.06666667"
"8/30/21 16:10","2039066.13333333"
"8/30/21 16:11","2448153.86666667"
"8/30/21 16:12","2362804.26666667"
"8/30/21 16:13","1540614.66666667"
"8/30/21 16:14","1839683.86666667"
"8/30/21 16:15","1215261.86666667"
"8/30/21 16:16","1233294.66666667"
"8/30/21 16:17","2438007.2"
"8/30/21 16:18","1749343.33333333"
"8/30/21 16:19","2519711.06666667"
"8/30/21 16:20","2444191.86666667"
"8/30/21 16:21","2526986.66666667"
"8/30/21 16:22","1408391.2"
"8/30/21 16:23","1321362.8"
"8/30/21 16:24","1264965.06666667"
"8/30/21 16:25","1319010.0"
"8/30/21 16:26","1239808.26666667"
"8/30/21 16:27","1246360.53333333"
"8/30/21 16:28","1317800.8"
"8/30/21 16:29","1246231.06666667"
"8/30/21 16:30","1266553.6"
"8/30/21 16:31","1300783.46666667"
"8/30/21 16:32","1349630.26666667"
"8/30/21 16:33","1230762.93333333"
"8/30/21 16:34","1213664.26666667"
"8/30/21 16:35","1218427.86666667"
"8/30/21 16:36","1242008.26666667"
"8/30/21 16:37","1960754.8"
"8/30/21 16:38","1778897.73333333"
"8/30/21 16:39","1198059.33333333"
"8/30/21 16:40","1428584.66666667"
"8/30/21 16:41","1184565.86666667"
"8/30/21 16:42","1366410.13333333"
"8/30/21 16:43","1206190.66666667"
"8/30/21 16:44","1193571.6"
"8/30/21 16:45","2030814.26666667"
"8/30/21 16:46","1743249.46666667"
"8/30/21 16:47","1187491.6"
"8/30/21 16:48","1221809.2"
"8/30/21 16:49","1237131.06666667"
"8/30/21 16:50","1222184.8"
"8/30/21 16:51","1308151.2"
"8/30/21 16:52","1869431.06666667"
"8/30/21 16:53","1200830.26666667"
"8/30/21 16:54","1187075.33333333"
"8/30/21 16:55","1200085.46666667"
"8/30/21 16:56","1812963.86666667"
"8/30/21 16:57","1655568.8"
"8/30/21 16:58","1676394.26666667"
"8/30/21 16:59","2355331.86666667"
"8/30/21 17:00","2176158.53333333"
"8/30/21 17:01","1285945.33333333"
"8/30/21 17:02","2030390.13333333"
"8/30/21 17:03","2490522.26666667"
"8/30/21 17:04","1848776.26666667"
"8/30/21 17:05","2252432.0"
"8/30/21 17:06","2574697.06666667"
"8/30/21 17:07","2512449.6"
"8/30/21 17:08","2557530.66666667"
"8/30/21 17:09","2086909.6"
"8/30/21 17:10","1488270.0"
"8/30/21 17:11","1670383.73333333"
"8/30/21 17:12","1357762.4"
"8/30/21 17:13","1277793.86666667"
"8/30/21 17:14","2059480.8"
"8/30/21 17:15","2199298.13333333"
"8/30/21 17:16","2512949.46666667"
"8/30/21 17:17","2257358.4"
"8/30/21 17:18","2297673.06666667"
"8/30/21 17:19","1971511.86666667"
"8/30/21 17:20","1308737.33333333"
"8/30/21 17:21","1242764.26666667"
"8/30/21 17:22","1396921.46666667"
"8/30/21 17:23","1429005.73333333"
"8/30/21 17:24","1331183.2"
"8/30/21 17:25","1334113.86666667"
"8/30/21 17:26","984552.533333333"
"8/30/21 17:27","9182.8"
"8/30/21 17:28","1340299.06666667"
"8/30/21 17:29","2258479.33333333"
"8/30/21 17:30","1630369.46666667"
"8/30/21 17:31","1648360.66666667"
"8/30/21 17:32","1000004.13333333"
"8/30/21 17:33","274026.533333333"
"8/30/21 17:34","1903898.66666667"
"8/30/21 17:35","2171089.86666667"
"8/30/21 17:36","1864978.26666667"
"8/30/21 17:37","2271124.8"
"8/30/21 17:38","2372562.8"
"8/30/21 17:39","1511174.13333333"
"8/30/21 17:40","1637526.13333333"
"8/30/21 17:41","1396021.73333333"
"8/30/21 17:42","1562869.6"
"8/30/21 17:43","1456242.4"
"8/30/21 17:44","1343399.6"
"8/30/21 17:45","2185538.0"
"8/30/21 17:46","1878560.66666667"
"8/30/21 17:47","1249934.66666667"
"8/30/21 17:48","1254864.93333333"
"8/30/21 17:49","1207377.33333333"
"8/30/21 17:50","1228286.0"
"8/30/21 17:51","1198605.2"
"8/30/21 17:52","1175239.2"
"8/30/21 17:53","1144842.0"
"8/30/21 17:54","1165068.93333333"
"8/30/21 17:55","1078217.06666667"
"8/30/21 17:56","1209593.2"
"8/30/21 17:57","1321086.4"
"8/30/21 17:58","1103857.73333333"
"8/30/21 17:59","1295920.0"
"8/30/21 18:00","1131258.4"
"8/30/21 18:01","1121660.4"
"8/30/21 18:02","1073005.73333333"
"8/30/21 18:03","1077677.06666667"
"8/30/21 18:04","1052022.26666667"
"8/30/21 18:05","1077854.4"
"8/30/21 18:06","1080280.13333333"
"8/30/21 18:07","1101923.6"
"8/30/21 18:08","1146443.73333333"
"8/30/21 18:09","1139008.13333333"
"8/30/21 18:10","1160898.66666667"
"8/30/21 18:11","1140524.8"
"8/30/21 18:12","1147524.8"
"8/30/21 18:13","1144354.4"
"8/30/21 18:14","1116255.06666667"
"8/30/21 18:15","1201408.26666667"
"8/30/21 18:16","1135344.93333333"
"8/30/21 18:17","1113135.2"
"8/30/21 18:18","1139162.4"
"8/30/21 18:19","1118485.2"
"8/30/21 18:20","1111469.33333333"
"8/30/21 18:21","304498.0"
"8/30/21 18:22","679426.133333333"
"8/30/21 18:23","1116485.46666667"
"8/30/21 18:24","1098759.33333333"
"8/30/21 18:25","1100583.86666667"
"8/30/21 18:26","1068754.8"
"8/30/21 18:27","1074726.0"
"8/30/21 18:28","1056999.2"
"8/30/21 18:29","1069884.66666667"
"8/30/21 18:30","1085107.06666667"
"8/30/21 18:31","1085860.0"
"8/30/21 18:32","1092983.2"
"8/30/21 18:33","1122772.0"
"8/30/21 18:34","1104749.46666667"
"8/30/21 18:35","1158961.73333333"
"8/30/21 18:36","1536104.66666667"
"8/30/21 18:37","1116715.86666667"
"8/30/21 18:38","1268631.2"
"8/30/21 18:39","1238438.13333333"
"8/30/21 18:40","1180706.53333333"
"8/30/21 18:41","1173799.33333333"
"8/30/21 18:42","1194789.6"
"8/30/21 18:43","1149836.8"
"8/30/21 18:44","1162080.93333333"
"8/30/21 18:45","1136689.6"
"8/30/21 18:46","1152475.2"
"8/30/21 18:47","1143406.8"
"8/30/21 18:48","1110524.93333333"
"8/30/21 18:49","1108819.33333333"
"8/30/21 18:50","1105811.86666667"
"8/30/21 18:51","679344.666666667"
"8/30/21 18:52","457.733333333333"
"8/30/21 18:53","433.2"
"8/30/21 18:54","464.0"
"8/30/21 18:55","457.733333333333"
"8/30/21 18:56","457.2"
"8/30/21 18:57","457.733333333333"
"8/30/21 18:58","457.733333333333"
"8/30/21 18:59","457.733333333333"
"8/30/21 19:00","457.733333333333"
"8/30/21 19:01","445.2"
"8/30/21 19:02","457.733333333333"
"8/30/21 19:03","445.2"
"8/30/21 19:04","469.733333333333"
"8/30/21 19:05","469.733333333333"
"8/30/21 19:06","451.466666666667"
"8/30/21 19:07","445.2"
"8/30/21 19:08","457.733333333333"
"8/30/21 19:09","445.733333333333"
"8/30/21 19:10","445.733333333333"
"8/30/21 19:11","445.2"
"8/30/21 19:12","445.2"
"8/30/21 19:13","445.2"
"8/30/21 19:14","457.733333333333"
"8/30/21 19:15","457.733333333333"
"8/30/21 19:16","464.0"
"8/30/21 19:17","457.733333333333"
"8/30/21 19:18","445.733333333333"
"8/30/21 19:19","445.2"
"8/30/21 19:20","469.733333333333"
"8/30/21 19:21","445.733333333333"
"8/30/21 19:22","457.733333333333"
"8/30/21 19:23","457.733333333333"
"8/30/21 19:24","464.0"
"8/30/21 19:25","457.733333333333"
"8/30/21 19:26","457.733333333333"
"8/30/21 19:27","433.2"
"8/30/21 19:28","457.733333333333"
"8/30/21 19:29","445.2"
"8/30/21 19:30","445.733333333333"
"8/30/21 19:31","457.733333333333"
"8/30/21 19:32","457.733333333333"
"8/30/21 19:33","464.0"
"8/30/21 19:34","457.2"
"8/30/21 19:35","445.733333333333"
"8/30/21 19:36","445.2"
"8/30/21 19:37","457.733333333333"
"8/30/21 19:38","457.733333333333"
"8/30/21 19:39","439.466666666667"
"8/30/21 19:40","457.733333333333"
"8/30/21 19:41","457.733333333333"
"8/30/21 19:42","457.733333333333"
"8/30/21 19:43","457.733333333333"
"8/30/21 19:44","445.733333333333"
"8/30/21 19:45","457.733333333333"
"8/30/21 19:46","445.733333333333"
"8/30/21 19:47","464.0"
"8/30/21 19:48","445.2"
"8/30/21 19:49","433.2"
"8/30/21 19:50","457.733333333333"
"8/30/21 19:51","457.733333333333"
"8/30/21 19:52","445.733333333333"
"8/30/21 19:53","457.733333333333"
"8/30/21 19:54","457.733333333333"
"8/30/21 19:55","457.733333333333"
"8/30/21 19:56","457.2"
"8/30/21 19:57","439.466666666667"
"8/30/21 19:58","457.733333333333"
"8/30/21 19:59","445.2"
"8/30/21 20:00","445.733333333333"
"8/30/21 20:01","457.733333333333"
"8/30/21 20:02","469.733333333333"
"8/30/21 20:03","439.466666666667"
"8/30/21 20:04","469.733333333333"
"8/30/21 20:05","445.733333333333"
"8/30/21 20:06","457.733333333333"
"8/30/21 20:07","457.2"
"8/30/21 20:08","451.466666666667"
"8/30/21 20:09","457.733333333333"
"8/30/21 20:10","457.733333333333"
"8/30/21 20:11","445.2"
"8/30/21 20:12","445.2"
"8/30/21 20:13","457.733333333333"
"8/30/21 20:14","464.0"
"8/30/21 20:15","457.733333333333"
"8/30/21 20:16","445.2"
"8/30/21 20:17","457.733333333333"
"8/30/21 20:18","457.733333333333"
"8/30/21 20:19","445.2"
"8/30/21 20:20","451.466666666667"
"8/30/21 20:21","457.733333333333"
"8/30/21 20:22","457.733333333333"
"8/30/21 20:23","457.733333333333"
"8/30/21 20:24","433.2"
"8/30/21 20:25","457.733333333333"
"8/30/21 20:26","457.733333333333"
"8/30/21 20:27","445.2"
"8/30/21 20:28","464.0"
"8/30/21 20:29","458.266666666667"
"8/30/21 20:30","445.2"
"8/30/21 20:31","457.733333333333"
"8/30/21 20:32","469.733333333333"
"8/30/21 20:33","433.2"
"8/30/21 20:34","457.733333333333"
"8/30/21 20:35","445.733333333333"
"8/30/21 20:36","445.2"
"8/30/21 20:37","463.466666666667"
"8/30/21 20:38","470.266666666667"
"8/30/21 20:39","445.733333333333"
"8/30/21 20:40","457.733333333333"
"8/30/21 20:41","433.2"
"8/30/21 20:42","457.733333333333"
"8/30/21 20:43","457.733333333333"
"8/30/21 20:44","451.466666666667"
"8/30/21 20:45","457.733333333333"
"8/30/21 20:46","457.733333333333"
"8/30/21 20:47","457.733333333333"
"8/30/21 20:48","445.2"
"8/30/21 20:49","457.733333333333"
"8/30/21 20:50","457.733333333333"
"8/30/21 20:51","464.0"
"8/30/21 20:52","445.2"
"8/30/21 20:53","457.733333333333"
"8/30/21 20:54","445.2"
"8/30/21 20:55","445.733333333333"
"8/30/21 20:56","445.733333333333"
"8/30/21 20:57","476.0"
"8/30/21 20:58","445.2"
"8/30/21 20:59","457.733333333333"
"8/30/21 21:00","445.2"
"8/30/21 21:01","457.733333333333"
"8/30/21 21:02","445.733333333333"
"8/30/21 21:03","457.733333333333"
"8/30/21 21:04","451.466666666667"
"8/30/21 21:05","457.733333333333"
"8/30/21 21:06","445.733333333333"
"8/30/21 21:07","457.733333333333"
"8/30/21 21:08","445.733333333333"
"8/30/21 21:09","445.2"
"8/30/21 21:10","464.0"
"8/30/21 21:11","457.733333333333"
"8/30/21 21:12","457.733333333333"
"8/30/21 21:13","457.733333333333"
"8/30/21 21:14","464.0"
"8/30/21 21:15","433.2"
"8/30/21 21:16","457.733333333333"
"8/30/21 21:17","470.266666666667"
"8/30/21 21:18","457.733333333333"
"8/30/21 21:19","445.2"
"8/30/21 21:20","451.466666666667"
"8/30/21 21:21","457.733333333333"
"8/30/21 21:22","457.733333333333"
"8/30/21 21:23","445.2"
"8/30/21 21:24","445.733333333333"
"8/30/21 21:25","445.2"
"8/30/21 21:26","457.733333333333"
"8/30/21 21:27","433.2"
"8/30/21 21:28","464.0"
"8/30/21 21:29","445.2"
"8/30/21 21:30","457.733333333333"
"8/30/21 21:31","445.2"
"8/30/21 21:32","445.733333333333"
"8/30/21 21:33","457.733333333333"
"8/30/21 21:34","457.733333333333"
"8/30/21 21:35","439.466666666667"
"8/30/21 21:36","445.733333333333"
"8/30/21 21:37","445.2"
"8/30/21 21:38","470.266666666667"
"8/30/21 21:39","457.733333333333"
"8/30/21 21:40","445.2"
"8/30/21 21:41","457.733333333333"
"8/30/21 21:42","440.0"
"8/30/21 21:43","445.2"
"8/30/21 21:44","457.733333333333"
"8/30/21 21:45","469.733333333333"
"8/30/21 21:46","445.2"
"8/30/21 21:47","445.733333333333"
"8/30/21 21:48","457.2"
"8/30/21 21:49","457.733333333333"
"8/30/21 21:50","457.733333333333"
"8/30/21 21:51","439.466666666667"
"8/30/21 21:52","457.733333333333"
"8/30/21 21:53","457.2"
"8/30/21 21:54","457.733333333333"
"8/30/21 21:55","457.733333333333"
"8/30/21 21:56","463.466666666667"
"8/30/21 21:57","445.733333333333"
"8/30/21 21:58","445.2"
"8/30/21 21:59","457.733333333333"
"8/30/21 22:00","433.2"
"8/30/21 22:01","457.733333333333"
"8/30/21 22:02","488.533333333333"
"8/30/21 22:03","445.2"
"8/30/21 22:04","457.733333333333"
"8/30/21 22:05","457.733333333333"
"8/30/21 22:06","433.2"
"8/30/21 22:07","457.733333333333"
"8/30/21 22:08","445.2"
"8/30/21 22:09","457.733333333333"
"8/30/21 22:10","452.0"
"8/30/21 22:11","457.2"
"8/30/21 22:12","445.733333333333"
"8/30/21 22:13","457.733333333333"
"8/30/21 22:14","457.733333333333"
"8/30/21 22:15","457.733333333333"
"8/30/21 22:16","445.733333333333"
"8/30/21 22:17","445.2"
"8/30/21 22:18","464.0"
"8/30/21 22:19","445.2"
"8/30/21 22:20","470.266666666667"
"8/30/21 22:21","445.2"
"8/30/21 22:22","457.733333333333"
"8/30/21 22:23","451.466666666667"
"8/30/21 22:24","457.733333333333"
"8/30/21 22:25","445.2"
"8/30/21 22:26","445.733333333333"
"8/30/21 22:27","457.733333333333"
"8/30/21 22:28","445.2"
"8/30/21 22:29","445.733333333333"
"8/30/21 22:30","451.466666666667"
"8/30/21 22:31","457.733333333333"
"8/30/21 22:32","445.733333333333"
"8/30/21 22:33","445.2"
"8/30/21 22:34","457.733333333333"
"8/30/21 22:35","457.733333333333"
"8/30/21 22:36","457.733333333333"
"8/30/21 22:37","445.733333333333"
"8/30/21 22:38","457.733333333333"
"8/30/21 22:39","476.0"
"8/30/21 22:40","457.733333333333"
"8/30/21 22:41","445.2"
"8/30/21 22:42","445.733333333333"
"8/30/21 22:43","452.0"
"8/30/21 22:44","457.733333333333"
"8/30/21 22:45","445.2"
"8/30/21 22:46","445.733333333333"
"8/30/21 22:47","457.733333333333"
"8/30/21 22:48","451.466666666667"
"8/30/21 22:49","457.733333333333"
"8/30/21 22:50","445.733333333333"
"8/30/21 22:51","469.733333333333"
"8/30/21 22:52","433.2"
"8/30/21 22:53","457.2"
"8/30/21 22:54","451.466666666667"
"8/30/21 22:55","457.733333333333"
"8/30/21 22:56","457.733333333333"
"8/30/21 22:57","457.733333333333"
"8/30/21 22:58","445.733333333333"
"8/30/21 22:59","445.2"
"8/30/21 23:00","445.2"
"8/30/21 23:01","470.266666666667"
"8/30/21 23:02","457.733333333333"
"8/30/21 23:03","439.466666666667"
"8/30/21 23:04","457.733333333333"
"8/30/21 23:05","445.2"
"8/30/21 23:06","457.733333333333"
"8/30/21 23:07","445.733333333333"
"8/30/21 23:08","445.2"
"8/30/21 23:09","457.733333333333"
"8/30/21 23:10","464.0"
"8/30/21 23:11","445.733333333333"
"8/30/21 23:12","469.733333333333"
"8/30/21 23:13","433.2"
"8/30/21 23:14","457.733333333333"
"8/30/21 23:15","457.733333333333"
"8/30/21 23:16","445.2"
"8/30/21 23:17","457.733333333333"
"8/30/21 23:18","445.733333333333"
"8/30/21 23:19","451.466666666667"
"8/30/21 23:20","457.733333333333"
"8/30/21 23:21","457.733333333333"
"8/30/21 23:22","445.733333333333"
"8/30/21 23:23","445.2"
"8/30/21 23:24","464.0"
"8/30/21 23:25","470.266666666667"
"8/30/21 23:26","445.2"
"8/30/21 23:27","445.733333333333"
"8/30/21 23:28","445.733333333333"
"8/30/21 23:29","445.733333333333"
"8/30/21 23:30","445.2"
"8/30/21 23:31","476.0"
"8/30/21 23:32","445.733333333333"
"8/30/21 23:33","445.2"
"8/30/21 23:34","457.733333333333"
"8/30/21 23:35","457.733333333333"
"8/30/21 23:36","457.733333333333"
"8/30/21 23:37","445.2"
"8/30/21 23:38","457.733333333333"
"8/30/21 23:39","451.466666666667"
"8/30/21 23:40","445.733333333333"
"8/30/21 23:41","457.733333333333"
"8/30/21 23:42","457.733333333333"
"8/30/21 23:43","457.733333333333"
"8/30/21 23:44","457.733333333333"
"8/30/21 23:45","445.2"




